type,label,original_text,processed_text
spam,1,এই মেসেজটি শেয়ার করুন এবং জিতে নিন আকর্ষণীয় পুরস্কার!,এই মেসেজটি শেয়ার করুন এবং জিতে নিন আকর্ষণীয় পুরস্কার!
spam,1,আপনার বন্ধুদের রেফার করুন এবং প্রতি রেফারেলে ২০০ টাকা জিতুন!,আপনার বন্ধুদের রেফার করুন এবং প্রতি রেফারেলে <MONEY> জিতুন!
ham,0,ট্রানজ্যাকশন নম্বর R234321.1554.640085 20 টাকা রিচার্জটি সফল হয়েছে। আপনার বর্তমান ব্যালেন্স 220.01 টাকা। নতুন মেয়াদ 11/03/24পর্যন্ত,ট্রানজ্যাকশন নম্বর R234321. <NUMBER> <MONEY> রিচার্জটি সফল হয়েছে। আপনার বর্তমান ব্যালেন্স <MONEY> । নতুন মেয়াদ <NUMBER> / <NUMBER> /24পর্যন্ত
spam,1,নতুন অফার! সীমিত সময়ের জন্য পণ্যের উপর ৯০% পর্যন্ত ছাড়!,নতুন অফার! সীমিত সময়ের জন্য পণ্যের উপর <NUMBER> % পর্যন্ত ছাড়!
ham,0,নববর্ষের শুভেচ্ছা!! আল্লাহ আপনার সকল কষ্ট দূর করে আপনার জীবনকে আলোকিত করুন।,নববর্ষের শুভেচ্ছা!! আল্লাহ আপনার সকল কষ্ট দূর করে আপনার জীবনকে আলোকিত করুন।
spam,1,আপনার ইমেইল যাচাই করুন এবং ২০০০ টাকা বোনাস জিতুন!,আপনার ইমেইল যাচাই করুন এবং <MONEY> বোনাস জিতুন!
spam,1,নতুন গ্যাজেট কিনুন এবং ১০% ক্যাশব্যাক পান!,নতুন গ্যাজেট কিনুন এবং <NUMBER> % ক্যাশব্যাক পান!
spam,1,আপনার মোবাইল রিচার্জ করুন এবং ১৫% ক্যাশব্যাক পান!,আপনার মোবাইল রিচার্জ করুন এবং <NUMBER> % ক্যাশব্যাক পান!
spam,1,বিশেষ ছাড়! সব পণ্যের উপর ৯৫% পর্যন্ত ডিসকাউন্ট!,বিশেষ ছাড়! সব পণ্যের উপর <NUMBER> % পর্যন্ত ডিসকাউন্ট!
spam,1,আজই ক্লিক করুন এবং ৫০০০ টাকা জিতুন!,আজই ক্লিক করুন এবং <MONEY> জিতুন!
spam,1,আপনার মোবাইল নম্বর দিন এবং আকর্ষণীয় পুরস্কার জিতুন!,আপনার মোবাইল নম্বর দিন এবং আকর্ষণীয় পুরস্কার জিতুন!
spam,1,বিশেষ ছাড়! সীমিত সময়ের জন্য ৮০% পর্যন্ত ডিসকাউন্ট!,বিশেষ ছাড়! সীমিত সময়ের জন্য <NUMBER> % পর্যন্ত ডিসকাউন্ট!
spam,1,আপনার বন্ধুদের রেফার করুন এবং প্রতি রেফারেলে ৩০০ টাকা জিতুন!,আপনার বন্ধুদের রেফার করুন এবং প্রতি রেফারেলে <MONEY> জিতুন!
spam,1,আজই সাইন আপ করুন এবং ৩০০০ টাকা বোনাস পান!,আজই সাইন আপ করুন এবং <MONEY> বোনাস পান!
spam,1,বিশেষ অফার! ৭০% পর্যন্ত ছাড়!,বিশেষ অফার! <NUMBER> % পর্যন্ত ছাড়!
spam,1,আপনার মোবাইল রিচার্জ করুন এবং ২০% ক্যাশব্যাক পান!,আপনার মোবাইল রিচার্জ করুন এবং <NUMBER> % ক্যাশব্যাক পান!
spam,1,"নতুন গ্রাহকদের জন্য বিশেষ অফার, এখনই উপভোগ করুন!","নতুন গ্রাহকদের জন্য বিশেষ অফার, এখনই উপভোগ করুন!"
spam,1,মোবাইল অ্যাপ ডাউনলোড করুন এবং ১০০০ টাকা বোনাস পান!,মোবাইল অ্যাপ ডাউনলোড করুন এবং <MONEY> বোনাস পান!
spam,1,প্রতিদিন ৫০০ টাকা জিততে চান? এখনই অংশগ্রহণ করুন!,প্রতিদিন <MONEY> জিততে চান? এখনই অংশগ্রহণ করুন!
spam,1,বিশেষ ছাড়! ৪৮ ঘন্টার মধ্যে অর্ডার করুন এবং ২৫% ডিসকাউন্ট পান!,বিশেষ ছাড়! <NUMBER> ঘন্টার মধ্যে অর্ডার করুন এবং <NUMBER> % ডিসকাউন্ট পান!
spam,1,আপনার ইমেইল যাচাই করুন এবং ৫০০ টাকা বোনাস জিতুন!,আপনার ইমেইল যাচাই করুন এবং <MONEY> বোনাস জিতুন!
spam,1,নতুন গ্যাজেট কিনুন এবং ২০% ক্যাশব্যাক পান!,নতুন গ্যাজেট কিনুন এবং <NUMBER> % ক্যাশব্যাক পান!
spam,1,আপনার মোবাইল রিচার্জ করুন এবং ২৫% ক্যাশব্যাক পান!,আপনার মোবাইল রিচার্জ করুন এবং <NUMBER> % ক্যাশব্যাক পান!
spam,1,বিশেষ ছাড়! সব পণ্যের উপর ৮৫% পর্যন্ত ডিসকাউন্ট!,বিশেষ ছাড়! সব পণ্যের উপর <NUMBER> % পর্যন্ত ডিসকাউন্ট!
spam,1,আজই ক্লিক করুন এবং ১০০০০ টাকা জিতুন!,আজই ক্লিক করুন এবং <MONEY> জিতুন!
spam,1,বিশেষ ছাড়! সীমিত সময়ের জন্য ৭০% পর্যন্ত ডিসকাউন্ট!,বিশেষ ছাড়! সীমিত সময়ের জন্য <NUMBER> % পর্যন্ত ডিসকাউন্ট!
spam,1,আপনার বন্ধুদের রেফার করুন এবং প্রতি রেফারেলে ৪০০ টাকা জিতুন!,আপনার বন্ধুদের রেফার করুন এবং প্রতি রেফারেলে <MONEY> জিতুন!
spam,1,নতুন অফার! মাত্র ১৯৯ টাকায় পান ১ বছরের সাবস্ক্রিপশন!,নতুন অফার! মাত্র <MONEY> য় পান <NUMBER> বছরের সাবস্ক্রিপশন!
spam,1,আজই সাইন আপ করুন এবং ৪০০০ টাকা বোনাস পান!,আজই সাইন আপ করুন এবং <MONEY> বোনাস পান!
spam,1,বিশেষ অফার! ৬০% পর্যন্ত ছাড়!,বিশেষ অফার! <NUMBER> % পর্যন্ত ছাড়!
spam,1,আপনার মোবাইল রিচার্জ করুন এবং ৩০% ক্যাশব্যাক পান!,আপনার মোবাইল রিচার্জ করুন এবং <NUMBER> % ক্যাশব্যাক পান!
spam,1,মোবাইল অ্যাপ ডাউনলোড করুন এবং ১৫০০ টাকা বোনাস পান!,মোবাইল অ্যাপ ডাউনলোড করুন এবং <MONEY> বোনাস পান!
spam,1,বিশেষ ছাড়! সব পণ্যের উপর ৮০% পর্যন্ত ডিসকাউন্ট!,বিশেষ ছাড়! সব পণ্যের উপর <NUMBER> % পর্যন্ত ডিসকাউন্ট!
spam,1,প্রতিদিন ৭০০ টাকা জিততে চান? এখনই অংশগ্রহণ করুন!,প্রতিদিন <MONEY> জিততে চান? এখনই অংশগ্রহণ করুন!
spam,1,আজই অংশগ্রহণ করুন এবং ৫০০০০ টাকা জেতার সুযোগ পান!,আজই অংশগ্রহণ করুন এবং <MONEY> জেতার সুযোগ পান!
spam,1,বিশেষ অফার! সব ইলেকট্রনিক্সের উপর ৫০% ছাড়!,বিশেষ অফার! সব ইলেকট্রনিক্সের উপর <NUMBER> % ছাড়!
spam,1,আপনার বন্ধুদের রেফার করুন এবং প্রতিটি রেফারেলে ৫০০ টাকা জিতুন!,আপনার বন্ধুদের রেফার করুন এবং প্রতিটি রেফারেলে <MONEY> জিতুন!
spam,1,নতুন অফার! মাত্র ৪৯ টাকায় পান ৬ মাসের সাবস্ক্রিপশন!,নতুন অফার! মাত্র <MONEY> য় পান <NUMBER> মাসের সাবস্ক্রিপশন!
spam,1,আজই সাইন আপ করুন এবং ১০০০ টাকা বোনাস পান!,আজই সাইন আপ করুন এবং <MONEY> বোনাস পান!
spam,1,"নির্দিষ্ট সময়ের জন্য বিশেষ ছাড়, মিস করবেন না!","নির্দিষ্ট সময়ের জন্য বিশেষ ছাড়, মিস করবেন না!"
spam,1,আপনার অ্যাকাউন্ট ভেরিফাই করুন এবং ৫০০ টাকা ইনস্ট্যান্ট বোনাস পান!,আপনার অ্যাকাউন্ট ভেরিফাই করুন এবং <MONEY> ইনস্ট্যান্ট বোনাস পান!
spam,1,নতুন অ্যাপ ডাউনলোড করুন এবং বিনামূল্যে গিফট কার্ড জিতুন!,নতুন অ্যাপ ডাউনলোড করুন এবং বিনামূল্যে গিফট কার্ড জিতুন!
spam,1,ফ্রি মুভি টিকেট পেতে এখনই নিবন্ধন করুন!,ফ্রি মুভি টিকেট পেতে এখনই নিবন্ধন করুন!
spam,1,এক্সক্লুসিভ অফার! ১ বছর ফ্রি মেম্বারশিপ পান!,এক্সক্লুসিভ অফার! <NUMBER> বছর ফ্রি মেম্বারশিপ পান!
spam,1,আপনার মোবাইল রিচার্জ করুন এবং ৪০% ক্যাশব্যাক পান!,আপনার মোবাইল রিচার্জ করুন এবং <NUMBER> % ক্যাশব্যাক পান!
spam,1,বিশেষ ছাড়! সব পণ্যের উপর ৭৫% পর্যন্ত ডিসকাউন্ট!,বিশেষ ছাড়! সব পণ্যের উপর <NUMBER> % পর্যন্ত ডিসকাউন্ট!
spam,1,আপনার মোবাইল নম্বর দিন এবং ফ্রি ডেটা প্যাক জিতুন!,আপনার মোবাইল নম্বর দিন এবং ফ্রি ডেটা প্যাক জিতুন!
spam,1,আজই ক্লিক করুন এবং ১৫০০০ টাকা জিতুন!,আজই ক্লিক করুন এবং <MONEY> জিতুন!
spam,1,নতুন অফার! মাত্র ৯৯ টাকায় পান ১ বছরের মেম্বারশিপ!,নতুন অফার! মাত্র <MONEY> য় পান <NUMBER> বছরের মেম্বারশিপ!
spam,1,ফ্রি রিচার্জ পেতে এখনই অংশগ্রহণ করুন!,ফ্রি রিচার্জ পেতে এখনই অংশগ্রহণ করুন!
spam,1,আপনার বন্ধুদের রেফার করুন এবং প্রতিটি রেফারেলে ১০০০ টাকা জিতুন!,আপনার বন্ধুদের রেফার করুন এবং প্রতিটি রেফারেলে <MONEY> জিতুন!
spam,1,"নির্দিষ্ট সময়ের জন্য বিশেষ ছাড়, এখনই ক্লিক করুন!","নির্দিষ্ট সময়ের জন্য বিশেষ ছাড়, এখনই ক্লিক করুন!"
spam,1,আপনার অ্যাকাউন্ট ভেরিফাই করুন এবং ইনস্ট্যান্ট ক্যাশব্যাক পান!,আপনার অ্যাকাউন্ট ভেরিফাই করুন এবং ইনস্ট্যান্ট ক্যাশব্যাক পান!
spam,1,নতুন অ্যাপ ডাউনলোড করুন এবং ফ্রি গিফট কার্ড জিতুন!,নতুন অ্যাপ ডাউনলোড করুন এবং ফ্রি গিফট কার্ড জিতুন!
spam,1,আপনার ইমেইল যাচাই করুন এবং ৫০০ টাকা বোনাস পান!,আপনার ইমেইল যাচাই করুন এবং <MONEY> বোনাস পান!
spam,1,মোবাইল অ্যাপ ডাউনলোড করুন এবং ২০০০ টাকা বোনাস পান!,মোবাইল অ্যাপ ডাউনলোড করুন এবং <MONEY> বোনাস পান!
spam,1,নতুন চাকরির সুযোগ! আজই আবেদন করুন!,নতুন চাকরির সুযোগ! আজই আবেদন করুন!
spam,1,আপনি কি চাকরি খুঁজছেন? আমাদের সাথে যুক্ত হন!,আপনি কি চাকরি খুঁজছেন? আমাদের সাথে যুক্ত হন!
spam,1,"মাসে ৫০,০০০ টাকা আয় করতে চান? এখনই আবেদন করুন!",মাসে <MONEY> আয় করতে চান? এখনই আবেদন করুন!
spam,1,ফ্রি প্রশিক্ষণ এবং নিশ্চিত চাকরি! আজই যোগদান করুন!,ফ্রি প্রশিক্ষণ এবং নিশ্চিত চাকরি! আজই যোগদান করুন!
spam,1,আপনার স্বপ্নের চাকরি পেতে আমাদের সাথে যোগাযোগ করুন!,আপনার স্বপ্নের চাকরি পেতে আমাদের সাথে যোগাযোগ করুন!
spam,1,"বিশ্বস্ত প্রতিষ্ঠানে চাকরি, এখনই আবেদন করুন!","বিশ্বস্ত প্রতিষ্ঠানে চাকরি, এখনই আবেদন করুন!"
spam,1,এক্সক্লুসিভ চাকরির অফার! সীমিত সময়ের জন্য!,এক্সক্লুসিভ চাকরির অফার! সীমিত সময়ের জন্য!
spam,1,দ্রুত চাকরি পেতে আমাদের সাইটে নিবন্ধন করুন!,দ্রুত চাকরি পেতে আমাদের সাইটে নিবন্ধন করুন!
spam,1,নতুন চাকরির বিজ্ঞপ্তি! আপনার জন্য অপেক্ষা করছে!,নতুন চাকরির বিজ্ঞপ্তি! আপনার জন্য অপেক্ষা করছে!
spam,1,আপনার যোগ্যতার ভিত্তিতে চাকরি পেতে এখনই যোগাযোগ করুন!,আপনার যোগ্যতার ভিত্তিতে চাকরি পেতে এখনই যোগাযোগ করুন!
spam,1,"সেরা কোম্পানিতে চাকরির সুযোগ, এখনই আবেদন করুন!","সেরা কোম্পানিতে চাকরির সুযোগ, এখনই আবেদন করুন!"
spam,1,আপনার দক্ষতার মূল্যায়ন করুন এবং চাকরি জিতুন!,আপনার দক্ষতার মূল্যায়ন করুন এবং চাকরি জিতুন!
spam,1,"নতুন প্রজেক্টের জন্য প্রফেশনাল খুঁজছি, আপনি কি আগ্রহী?","নতুন প্রজেক্টের জন্য প্রফেশনাল খুঁজছি, আপনি কি আগ্রহী?"
spam,1,ফ্রি রেজিস্ট্রেশন এবং নিশ্চিত চাকরি!,ফ্রি রেজিস্ট্রেশন এবং নিশ্চিত চাকরি!
spam,1,"চাকরির বাজারে নতুন সুযোগ, মিস করবেন না!","চাকরির বাজারে নতুন সুযোগ, মিস করবেন না!"
spam,1,দ্রুত চাকরি পেতে আমাদের প্ল্যাটফর্মে যোগ দিন!,দ্রুত চাকরি পেতে আমাদের প্ল্যাটফর্মে যোগ দিন!
spam,1,"আপনার ক্যারিয়ার গড়ার সুযোগ, আজই আবেদন করুন!","আপনার ক্যারিয়ার গড়ার সুযোগ, আজই আবেদন করুন!"
spam,1,মাসিক উচ্চ বেতনসহ নতুন চাকরি!,মাসিক উচ্চ বেতনসহ নতুন চাকরি!
spam,1,চাকরির ইন্টারভিউতে সফল হওয়ার কৌশল শিখুন!,চাকরির ইন্টারভিউতে সফল হওয়ার কৌশল শিখুন!
spam,1,আপনার সিভি জমা দিন এবং নিশ্চিত চাকরি পান!,আপনার সিভি জমা দিন এবং নিশ্চিত চাকরি পান!
spam,1,"বিশেষ চাকরির অফার, সীমিত সময়ের জন্য!","বিশেষ চাকরির অফার, সীমিত সময়ের জন্য!"
spam,1,চাকরি পেতে আপনার সিভি আপডেট করুন!,চাকরি পেতে আপনার সিভি আপডেট করুন!
spam,1,আপনার পছন্দের কোম্পানিতে চাকরি পেতে আমাদের সাথে যোগ দিন!,আপনার পছন্দের কোম্পানিতে চাকরি পেতে আমাদের সাথে যোগ দিন!
spam,1,"সেরা বেতনে নতুন চাকরি, আজই আবেদন করুন!","সেরা বেতনে নতুন চাকরি, আজই আবেদন করুন!"
spam,1,"নতুন চাকরির জন্য প্রস্তুত হন, আমাদের সাথে যোগাযোগ করুন!","নতুন চাকরির জন্য প্রস্তুত হন, আমাদের সাথে যোগাযোগ করুন!"
spam,1,আপনার সিভি জমা দিন এবং নতুন চাকরির সুযোগ পান!,আপনার সিভি জমা দিন এবং নতুন চাকরির সুযোগ পান!
spam,1,ফ্রি প্রশিক্ষণ এবং ইন্টারভিউ প্রস্তুতি!,ফ্রি প্রশিক্ষণ এবং ইন্টারভিউ প্রস্তুতি!
spam,1,উচ্চ বেতন এবং সুযোগ সুবিধা সহ নতুন চাকরি!,উচ্চ বেতন এবং সুযোগ সুবিধা সহ নতুন চাকরি!
spam,1,চাকরি খুঁজছেন? আমাদের সাইটে নিবন্ধন করুন!,চাকরি খুঁজছেন? আমাদের সাইটে নিবন্ধন করুন!
spam,1,আপনার দক্ষতা মূল্যায়ন করুন এবং চাকরি জিতুন!,আপনার দক্ষতা মূল্যায়ন করুন এবং চাকরি জিতুন!
spam,1,"বিশ্বস্ত কোম্পানিতে চাকরির সুযোগ, এখনই আবেদন করুন!","বিশ্বস্ত কোম্পানিতে চাকরির সুযোগ, এখনই আবেদন করুন!"
spam,1,"সেরা কোম্পানিতে চাকরি, আজই আবেদন করুন!","সেরা কোম্পানিতে চাকরি, আজই আবেদন করুন!"
spam,1,"নতুন চাকরির সুযোগ, মিস করবেন না!","নতুন চাকরির সুযোগ, মিস করবেন না!"
spam,1,আজই সুপারশপে আসুন এবং পান ৫০% পর্যন্ত ছাড়!,আজই সুপারশপে আসুন এবং পান <NUMBER> % পর্যন্ত ছাড়!
spam,1,সীমিত সময়ের জন্য! সকল পণ্যে ৩০% ডিসকাউন্ট!,সীমিত সময়ের জন্য! সকল পণ্যে <NUMBER> % ডিসকাউন্ট!
spam,1,"শুধু আজকের জন্য, ১০০০ টাকার কেনাকাটায় ২০০ টাকা ক্যাশব্যাক!","শুধু আজকের জন্য, <MONEY> র কেনাকাটায় <MONEY> ক্যাশব্যাক!"
spam,1,নতুন অফার! সাপ্তাহিক বাজারে বিশেষ ছাড়!,নতুন অফার! সাপ্তাহিক বাজারে বিশেষ ছাড়!
spam,1,বিশেষ ছাড়! ৫০০ টাকার কেনাকাটায় ১০০ টাকা ডিসকাউন্ট!,বিশেষ ছাড়! <MONEY> র কেনাকাটায় <MONEY> ডিসকাউন্ট!
spam,1,সুপারশপে আসুন এবং প্রতিদিন ১০০ টাকার কেনাকাটায় জিতুন আকর্ষণীয় পুরস্কার!,সুপারশপে আসুন এবং প্রতিদিন <MONEY> র কেনাকাটায় জিতুন আকর্ষণীয় পুরস্কার!
spam,1,আজকের স্পেশাল অফার! সবজিতে ২০% ছাড়!,আজকের স্পেশাল অফার! সবজিতে <NUMBER> % ছাড়!
spam,1,বিশেষ অফার! গৃহস্থালি পণ্যে ৪০% পর্যন্ত ডিসকাউন্ট!,বিশেষ অফার! গৃহস্থালি পণ্যে <NUMBER> % পর্যন্ত ডিসকাউন্ট!
spam,1,সীমিত সময়ের জন্য! শিশুখাদ্যে ২৫% ছাড়!,সীমিত সময়ের জন্য! শিশুখাদ্যে <NUMBER> % ছাড়!
spam,1,ফ্রি হোম ডেলিভারি পেতে ৫০০ টাকার বেশি কেনাকাটা করুন!,ফ্রি হোম ডেলিভারি পেতে <MONEY> র বেশি কেনাকাটা করুন!
spam,1,প্রতিদিন ৫০০ টাকার কেনাকাটায় ৫০ টাকা ক্যাশব্যাক!,প্রতিদিন <MONEY> র কেনাকাটায় <MONEY> ক্যাশব্যাক!
spam,1,আজকের স্পেশাল অফার! ফ্রোজেন ফুডে ১৫% ডিসকাউন্ট!,আজকের স্পেশাল অফার! ফ্রোজেন ফুডে <NUMBER> % ডিসকাউন্ট!
spam,1,সাপ্তাহিক সুপার সেল! সব পণ্যে ১০% ছাড়!,সাপ্তাহিক সুপার সেল! সব পণ্যে <NUMBER> % ছাড়!
spam,1,নতুন অফার! সব প্রোটিন পণ্যে ২০% ডিসকাউন্ট!,নতুন অফার! সব প্রোটিন পণ্যে <NUMBER> % ডিসকাউন্ট!
spam,1,সীমিত সময়ের জন্য! বাচ্চাদের খেলনায় ৩০% ছাড়!,সীমিত সময়ের জন্য! বাচ্চাদের খেলনায় <NUMBER> % ছাড়!
spam,1,প্রতিদিন ৭০০ টাকার কেনাকাটায় ফ্রি গিফট!,প্রতিদিন <MONEY> র কেনাকাটায় ফ্রি গিফট!
spam,1,আজই আসুন এবং পান ড্রাই ফ্রুটসে ১০% ছাড়!,আজই আসুন এবং পান ড্রাই ফ্রুটসে <NUMBER> % ছাড়!
spam,1,বিশেষ অফার! কিচেন অ্যাপ্লায়েন্সে ২৫% পর্যন্ত ডিসকাউন্ট!,বিশেষ অফার! কিচেন অ্যাপ্লায়েন্সে <NUMBER> % পর্যন্ত ডিসকাউন্ট!
spam,1,ফ্রি মেম্বারশিপ পেতে ১০০০ টাকার বেশি কেনাকাটা করুন!,ফ্রি মেম্বারশিপ পেতে <MONEY> র বেশি কেনাকাটা করুন!
spam,1,সীমিত সময়ের জন্য! ডেইরি প্রোডাক্টে ২০% ছাড়!,সীমিত সময়ের জন্য! ডেইরি প্রোডাক্টে <NUMBER> % ছাড়!
spam,1,বিশেষ অফার! ১০০০ টাকার কেনাকাটায় ফ্রি কুপন!,বিশেষ অফার! <MONEY> র কেনাকাটায় ফ্রি কুপন!
spam,1,প্রতিদিন ৫০০ টাকার কেনাকাটায় ১০০ টাকা ক্যাশব্যাক!,প্রতিদিন <MONEY> র কেনাকাটায় <MONEY> ক্যাশব্যাক!
spam,1,আজকের স্পেশাল অফার! ফলমূলে ৩০% ছাড়!,আজকের স্পেশাল অফার! ফলমূলে <NUMBER> % ছাড়!
spam,1,বিশেষ ছাড়! ২০০০ টাকার কেনাকাটায় ৫০০ টাকা ডিসকাউন্ট!,বিশেষ ছাড়! <MONEY> র কেনাকাটায় <MONEY> ডিসকাউন্ট!
spam,1,সীমিত সময়ের জন্য! পানীয় পণ্যে ১৫% ছাড়!,সীমিত সময়ের জন্য! পানীয় পণ্যে <NUMBER> % ছাড়!
spam,1,প্রতিদিন ১০০০ টাকার কেনাকাটায় ফ্রি ডেলিভারি!,প্রতিদিন <MONEY> র কেনাকাটায় ফ্রি ডেলিভারি!
spam,1,নতুন অফার! সকল কুকিং অয়েলে ২০% ডিসকাউন্ট!,নতুন অফার! সকল কুকিং অয়েলে <NUMBER> % ডিসকাউন্ট!
spam,1,বিশেষ অফার! গৃহস্থালি পণ্যে ৩০% পর্যন্ত ছাড়!,বিশেষ অফার! গৃহস্থালি পণ্যে <NUMBER> % পর্যন্ত ছাড়!
spam,1,সাপ্তাহিক বাজারে আসুন এবং পান ১০% ডিসকাউন্ট!,সাপ্তাহিক বাজারে আসুন এবং পান <NUMBER> % ডিসকাউন্ট!
spam,1,আজকের স্পেশাল অফার! মাংসে ২৫% ছাড়!,আজকের স্পেশাল অফার! মাংসে <NUMBER> % ছাড়!
spam,1,প্রতিদিন ৮০০ টাকার কেনাকাটায় ফ্রি গিফট!,প্রতিদিন <MONEY> র কেনাকাটায় ফ্রি গিফট!
spam,1,নতুন অফার! বাচ্চাদের খাদ্যে ২০% ছাড়!,নতুন অফার! বাচ্চাদের খাদ্যে <NUMBER> % ছাড়!
spam,1,সীমিত সময়ের জন্য! সকল ফুড আইটেমে ১৫% ছাড়!,সীমিত সময়ের জন্য! সকল ফুড আইটেমে <NUMBER> % ছাড়!
spam,1,প্রতিদিন ১০০০ টাকার কেনাকাটায় ২০০ টাকা ক্যাশব্যাক!,প্রতিদিন <MONEY> র কেনাকাটায় <MONEY> ক্যাশব্যাক!
spam,1,আজকের স্পেশাল অফার! পানীয় পণ্যে ১০% ডিসকাউন্ট!,আজকের স্পেশাল অফার! পানীয় পণ্যে <NUMBER> % ডিসকাউন্ট!
spam,1,বিশেষ অফার! সব হাউসহোল্ড পণ্যে ২০% ছাড়!,বিশেষ অফার! সব হাউসহোল্ড পণ্যে <NUMBER> % ছাড়!
spam,1,সীমিত সময়ের জন্য! ফ্রোজেন ফুডে ৩০% পর্যন্ত ডিসকাউন্ট!,সীমিত সময়ের জন্য! ফ্রোজেন ফুডে <NUMBER> % পর্যন্ত ডিসকাউন্ট!
spam,1,প্রতিদিন ৭০০ টাকার কেনাকাটায় ফ্রি ডেলিভারি!,প্রতিদিন <MONEY> র কেনাকাটায় ফ্রি ডেলিভারি!
spam,1,নতুন অফার! সব সবজিতে ১৫% ছাড়!,নতুন অফার! সব সবজিতে <NUMBER> % ছাড়!
spam,1,বিশেষ ছাড়! ১০০০ টাকার কেনাকাটায় ৫০০ টাকা ডিসকাউন্ট!,বিশেষ ছাড়! <MONEY> র কেনাকাটায় <MONEY> ডিসকাউন্ট!
spam,1,সাপ্তাহিক সুপার সেল! সব পণ্যে ২০% ছাড়!,সাপ্তাহিক সুপার সেল! সব পণ্যে <NUMBER> % ছাড়!
spam,1,আজকের স্পেশাল অফার! ফলমূলে ১০% ডিসকাউন্ট!,আজকের স্পেশাল অফার! ফলমূলে <NUMBER> % ডিসকাউন্ট!
spam,1,নতুন অফার! সকল ডেইরি প্রোডাক্টে ২০% ছাড়!,নতুন অফার! সকল ডেইরি প্রোডাক্টে <NUMBER> % ছাড়!
spam,1,বিশেষ অফার! গৃহস্থালি পণ্যে ২৫% পর্যন্ত ডিসকাউন্ট!,বিশেষ অফার! গৃহস্থালি পণ্যে <NUMBER> % পর্যন্ত ডিসকাউন্ট!
spam,1,প্রতিদিন ১০০০ টাকার কেনাকাটায় ফ্রি গিফট!,প্রতিদিন <MONEY> র কেনাকাটায় ফ্রি গিফট!
spam,1,নতুন অফার! সব প্রোটিন পণ্যে ১৫% ডিসকাউন্ট!,নতুন অফার! সব প্রোটিন পণ্যে <NUMBER> % ডিসকাউন্ট!
spam,1,বিশেষ ছাড়! ৭০০ টাকার কেনাকাটায় ১০০ টাকা ডিসকাউন্ট!,বিশেষ ছাড়! <MONEY> র কেনাকাটায় <MONEY> ডিসকাউন্ট!
spam,1,সাপ্তাহিক সুপার সেল! সব পণ্যে ৩০% ছাড়!,সাপ্তাহিক সুপার সেল! সব পণ্যে <NUMBER> % ছাড়!
spam,1,আজকের স্পেশাল অফার! মাংসে ২০% ডিসকাউন্ট!,আজকের স্পেশাল অফার! মাংসে <NUMBER> % ডিসকাউন্ট!
spam,1,প্রতিদিন ৮০০ টাকার কেনাকাটায় ফ্রি ডেলিভারি!,প্রতিদিন <MONEY> র কেনাকাটায় ফ্রি ডেলিভারি!
spam,1,নতুন অফার! সকল কুকিং অয়েলে ২০% ছাড়!,নতুন অফার! সকল কুকিং অয়েলে <NUMBER> % ছাড়!
spam,1,বিশেষ অফার! পানীয় পণ্যে ১৫% পর্যন্ত ডিসকাউন্ট!,বিশেষ অফার! পানীয় পণ্যে <NUMBER> % পর্যন্ত ডিসকাউন্ট!
spam,1,সীমিত সময়ের জন্য! সকল ফুড আইটেমে ১০% ছাড়!,সীমিত সময়ের জন্য! সকল ফুড আইটেমে <NUMBER> % ছাড়!
spam,1,আজকের স্পেশাল অফার! ফলমূলে ২৫% ছাড়!,আজকের স্পেশাল অফার! ফলমূলে <NUMBER> % ছাড়!
spam,1,বিশেষ ছাড়! ৫০০ টাকার কেনাকাটায় ৫০ টাকা ডিসকাউন্ট!,বিশেষ ছাড়! <MONEY> র কেনাকাটায় <MONEY> ডিসকাউন্ট!
spam,1,সাপ্তাহিক বাজারে আসুন এবং পান ২০% ডিসকাউন্ট!,সাপ্তাহিক বাজারে আসুন এবং পান <NUMBER> % ডিসকাউন্ট!
spam,1,বিশেষ অফার! ডেইরি প্রোডাক্টে ২৫% পর্যন্ত ডিসকাউন্ট!,বিশেষ অফার! ডেইরি প্রোডাক্টে <NUMBER> % পর্যন্ত ডিসকাউন্ট!
spam,1,সীমিত সময়ের জন্য! ফ্রোজেন ফুডে ২০% ছাড়!,সীমিত সময়ের জন্য! ফ্রোজেন ফুডে <NUMBER> % ছাড়!
spam,1,নতুন অফার! সকল কুকিং অয়েলে ১০% ছাড়!,নতুন অফার! সকল কুকিং অয়েলে <NUMBER> % ছাড়!
spam,1,সাপ্তাহিক সুপার সেল! সব পণ্যে ১৫% ছাড়!,সাপ্তাহিক সুপার সেল! সব পণ্যে <NUMBER> % ছাড়!
spam,1,বিশেষ অফার! গৃহস্থালি পণ্যে ২০% পর্যন্ত ছাড়!,বিশেষ অফার! গৃহস্থালি পণ্যে <NUMBER> % পর্যন্ত ছাড়!
spam,1,আজকের স্পেশাল অফার! মাংসে ২৫% ডিসকাউন্ট!,আজকের স্পেশাল অফার! মাংসে <NUMBER> % ডিসকাউন্ট!
spam,1,নতুন অফার! সকল ডেইরি প্রোডাক্টে ১৫% ছাড়!,নতুন অফার! সকল ডেইরি প্রোডাক্টে <NUMBER> % ছাড়!
spam,1,বিশেষ অফার! পানীয় পণ্যে ২৫% পর্যন্ত ডিসকাউন্ট!,বিশেষ অফার! পানীয় পণ্যে <NUMBER> % পর্যন্ত ডিসকাউন্ট!
spam,1,আজকের স্পেশাল অফার! ফলমূলে ১০% ছাড়!,আজকের স্পেশাল অফার! ফলমূলে <NUMBER> % ছাড়!
spam,1,সাপ্তাহিক বাজারে আসুন এবং পান ৩০% ডিসকাউন্ট!,সাপ্তাহিক বাজারে আসুন এবং পান <NUMBER> % ডিসকাউন্ট!
spam,1,নতুন অফার! সব সবজিতে ২০% ছাড়!,নতুন অফার! সব সবজিতে <NUMBER> % ছাড়!
spam,1,বিশেষ অফার! গৃহস্থালি পণ্যে ১৫% পর্যন্ত ডিসকাউন্ট!,বিশেষ অফার! গৃহস্থালি পণ্যে <NUMBER> % পর্যন্ত ডিসকাউন্ট!
spam,1,সীমিত সময়ের জন্য! ফ্রোজেন ফুডে ৩০% ছাড়!,সীমিত সময়ের জন্য! ফ্রোজেন ফুডে <NUMBER> % ছাড়!
spam,1,বিশেষ ছাড়! ১০০০ টাকার কেনাকাটায় ৫০০ টাকা,বিশেষ ছাড়! <MONEY> র কেনাকাটায় <MONEY>
spam,1,"বারিতে বসেই মাসে ৫০,০০০ টাকা আয় করুন!",বারিতে বসেই মাসে <MONEY> আয় করুন!
spam,1,আপনার ঘরে বসেই প্রতি ঘন্টায় ৫০০ টাকা আয় করুন!,আপনার ঘরে বসেই প্রতি ঘন্টায় <MONEY> আয় করুন!
spam,1,"ফ্রি রেজিস্ট্রেশন, ঘরে বসে আয় করার সুযোগ!","ফ্রি রেজিস্ট্রেশন, ঘরে বসে আয় করার সুযোগ!"
spam,1,অনলাইনে কাজ করে ঘরে বসে আয় করুন!,অনলাইনে কাজ করে ঘরে বসে আয় করুন!
spam,1,"আপনার ফোন থেকেই আয় করুন, কোন অভিজ্ঞতা প্রয়োজন নেই!","আপনার ফোন থেকেই আয় করুন, কোন অভিজ্ঞতা প্রয়োজন নেই!"
spam,1,আপনার স্বপ্নের কাজ এখন ঘরে বসেই!,আপনার স্বপ্নের কাজ এখন ঘরে বসেই!
spam,1,ফ্রিল্যান্সিং করে ঘরে বসে আয় করুন!,ফ্রিল্যান্সিং করে ঘরে বসে আয় করুন!
spam,1,কোন বিনিয়োগ ছাড়াই ঘরে বসে আয়!,কোন বিনিয়োগ ছাড়াই ঘরে বসে আয়!
spam,1,বিশেষ অফার! ঘরে বসে আয় করার সেরা সুযোগ!,বিশেষ অফার! ঘরে বসে আয় করার সেরা সুযোগ!
spam,1,"আপনার নিজের বস হোন, ঘরে বসে কাজ করুন!","আপনার নিজের বস হোন, ঘরে বসে কাজ করুন!"
spam,1,ঘরে বসে ডাটা এন্ট্রি করে আয় করুন!,ঘরে বসে ডাটা এন্ট্রি করে আয় করুন!
spam,1,আপনার ল্যাপটপ থেকে আয় করুন!,আপনার ল্যাপটপ থেকে আয় করুন!
spam,1,অনলাইনে ঘরে বসে পার্ট-টাইম কাজ!,অনলাইনে ঘরে বসে পার্ট-টাইম কাজ!
spam,1,সরাসরি মোবাইল থেকে আয় করুন!,সরাসরি মোবাইল থেকে আয় করুন!
spam,1,আপনার সৃজনশীলতা দিয়ে ঘরে বসে আয় করুন!,আপনার সৃজনশীলতা দিয়ে ঘরে বসে আয় করুন!
spam,1,বিনিয়োগ ছাড়াই ঘরে বসে কাজের সুযোগ!,বিনিয়োগ ছাড়াই ঘরে বসে কাজের সুযোগ!
spam,1,ফ্রি ট্রেনিং এবং ঘরে বসে কাজের সুযোগ!,ফ্রি ট্রেনিং এবং ঘরে বসে কাজের সুযোগ!
spam,1,ফ্রিল্যান্সিং প্রজেক্টে ঘরে বসে আয় করুন!,ফ্রিল্যান্সিং প্রজেক্টে ঘরে বসে আয় করুন!
spam,1,আপনার কম্পিউটার থেকে ঘরে বসে আয় করুন!,আপনার কম্পিউটার থেকে ঘরে বসে আয় করুন!
spam,1,দৈনিক কাজের অফার! ঘরে বসে কাজ করুন!,দৈনিক কাজের অফার! ঘরে বসে কাজ করুন!
spam,1,ঘরে বসে পেইড সার্ভে পূরণ করে আয় করুন!,ঘরে বসে পেইড সার্ভে পূরণ করে আয় করুন!
spam,1,ব্লগিং করে ঘরে বসে আয় করুন!,ব্লগিং করে ঘরে বসে আয় করুন!
spam,1,অনলাইন মার্কেটিং করে ঘরে বসে আয় করুন!,অনলাইন মার্কেটিং করে ঘরে বসে আয় করুন!
spam,1,ইউটিউব ভিডিও দেখে ঘরে বসে আয়!,ইউটিউব ভিডিও দেখে ঘরে বসে আয়!
spam,1,আপনার দক্ষতা দিয়ে ঘরে বসে কাজ করুন!,আপনার দক্ষতা দিয়ে ঘরে বসে কাজ করুন!
spam,1,বারিতে বসেই পার্ট-টাইম কাজের সুযোগ!,বারিতে বসেই পার্ট-টাইম কাজের সুযোগ!
spam,1,ঘরে বসে সোশ্যাল মিডিয়া ম্যানেজমেন্ট করে আয়!,ঘরে বসে সোশ্যাল মিডিয়া ম্যানেজমেন্ট করে আয়!
spam,1,অনলাইনে শপিং করে ঘরে বসে আয় করুন!,অনলাইনে শপিং করে ঘরে বসে আয় করুন!
spam,1,মোবাইল অ্যাপ দিয়ে ঘরে বসে আয় করুন!,মোবাইল অ্যাপ দিয়ে ঘরে বসে আয় করুন!
spam,1,আপনার ফ্রি টাইমে ঘরে বসে কাজ করুন!,আপনার ফ্রি টাইমে ঘরে বসে কাজ করুন!
spam,1,বিশেষ ছাড়! ঘরে বসে আয় করার নতুন সুযোগ!,বিশেষ ছাড়! ঘরে বসে আয় করার নতুন সুযোগ!
spam,1,ঘরে বসে কনটেন্ট রাইটিং করে আয় করুন!,ঘরে বসে কনটেন্ট রাইটিং করে আয় করুন!
spam,1,ডিজিটাল মার্কেটিং করে ঘরে বসে আয়!,ডিজিটাল মার্কেটিং করে ঘরে বসে আয়!
spam,1,ঘরে বসে ভিডিও এডিটিং করে আয় করুন!,ঘরে বসে ভিডিও এডিটিং করে আয় করুন!
spam,1,অনলাইনে ঘরে বসে ট্রান্সক্রিপশন কাজ!,অনলাইনে ঘরে বসে ট্রান্সক্রিপশন কাজ!
spam,1,আপনার ইচ্ছেমতো সময় দিয়ে ঘরে বসে কাজ!,আপনার ইচ্ছেমতো সময় দিয়ে ঘরে বসে কাজ!
spam,1,ঘরে বসে ডেটা এন্ট্রি প্রজেক্টে কাজ করুন!,ঘরে বসে ডেটা এন্ট্রি প্রজেক্টে কাজ করুন!
spam,1,আপনার পছন্দের প্রজেক্টে ঘরে বসে কাজ করুন!,আপনার পছন্দের প্রজেক্টে ঘরে বসে কাজ করুন!
spam,1,বিনিয়োগ ছাড়াই ঘরে বসে আয় করার সুযোগ!,বিনিয়োগ ছাড়াই ঘরে বসে আয় করার সুযোগ!
spam,1,বিশেষ ছাড়! ঘরে বসে পার্ট-টাইম কাজ!,বিশেষ ছাড়! ঘরে বসে পার্ট-টাইম কাজ!
spam,1,ঘরে বসে ভলান্টারি কাজ করে আয় করুন!,ঘরে বসে ভলান্টারি কাজ করে আয় করুন!
spam,1,আপনার ফোন থেকেই ঘরে বসে কাজ করুন!,আপনার ফোন থেকেই ঘরে বসে কাজ করুন!
spam,1,ঘরে বসে ই-কমার্স কাজের সুযোগ!,ঘরে বসে ই-কমার্স কাজের সুযোগ!
spam,1,ফ্রিল্যান্সিং প্রজেক্টে ঘরে বসে কাজ!,ফ্রিল্যান্সিং প্রজেক্টে ঘরে বসে কাজ!
spam,1,ঘরে বসে গ্রাফিক ডিজাইন কাজ করুন!,ঘরে বসে গ্রাফিক ডিজাইন কাজ করুন!
spam,1,ঘরে বসে পার্ট-টাইম লেখালেখির কাজ!,ঘরে বসে পার্ট-টাইম লেখালেখির কাজ!
spam,1,অনলাইন শপিং করে ঘরে বসে আয় করুন!,অনলাইন শপিং করে ঘরে বসে আয় করুন!
spam,1,মোবাইল অ্যাপ দিয়ে ঘরে বসে কাজ!,মোবাইল অ্যাপ দিয়ে ঘরে বসে কাজ!
spam,1,"পার্ট-টাইম কাজ করে মাসে ৩০,০০০ টাকা আয় করুন!",পার্ট-টাইম কাজ করে মাসে <MONEY> আয় করুন!
spam,1,সন্ধ্যার সময় পার্ট-টাইম কাজের সুযোগ!,সন্ধ্যার সময় পার্ট-টাইম কাজের সুযোগ!
spam,1,বিশেষ অফার! পার্ট-টাইম কাজের জন্য এখনই আবেদন করুন!,বিশেষ অফার! পার্ট-টাইম কাজের জন্য এখনই আবেদন করুন!
spam,1,স্কুলের পরে পার্ট-টাইম কাজের সেরা সুযোগ!,স্কুলের পরে পার্ট-টাইম কাজের সেরা সুযোগ!
spam,1,আপনার ফ্রি টাইমে পার্ট-টাইম কাজ করে আয় করুন!,আপনার ফ্রি টাইমে পার্ট-টাইম কাজ করে আয় করুন!
spam,1,"ফ্রি রেজিস্ট্রেশন, পার্ট-টাইম কাজের সুযোগ!","ফ্রি রেজিস্ট্রেশন, পার্ট-টাইম কাজের সুযোগ!"
spam,1,পার্ট-টাইম কাজের জন্য কোন অভিজ্ঞতা প্রয়োজন নেই!,পার্ট-টাইম কাজের জন্য কোন অভিজ্ঞতা প্রয়োজন নেই!
spam,1,ফ্রিল্যান্সিং পার্ট-টাইম কাজ করে আয় করুন!,ফ্রিল্যান্সিং পার্ট-টাইম কাজ করে আয় করুন!
spam,1,আপনার ফোন থেকে পার্ট-টাইম কাজ করুন!,আপনার ফোন থেকে পার্ট-টাইম কাজ করুন!
spam,1,পার্ট-টাইম ডাটা এন্ট্রি কাজের সুযোগ!,পার্ট-টাইম ডাটা এন্ট্রি কাজের সুযোগ!
spam,1,পার্ট-টাইম কনটেন্ট রাইটিং কাজ করুন!,পার্ট-টাইম কনটেন্ট রাইটিং কাজ করুন!
spam,1,ফ্রি ট্রেনিং সহ পার্ট-টাইম কাজ!,ফ্রি ট্রেনিং সহ পার্ট-টাইম কাজ!
spam,1,পার্ট-টাইম ডিজিটাল মার্কেটিং কাজের সুযোগ!,পার্ট-টাইম ডিজিটাল মার্কেটিং কাজের সুযোগ!
spam,1,বিশেষ ছাড়! পার্ট-টাইম কাজের জন্য রেজিস্ট্রেশন করুন!,বিশেষ ছাড়! পার্ট-টাইম কাজের জন্য রেজিস্ট্রেশন করুন!
spam,1,আপনার কম্পিউটার থেকে পার্ট-টাইম কাজ করুন!,আপনার কম্পিউটার থেকে পার্ট-টাইম কাজ করুন!
spam,1,পার্ট-টাইম ভিডিও এডিটিং কাজের সুযোগ!,পার্ট-টাইম ভিডিও এডিটিং কাজের সুযোগ!
spam,1,পার্ট-টাইম ট্রান্সক্রিপশন কাজ করুন!,পার্ট-টাইম ট্রান্সক্রিপশন কাজ করুন!
spam,1,আপনার সৃজনশীলতা দিয়ে পার্ট-টাইম কাজ!,আপনার সৃজনশীলতা দিয়ে পার্ট-টাইম কাজ!
spam,1,ফ্রিল্যান্সিং প্রজেক্টে পার্ট-টাইম কাজ!,ফ্রিল্যান্সিং প্রজেক্টে পার্ট-টাইম কাজ!
spam,1,পার্ট-টাইম গ্রাফিক ডিজাইন কাজ করুন!,পার্ট-টাইম গ্রাফিক ডিজাইন কাজ করুন!
spam,1,পার্ট-টাইম সোশ্যাল মিডিয়া ম্যানেজমেন্ট কাজ!,পার্ট-টাইম সোশ্যাল মিডিয়া ম্যানেজমেন্ট কাজ!
spam,1,আপনার ইচ্ছেমতো সময় দিয়ে পার্ট-টাইম কাজ!,আপনার ইচ্ছেমতো সময় দিয়ে পার্ট-টাইম কাজ!
spam,1,বিশেষ অফার! পার্ট-টাইম লেখালেখির কাজ!,বিশেষ অফার! পার্ট-টাইম লেখালেখির কাজ!
spam,1,পার্ট-টাইম ওয়েব ডেভেলপমেন্ট কাজের সুযোগ!,পার্ট-টাইম ওয়েব ডেভেলপমেন্ট কাজের সুযোগ!
spam,1,পার্ট-টাইম মোবাইল অ্যাপ ডেভেলপমেন্ট কাজ!,পার্ট-টাইম মোবাইল অ্যাপ ডেভেলপমেন্ট কাজ!
spam,1,পার্ট-টাইম অনলাইন টিউটরিং কাজের সুযোগ!,পার্ট-টাইম অনলাইন টিউটরিং কাজের সুযোগ!
spam,1,পার্ট-টাইম ফ্রিল্যান্স প্রজেক্টে কাজ করুন!,পার্ট-টাইম ফ্রিল্যান্স প্রজেক্টে কাজ করুন!
spam,1,আপনার ফ্রি টাইমে পার্ট-টাইম কাজ!,আপনার ফ্রি টাইমে পার্ট-টাইম কাজ!
spam,1,পার্ট-টাইম অনলাইন মার্কেটিং কাজ!,পার্ট-টাইম অনলাইন মার্কেটিং কাজ!
spam,1,ফ্রি মেম্বারশিপ সহ পার্ট-টাইম কাজ!,ফ্রি মেম্বারশিপ সহ পার্ট-টাইম কাজ!
spam,1,পার্ট-টাইম কাস্টমার সার্ভিস কাজ!,পার্ট-টাইম কাস্টমার সার্ভিস কাজ!
spam,1,পার্ট-টাইম ভলান্টারি কাজের সুযোগ!,পার্ট-টাইম ভলান্টারি কাজের সুযোগ!
spam,1,পার্ট-টাইম অনলাইন সার্ভে পূরণ কাজ!,পার্ট-টাইম অনলাইন সার্ভে পূরণ কাজ!
spam,1,বিশেষ ছাড়! পার্ট-টাইম কাজের নতুন সুযোগ!,বিশেষ ছাড়! পার্ট-টাইম কাজের নতুন সুযোগ!
spam,1,আপনার দক্ষতা দিয়ে পার্ট-টাইম কাজ করুন!,আপনার দক্ষতা দিয়ে পার্ট-টাইম কাজ করুন!
spam,1,পার্ট-টাইম ই-কমার্স কাজের সুযোগ!,পার্ট-টাইম ই-কমার্স কাজের সুযোগ!
spam,1,ফ্রি রেজিস্ট্রেশন সহ পার্ট-টাইম কাজ!,ফ্রি রেজিস্ট্রেশন সহ পার্ট-টাইম কাজ!
spam,1,পার্ট-টাইম ডেটা এন্ট্রি প্রজেক্টে কাজ!,পার্ট-টাইম ডেটা এন্ট্রি প্রজেক্টে কাজ!
spam,1,পার্ট-টাইম ব্লগিং কাজের সুযোগ!,পার্ট-টাইম ব্লগিং কাজের সুযোগ!
spam,1,পার্ট-টাইম প্রোডাক্ট রিভিউ কাজ!,পার্ট-টাইম প্রোডাক্ট রিভিউ কাজ!
spam,1,আপনার ফোন থেকেই পার্ট-টাইম কাজ!,আপনার ফোন থেকেই পার্ট-টাইম কাজ!
spam,1,পার্ট-টাইম সেলস প্রমোশন কাজ!,পার্ট-টাইম সেলস প্রমোশন কাজ!
spam,1,পার্ট-টাইম ফ্রিল্যান্স প্রজেক্ট!,পার্ট-টাইম ফ্রিল্যান্স প্রজেক্ট!
spam,1,আপনার পছন্দের প্রজেক্টে পার্ট-টাইম কাজ!,আপনার পছন্দের প্রজেক্টে পার্ট-টাইম কাজ!
spam,1,পার্ট-টাইম কাস্টমার সাপোর্ট কাজ!,পার্ট-টাইম কাস্টমার সাপোর্ট কাজ!
spam,1,বিশেষ ছাড়! পার্ট-টাইম কনটেন্ট রাইটিং!,বিশেষ ছাড়! পার্ট-টাইম কনটেন্ট রাইটিং!
spam,1,পার্ট-টাইম ইভেন্ট ম্যানেজমেন্ট কাজ!,পার্ট-টাইম ইভেন্ট ম্যানেজমেন্ট কাজ!
spam,1,পার্ট-টাইম অনলাইন রিসার্চ কাজ!,পার্ট-টাইম অনলাইন রিসার্চ কাজ!
spam,1,ফ্রি রেজিস্ট্রেশন সহ পার্ট-টাইম প্রজেক্ট!,ফ্রি রেজিস্ট্রেশন সহ পার্ট-টাইম প্রজেক্ট!
spam,1,আপনার সময়মতো পার্ট-টাইম কাজ করুন!,আপনার সময়মতো পার্ট-টাইম কাজ করুন!
spam,1,পার্ট-টাইম সোশ্যাল মিডিয়া কনটেন্ট কাজ!,পার্ট-টাইম সোশ্যাল মিডিয়া কনটেন্ট কাজ!
spam,1,পার্ট-টাইম ই-কমার্স মার্কেটিং কাজ!,পার্ট-টাইম ই-কমার্স মার্কেটিং কাজ!
spam,1,আপনার দক্ষতা দিয়ে পার্ট-টাইম আয় করুন!,আপনার দক্ষতা দিয়ে পার্ট-টাইম আয় করুন!
spam,1,পার্ট-টাইম অনলাইন কনসালটিং কাজ!,পার্ট-টাইম অনলাইন কনসালটিং কাজ!
spam,1,বিশেষ অফার! পার্ট-টাইম কাজের জন্য এখনই রেজিস্ট্রেশন করুন!,বিশেষ অফার! পার্ট-টাইম কাজের জন্য এখনই রেজিস্ট্রেশন করুন!
spam,1,ফ্রি ট্রেনিং সহ পার্ট-টাইম ফ্রিল্যান্স কাজ!,ফ্রি ট্রেনিং সহ পার্ট-টাইম ফ্রিল্যান্স কাজ!
spam,1,পার্ট-টাইম গ্রাফিক ডিজাইন প্রজেক্ট!,পার্ট-টাইম গ্রাফিক ডিজাইন প্রজেক্ট!
spam,1,আপনার ল্যাপটপ থেকে পার্ট-টাইম কাজ করুন!,আপনার ল্যাপটপ থেকে পার্ট-টাইম কাজ করুন!
spam,1,পার্ট-টাইম ভিডিও প্রোডাকশন কাজ!,পার্ট-টাইম ভিডিও প্রোডাকশন কাজ!
spam,1,পার্ট-টাইম ট্রান্সলেশন কাজের সুযোগ!,পার্ট-টাইম ট্রান্সলেশন কাজের সুযোগ!
spam,1,পার্ট-টাইম ডাটা ম্যানেজমেন্ট কাজ!,পার্ট-টাইম ডাটা ম্যানেজমেন্ট কাজ!
spam,1,আপনার ইচ্ছেমতো পার্ট-টাইম কাজ করুন!,আপনার ইচ্ছেমতো পার্ট-টাইম কাজ করুন!
spam,1,পার্ট-টাইম ফ্রিল্যান্সিং প্রজেক্ট!,পার্ট-টাইম ফ্রিল্যান্সিং প্রজেক্ট!
spam,1,পার্ট-টাইম গ্রাফিক্স এডিটিং কাজ!,পার্ট-টাইম গ্রাফিক্স এডিটিং কাজ!
spam,1,বিশেষ অফার! পার্ট-টাইম লেখালেখি!,বিশেষ অফার! পার্ট-টাইম লেখালেখি!
spam,1,পার্ট-টাইম সোশ্যাল মিডিয়া মার্কেটিং!,পার্ট-টাইম সোশ্যাল মিডিয়া মার্কেটিং!
spam,1,পার্ট-টাইম অনলাইন এডমিনিস্ট্রেটিভ কাজ!,পার্ট-টাইম অনলাইন এডমিনিস্ট্রেটিভ কাজ!
spam,1,পার্ট-টাইম প্রজেক্ট ম্যানেজমেন্ট কাজ!,পার্ট-টাইম প্রজেক্ট ম্যানেজমেন্ট কাজ!
spam,1,পার্ট-টাইম ডেটা এন্ট্রি প্রজেক্ট!,পার্ট-টাইম ডেটা এন্ট্রি প্রজেক্ট!
spam,1,পার্ট-টাইম অনলাইন কনটেন্ট ক্রিয়েশন কাজ!,পার্ট-টাইম অনলাইন কনটেন্ট ক্রিয়েশন কাজ!
spam,1,পার্ট-টাইম ডিজিটাল কনটেন্ট এডিটিং!,পার্ট-টাইম ডিজিটাল কনটেন্ট এডিটিং!
spam,1,পার্ট-টাইম সোশ্যাল মিডিয়া ম্যানেজমেন্ট!,পার্ট-টাইম সোশ্যাল মিডিয়া ম্যানেজমেন্ট!
spam,1,বিশেষ অফার! পার্ট-টাইম কনটেন্ট রাইটিং কাজ!,বিশেষ অফার! পার্ট-টাইম কনটেন্ট রাইটিং কাজ!
spam,1,পার্ট-টাইম ওয়েবসাইট ম্যানেজমেন্ট কাজ!,পার্ট-টাইম ওয়েবসাইট ম্যানেজমেন্ট কাজ!
spam,1,পার্ট-টাইম মোবাইল অ্যাপ ম্যানেজমেন্ট!,পার্ট-টাইম মোবাইল অ্যাপ ম্যানেজমেন্ট!
spam,1,পার্ট-টাইম অনলাইন টিউটরিং কাজ!,পার্ট-টাইম অনলাইন টিউটরিং কাজ!
spam,1,পার্ট-টাইম ডিজিটাল মার্কেটিং কাজ!,পার্ট-টাইম ডিজিটাল মার্কেটিং কাজ!
spam,1,পার্ট-টাইম সোশ্যাল মিডিয়া মার্কেটিং কাজ!,পার্ট-টাইম সোশ্যাল মিডিয়া মার্কেটিং কাজ!
spam,1,সপ্তাহে একবার কাজ করেই কোটিপতি হোন!,সপ্তাহে একবার কাজ করেই কোটিপতি হোন!
spam,1,বিশেষ অফার! আজই রেজিস্ট্রেশন করুন এবং কোটিপতি হোন!,বিশেষ অফার! আজই রেজিস্ট্রেশন করুন এবং কোটিপতি হোন!
spam,1,মাসে মাত্র ৫ ঘণ্টা কাজ করে কোটিপতি হওয়ার সুযোগ!,মাসে মাত্র <NUMBER> ঘণ্টা কাজ করে কোটিপতি হওয়ার সুযোগ!
spam,1,আপনার ফোন থেকেই কোটিপতি হোন!,আপনার ফোন থেকেই কোটিপতি হোন!
spam,1,কোন বিনিয়োগ ছাড়াই কোটিপতি হওয়ার সেরা সুযোগ!,কোন বিনিয়োগ ছাড়াই কোটিপতি হওয়ার সেরা সুযোগ!
spam,1,বিশেষ ছাড়! কোটিপতি হওয়ার জন্য এখনই রেজিস্ট্রেশন করুন!,বিশেষ ছাড়! কোটিপতি হওয়ার জন্য এখনই রেজিস্ট্রেশন করুন!
spam,1,আপনার ফ্রি টাইমে কোটিপতি হোন!,আপনার ফ্রি টাইমে কোটিপতি হোন!
spam,1,ফ্রি মেম্বারশিপ সহ কোটিপতি হওয়ার সুযোগ!,ফ্রি মেম্বারশিপ সহ কোটিপতি হওয়ার সুযোগ!
spam,1,আপনার ল্যাপটপ থেকে কোটিপতি হোন!,আপনার ল্যাপটপ থেকে কোটিপতি হোন!
spam,1,সরাসরি মোবাইল থেকে কোটিপতি হওয়ার সেরা সুযোগ!,সরাসরি মোবাইল থেকে কোটিপতি হওয়ার সেরা সুযোগ!
spam,1,আজই জয়েন করুন এবং কোটিপতি হোন!,আজই জয়েন করুন এবং কোটিপতি হোন!
spam,1,আপনার স্বপ্নের কাজ করে কোটিপতি হোন!,আপনার স্বপ্নের কাজ করে কোটিপতি হোন!
spam,1,বিশেষ অফার! আপনার ফোনেই কোটিপতি হওয়ার সুযোগ!,বিশেষ অফার! আপনার ফোনেই কোটিপতি হওয়ার সুযোগ!
spam,1,আপনার ইচ্ছেমতো কাজ করে কোটিপতি হোন!,আপনার ইচ্ছেমতো কাজ করে কোটিপতি হোন!
spam,1,আপনার দক্ষতা দিয়ে কোটিপতি হোন!,আপনার দক্ষতা দিয়ে কোটিপতি হোন!
spam,1,আপনার সৃজনশীলতা দিয়ে কোটিপতি হোন!,আপনার সৃজনশীলতা দিয়ে কোটিপতি হোন!
spam,1,কোন অভিজ্ঞতা ছাড়াই কোটিপতি হওয়ার সেরা সুযোগ!,কোন অভিজ্ঞতা ছাড়াই কোটিপতি হওয়ার সেরা সুযোগ!
spam,1,বিশেষ ছাড়! আজই জয়েন করুন এবং কোটিপতি হোন!,বিশেষ ছাড়! আজই জয়েন করুন এবং কোটিপতি হোন!
spam,1,আপনার কম্পিউটার থেকে কোটিপতি হোন!,আপনার কম্পিউটার থেকে কোটিপতি হোন!
spam,1,আপনার ইচ্ছেমতো সময় দিয়ে কোটিপতি হোন!,আপনার ইচ্ছেমতো সময় দিয়ে কোটিপতি হোন!
spam,1,বিশেষ ছাড়! কোটিপতি হওয়ার নতুন সুযোগ!,বিশেষ ছাড়! কোটিপতি হওয়ার নতুন সুযোগ!
spam,1,"ফ্রি রেজিস্ট্রেশন, কোটিপতি হওয়ার সেরা সুযোগ!","ফ্রি রেজিস্ট্রেশন, কোটিপতি হওয়ার সেরা সুযোগ!"
spam,1,ফ্রিল্যান্সিং করে কোটিপতি হোন!,ফ্রিল্যান্সিং করে কোটিপতি হোন!
spam,1,ফ্রি ট্রেনিং এবং কোটিপতি হওয়ার সুযোগ!,ফ্রি ট্রেনিং এবং কোটিপতি হওয়ার সুযোগ!
spam,1,ফ্রিল্যান্সিং প্রজেক্টে কাজ করে কোটিপতি হোন!,ফ্রিল্যান্সিং প্রজেক্টে কাজ করে কোটিপতি হোন!
spam,1,বিশেষ অফার! আজই জয়েন করুন এবং কোটিপতি হোন!,বিশেষ অফার! আজই জয়েন করুন এবং কোটিপতি হোন!
spam,1,আপনার মোবাইল থেকে কোটিপতি হওয়ার সেরা সুযোগ!,আপনার মোবাইল থেকে কোটিপতি হওয়ার সেরা সুযোগ!
spam,1,কোন অভিজ্ঞতা ছাড়াই কোটিপতি হওয়ার সুযোগ!,কোন অভিজ্ঞতা ছাড়াই কোটিপতি হওয়ার সুযোগ!
spam,1,সপ্তাহে একবার কাজ করেই লাখপতি হোন!,সপ্তাহে একবার কাজ করেই লাখপতি হোন!
spam,1,বিশেষ অফার! আজই রেজিস্ট্রেশন করুন এবং লাখপতি হোন!,বিশেষ অফার! আজই রেজিস্ট্রেশন করুন এবং লাখপতি হোন!
spam,1,মাসে মাত্র ৫ ঘণ্টা কাজ করে লাখপতি হওয়ার সুযোগ!,মাসে মাত্র <NUMBER> ঘণ্টা কাজ করে লাখপতি হওয়ার সুযোগ!
spam,1,আপনার ফোন থেকেই লাখপতি হোন!,আপনার ফোন থেকেই লাখপতি হোন!
spam,1,কোন বিনিয়োগ ছাড়াই লাখপতি হওয়ার সেরা সুযোগ!,কোন বিনিয়োগ ছাড়াই লাখপতি হওয়ার সেরা সুযোগ!
spam,1,বিশেষ ছাড়! লাখপতি হওয়ার জন্য এখনই রেজিস্ট্রেশন করুন!,বিশেষ ছাড়! লাখপতি হওয়ার জন্য এখনই রেজিস্ট্রেশন করুন!
spam,1,আপনার ফ্রি টাইমে লাখপতি হোন!,আপনার ফ্রি টাইমে লাখপতি হোন!
spam,1,ফ্রি মেম্বারশিপ সহ লাখপতি হওয়ার সুযোগ!,ফ্রি মেম্বারশিপ সহ লাখপতি হওয়ার সুযোগ!
spam,1,আপনার ল্যাপটপ থেকে লাখপতি হোন!,আপনার ল্যাপটপ থেকে লাখপতি হোন!
spam,1,সরাসরি মোবাইল থেকে লাখপতি হওয়ার সেরা সুযোগ!,সরাসরি মোবাইল থেকে লাখপতি হওয়ার সেরা সুযোগ!
spam,1,আজই জয়েন করুন এবং লাখপতি হোন!,আজই জয়েন করুন এবং লাখপতি হোন!
spam,1,আপনার স্বপ্নের কাজ করে লাখপতি হোন!,আপনার স্বপ্নের কাজ করে লাখপতি হোন!
spam,1,বিশেষ অফার! আপনার ফোনেই লাখপতি হওয়ার সুযোগ!,বিশেষ অফার! আপনার ফোনেই লাখপতি হওয়ার সুযোগ!
spam,1,আপনার ইচ্ছেমতো কাজ করে লাখপতি হোন!,আপনার ইচ্ছেমতো কাজ করে লাখপতি হোন!
spam,1,আপনার দক্ষতা দিয়ে লাখপতি হোন!,আপনার দক্ষতা দিয়ে লাখপতি হোন!
spam,1,আপনার সৃজনশীলতা দিয়ে লাখপতি হোন!,আপনার সৃজনশীলতা দিয়ে লাখপতি হোন!
spam,1,কোন অভিজ্ঞতা ছাড়াই লাখপতি হওয়ার সেরা সুযোগ!,কোন অভিজ্ঞতা ছাড়াই লাখপতি হওয়ার সেরা সুযোগ!
spam,1,বিশেষ ছাড়! আজই জয়েন করুন এবং লাখপতি হোন!,বিশেষ ছাড়! আজই জয়েন করুন এবং লাখপতি হোন!
spam,1,আপনার কম্পিউটার থেকে লাখপতি হোন!,আপনার কম্পিউটার থেকে লাখপতি হোন!
spam,1,আপনার ইচ্ছেমতো সময় দিয়ে লাখপতি হোন!,আপনার ইচ্ছেমতো সময় দিয়ে লাখপতি হোন!
spam,1,বিশেষ ছাড়! লাখপতি হওয়ার নতুন সুযোগ!,বিশেষ ছাড়! লাখপতি হওয়ার নতুন সুযোগ!
spam,1,"ফ্রি রেজিস্ট্রেশন, লাখপতি হওয়ার সেরা সুযোগ!","ফ্রি রেজিস্ট্রেশন, লাখপতি হওয়ার সেরা সুযোগ!"
spam,1,ফ্রিল্যান্সিং করে লাখপতি হোন!,ফ্রিল্যান্সিং করে লাখপতি হোন!
spam,1,ফ্রি ট্রেনিং এবং লাখপতি হওয়ার সুযোগ!,ফ্রি ট্রেনিং এবং লাখপতি হওয়ার সুযোগ!
spam,1,ফ্রিল্যান্সিং প্রজেক্টে কাজ করে লাখপতি হোন!,ফ্রিল্যান্সিং প্রজেক্টে কাজ করে লাখপতি হোন!
spam,1,বিশেষ অফার! আজই জয়েন করুন এবং লাখপতি হোন!,বিশেষ অফার! আজই জয়েন করুন এবং লাখপতি হোন!
spam,1,আপনার মোবাইল থেকে লাখপতি হওয়ার সেরা সুযোগ!,আপনার মোবাইল থেকে লাখপতি হওয়ার সেরা সুযোগ!
spam,1,কোন অভিজ্ঞতা ছাড়াই লাখপতি হওয়ার সুযোগ!,কোন অভিজ্ঞতা ছাড়াই লাখপতি হওয়ার সুযোগ!
spam,1,"ঘরে বসেই মাসে ৩০,০০০ টাকা আয় করুন!",ঘরে বসেই মাসে <MONEY> আয় করুন!
spam,1,বিশেষ অফার! আজই রেজিস্ট্রেশন করুন এবং ঘরে বসে আয় শুরু করুন!,বিশেষ অফার! আজই রেজিস্ট্রেশন করুন এবং ঘরে বসে আয় শুরু করুন!
spam,1,কোন বিনিয়োগ ছাড়াই ঘরে বসে আয় করার সেরা সুযোগ!,কোন বিনিয়োগ ছাড়াই ঘরে বসে আয় করার সেরা সুযোগ!
spam,1,আপনার ফোন থেকেই ঘরে বসে আয় করুন!,আপনার ফোন থেকেই ঘরে বসে আয় করুন!
spam,1,মাসে মাত্র ৫ ঘণ্টা কাজ করে ঘরে বসে আয় করুন!,মাসে মাত্র <NUMBER> ঘণ্টা কাজ করে ঘরে বসে আয় করুন!
spam,1,বিশেষ ছাড়! ঘরে বসে আয় করার জন্য এখনই রেজিস্ট্রেশন করুন!,বিশেষ ছাড়! ঘরে বসে আয় করার জন্য এখনই রেজিস্ট্রেশন করুন!
spam,1,ফ্রি মেম্বারশিপ সহ ঘরে বসে আয় করার সুযোগ!,ফ্রি মেম্বারশিপ সহ ঘরে বসে আয় করার সুযোগ!
spam,1,আপনার ল্যাপটপ থেকে ঘরে বসে আয় করুন!,আপনার ল্যাপটপ থেকে ঘরে বসে আয় করুন!
spam,1,সরাসরি মোবাইল থেকে ঘরে বসে আয় করার সেরা সুযোগ!,সরাসরি মোবাইল থেকে ঘরে বসে আয় করার সেরা সুযোগ!
spam,1,আপনার স্বপ্নের কাজ করে ঘরে বসে আয় করুন!,আপনার স্বপ্নের কাজ করে ঘরে বসে আয় করুন!
spam,1,বিশেষ অফার! আপনার ফোনেই ঘরে বসে আয় করার সুযোগ!,বিশেষ অফার! আপনার ফোনেই ঘরে বসে আয় করার সুযোগ!
spam,1,আপনার ইচ্ছেমতো কাজ করে ঘরে বসে আয় করুন!,আপনার ইচ্ছেমতো কাজ করে ঘরে বসে আয় করুন!
spam,1,আপনার দক্ষতা দিয়ে ঘরে বসে আয় করুন!,আপনার দক্ষতা দিয়ে ঘরে বসে আয় করুন!
spam,1,কোন অভিজ্ঞতা ছাড়াই ঘরে বসে আয় করার সেরা সুযোগ!,কোন অভিজ্ঞতা ছাড়াই ঘরে বসে আয় করার সেরা সুযোগ!
spam,1,বিশেষ ছাড়! আজই জয়েন করুন এবং ঘরে বসে আয় করুন!,বিশেষ ছাড়! আজই জয়েন করুন এবং ঘরে বসে আয় করুন!
spam,1,আপনার ইচ্ছেমতো সময় দিয়ে ঘরে বসে আয় করুন!,আপনার ইচ্ছেমতো সময় দিয়ে ঘরে বসে আয় করুন!
spam,1,"ফ্রি রেজিস্ট্রেশন, ঘরে বসে আয় করার সেরা সুযোগ!","ফ্রি রেজিস্ট্রেশন, ঘরে বসে আয় করার সেরা সুযোগ!"
spam,1,ফ্রি ট্রেনিং এবং ঘরে বসে আয় করার সুযোগ!,ফ্রি ট্রেনিং এবং ঘরে বসে আয় করার সুযোগ!
spam,1,আপনার ফ্রি টাইমে ঘরে বসে আয় করুন!,আপনার ফ্রি টাইমে ঘরে বসে আয় করুন!
spam,1,ফ্রিল্যান্সিং প্রজেক্টে কাজ করে ঘরে বসে আয় করুন!,ফ্রিল্যান্সিং প্রজেক্টে কাজ করে ঘরে বসে আয় করুন!
spam,1,বিশেষ অফার! আজই জয়েন করুন এবং ঘরে বসে আয় করুন!,বিশেষ অফার! আজই জয়েন করুন এবং ঘরে বসে আয় করুন!
spam,1,আপনার মোবাইল থেকে ঘরে বসে আয় করার সেরা সুযোগ!,আপনার মোবাইল থেকে ঘরে বসে আয় করার সেরা সুযোগ!
spam,1,কোন অভিজ্ঞতা ছাড়াই ঘরে বসে আয় করার সুযোগ!,কোন অভিজ্ঞতা ছাড়াই ঘরে বসে আয় করার সুযোগ!
spam,1,ফ্রিল্যান্সিং করে ঘরে বসে আয় করুন! কল ১৩৪,ফ্রিল্যান্সিং করে ঘরে বসে আয় করুন! কল <NUMBER>
spam,1,ফ্রিল্যান্সিং করে ঘরে বসে আয় করুন! কল ১২৯,ফ্রিল্যান্সিং করে ঘরে বসে আয় করুন! কল <NUMBER>
spam,1,ফ্রি ট্রেনিং এবং ঘরে বস,ফ্রি ট্রেনিং এবং ঘরে বস
spam,1,ফ্রিল্যান্সিং করে ঘরে বসে আয় করুন! কল ১২১,ফ্রিল্যান্সিং করে ঘরে বসে আয় করুন! কল <NUMBER>
ham,0,মানুষের বেঁচে থাকার জন্যঅপেক্ষা নামের ব্যাপারটি খুবপ্রয়োজন। অপেক্ষা হচ্ছে মানুষেরবেঁচে থাকার টনিক...---হুমায়ূন আহমেদ,মানুষের বেঁচে থাকার জন্যঅপেক্ষা নামের ব্যাপারটি খুবপ্রয়োজন। অপেক্ষা হচ্ছে মানুষেরবেঁচে থাকার টনিক...---হুমায়ূন আহমেদ
ham,0,"মনের কষ্ট আরচোখের পানি কাউকেদেখাতে নেই,জীবনসুখেরনা হলেওকাউকে বলতে নেই.. কারণ সবাই কষ্টদিতে পারে,কিন্তূ কেউকষ্টের ভাগনিতে পারেনা","মনের কষ্ট আরচোখের পানি কাউকেদেখাতে নেই,জীবনসুখেরনা হলেওকাউকে বলতে নেই.. কারণ সবাই কষ্টদিতে পারে,কিন্তূ কেউকষ্টের ভাগনিতে পারেনা"
ham,0,"মন আর ঘড় ভাঙতে স্ত্রীলোক যত পটু, পুরুষ তত নয়।
-চারুচন্দ্র বন্দ্যোপাধ্যায়","মন আর ঘড় ভাঙতে স্ত্রীলোক যত পটু, পুরুষ তত নয়। -চারুচন্দ্র বন্দ্যোপাধ্যায়"
ham,0,"কখনোই প্রিয় মানুষের কাছে নিজের দূর্বলতা প্রকাশ করবেন না,
যদি আপনি প্রকাশ করেন, তখন ঠিক সেই আপনার দূর্বল যায়গায় আঁঘাত করবে ।","কখনোই প্রিয় মানুষের কাছে নিজের দূর্বলতা প্রকাশ করবেন না, যদি আপনি প্রকাশ করেন, তখন ঠিক সেই আপনার দূর্বল যায়গায় আঁঘাত করবে ।"
ham,0,"বোকা মানুষ গুলো হয়তো অন্যকে বিরক্ত
করতে জানে। কিন্তু কখনো কাউকে ঠকাতে জানে না।",বোকা মানুষ গুলো হয়তো অন্যকে বিরক্ত করতে জানে। কিন্তু কখনো কাউকে ঠকাতে জানে না।
ham,0,"এক একটি স্কুল, কলেজের ছাত্র ছাত্রীরা কত বড় আর্টিস্ট,
তা প্রমাণ পাওয়া যায় ওই স্কুল কলেজর বাথরুম এর আর্টস দেখে। 😍😷","এক একটি স্কুল, কলেজের ছাত্র ছাত্রীরা কত বড় আর্টিস্ট, তা প্রমাণ পাওয়া যায় ওই স্কুল কলেজর বাথরুম এর আর্টস দেখে। 😍😷"
ham,0,"এই ছুটির চেতনা এবং এই আবহাওয়া আপনার হৃদয়কে ভালবাসা, শান্তি এবং শান্ত দিয়ে পূর্ণ করুক। এই ইসলামিক নববর্ষে আপনাকে অনেক অনেক শুভেচ্ছা।","এই ছুটির চেতনা এবং এই আবহাওয়া আপনার হৃদয়কে ভালবাসা, শান্তি এবং শান্ত দিয়ে পূর্ণ করুক। এই ইসলামিক নববর্ষে আপনাকে অনেক অনেক শুভেচ্ছা।"
ham,0,মহান আল্লাহ তায়ালা মুসলিম উম্মাহ এবং সমস্ত ইসলামী দেশের উপর তাঁর রহমত বর্ষণ করুন। হিজরী নববর্ষের শুভেচ্ছা।,মহান আল্লাহ তায়ালা মুসলিম উম্মাহ এবং সমস্ত ইসলামী দেশের উপর তাঁর রহমত বর্ষণ করুন। হিজরী নববর্ষের শুভেচ্ছা।
ham,0,সবাইকে হিজরী নববর্ষের শুভেচ্ছা এবং এই নববর্ষের নতুন আলোয় আলোকিত হয়ে সবার জীবন সাফল্যে ভরে উঠুক।,সবাইকে হিজরী নববর্ষের শুভেচ্ছা এবং এই নববর্ষের নতুন আলোয় আলোকিত হয়ে সবার জীবন সাফল্যে ভরে উঠুক।
ham,0,সমস্ত প্রশংসা ও কৃতজ্ঞতা আল্লাহর জন্য যাঁর মালিকানাধীন আসমান ও যমীনে যা কিছু আছে। বরকতময় হোক মহরম,সমস্ত প্রশংসা ও কৃতজ্ঞতা আল্লাহর জন্য যাঁর মালিকানাধীন আসমান ও যমীনে যা কিছু আছে। বরকতময় হোক মহরম
ham,0,"মহররমের শুভ দিনে, আল্লাহ আপনাকে স্বাস্থ্য, সম্পদ, শান্তি এবং সুখের সাথে আশীর্বাদ করুন!","মহররমের শুভ দিনে, আল্লাহ আপনাকে স্বাস্থ্য, সম্পদ, শান্তি এবং সুখের সাথে আশীর্বাদ করুন!"
ham,0,"শান্তি আমাদের চারপাশের সমস্ত খালি জায়গা পূর্ণ করুক, সুখ এই বছর আমাদের সমস্ত ইচ্ছার উত্তর দিক। ইসলামিক হিজরী নববর্ষের শুভেচ্ছা।","শান্তি আমাদের চারপাশের সমস্ত খালি জায়গা পূর্ণ করুক, সুখ এই বছর আমাদের সমস্ত ইচ্ছার উত্তর দিক। ইসলামিক হিজরী নববর্ষের শুভেচ্ছা।"
ham,0,"সবাইকে ইসলামিক নববর্ষের শুভেচ্ছা। এই নতুন বছর পৃথিবীতে বয়ে আনুক অনাবিল শান্তি, সমৃদ্ধি ও সুখ।","সবাইকে ইসলামিক নববর্ষের শুভেচ্ছা। এই নতুন বছর পৃথিবীতে বয়ে আনুক অনাবিল শান্তি, সমৃদ্ধি ও সুখ।"
ham,0,হিজরি নববর্ষের শুভেচ্ছা! আল্লাহ আপনার জীবনকে সুখ ও সমৃদ্ধিতে ভরিয়ে দিন।,হিজরি নববর্ষের শুভেচ্ছা! আল্লাহ আপনার জীবনকে সুখ ও সমৃদ্ধিতে ভরিয়ে দিন।
ham,0,নববর্ষের এই দিনে আপনার সকল দুঃখ দূর হয়ে যাক। হিজরি ১৪৪৬ মোবারক।,নববর্ষের এই দিনে আপনার সকল দুঃখ দূর হয়ে যাক। হিজরি <NUMBER> মোবারক।
ham,0,হিজরি নববর্ষের শুভেচ্ছা! আল্লাহ আপনার পরিবারকে শান্তি ও সমৃদ্ধি দান করুন।,হিজরি নববর্ষের শুভেচ্ছা! আল্লাহ আপনার পরিবারকে শান্তি ও সমৃদ্ধি দান করুন।
ham,0,নববর্ষের শুভেচ্ছা! আল্লাহ আপনার প্রতিটি দিনকে আশীর্বাদে ভরিয়ে তুলুন।,নববর্ষের শুভেচ্ছা! আল্লাহ আপনার প্রতিটি দিনকে আশীর্বাদে ভরিয়ে তুলুন।
ham,0,হিজরি নববর্ষে আপনার সকল স্বপ্ন পূরণ হোক। শুভ নববর্ষ।,হিজরি নববর্ষে আপনার সকল স্বপ্ন পূরণ হোক। শুভ নববর্ষ।
ham,0,নববর্ষের শুভেচ্ছা! আল্লাহ আপনার জীবনে সুখ ও সমৃদ্ধির ধারা বইয়ে দিন।,নববর্ষের শুভেচ্ছা! আল্লাহ আপনার জীবনে সুখ ও সমৃদ্ধির ধারা বইয়ে দিন।
ham,0,নববর্ষের শুভেচ্ছা! আল্লাহ আপনার সকল কষ্ট দূর করে আপনার জীবনকে আলোকিত করুন।,নববর্ষের শুভেচ্ছা! আল্লাহ আপনার সকল কষ্ট দূর করে আপনার জীবনকে আলোকিত করুন।
ham,0,শেখ হাসিনা সরকারের সাফল্য:,শেখ হাসিনা সরকারের সাফল্য:
ham,0,নৌবাহিনীতে আর্থিক লেনদেনের মাধ্যমে ভর্তি হওয়া দন্ডনীয় অপরাধ। প্রতারক বা দালাল চক্র হতে সাবধান।,নৌবাহিনীতে আর্থিক লেনদেনের মাধ্যমে ভর্তি হওয়া দন্ডনীয় অপরাধ। প্রতারক বা দালাল চক্র হতে সাবধান।
ham,0,"“বস্ত্র অধিদপ্তরাধীন বঙ্গবন্ধু টেক্সটাইল ইঞ্জিনিয়ারিং কলেজ, কালিহাতী, টাংগাইলে বি.এসসি ইন টেক্সটাইল ইঞ্জিনিয়ারিং প্রোগ্রামে অনলাইনে ভর্তির আবেদন গ্রহণ চলছে” বিস্তারিত www.dot.gov.bd","“বস্ত্র অধিদপ্তরাধীন বঙ্গবন্ধু টেক্সটাইল ইঞ্জিনিয়ারিং কলেজ, কালিহাতী, টাংগাইলে বি.এসসি ইন টেক্সটাইল ইঞ্জিনিয়ারিং প্রোগ্রামে অনলাইনে ভর্তির আবেদন গ্রহণ চলছে” বিস্তারিত <URL>"
ham,0,৩০ সেপ্টেম্বর সন্ধ্যা ০৭-০৮ টায় ‘ক’ গ্রুপ এবং ০১ অক্টোবর ২০২২ সন্ধ্যা ০৭-০৮ টায় ‘খ’ গ্রুপ এর শেখ রাসেল অনলাইন কুইজ প্রতিযোগিতা অনুষ্ঠিত হবে। পরীক্ষায় অংশ নিতে ভিজিট করুনঃ quiz.sheikhrussel.gov.bd,<NUMBER> সেপ্টেম্বর সন্ধ্যা <NUMBER> - <NUMBER> টায় ‘ক’ গ্রুপ এবং <NUMBER> অক্টোবর <NUMBER> সন্ধ্যা <NUMBER> - <NUMBER> টায় ‘খ’ গ্রুপ এর শেখ রাসেল অনলাইন কুইজ প্রতিযোগিতা অনুষ্ঠিত হবে। পরীক্ষায় অংশ নিতে ভিজিট করুনঃ <URL>
ham,0,আগামী ১ অক্টোবর ২০২২ তারিখ হতে ভূমি নামজারির ডিসিআর ফি ১১০০ টাকা অনলাইনে প্রদান বাধ্যতামূলক। -ভূমি মন্ত্রণালয়,আগামী <NUMBER> অক্টোবর <NUMBER> তারিখ হতে ভূমি নামজারির ডিসিআর ফি <MONEY> অনলাইনে প্রদান বাধ্যতামূলক। -ভূমি মন্ত্রণালয়
ham,0,আজ “বঙ্গবন্ধু গ্লোবাল ইয়্যুথ লিডারশিপ অ্যাওয়ার্ড ২০২০” এর শুভ উদ্বোধন করবেন গণপ্রজাতন্ত্রী বাংলাদেশের মহামান্য রাষ্ট্রপতি মোঃ আব্দুল হামিদ।,আজ “বঙ্গবন্ধু গ্লোবাল ইয়্যুথ লিডারশিপ অ্যাওয়ার্ড <NUMBER> ” এর শুভ উদ্বোধন করবেন গণপ্রজাতন্ত্রী বাংলাদেশের মহামান্য রাষ্ট্রপতি মোঃ আব্দুল হামিদ।
ham,0,"আজ ৩০ সেপ্টেম্বর বিশ্ব নৌ দিবস । ‘‘বিশ্ব নৌ দিবসের আহবান, নাবিকগণই নৌ ভবিষ্যতের সোপান ’’- নৌ পরিবহন অধিদপ্তর ।","আজ <NUMBER> সেপ্টেম্বর বিশ্ব নৌ দিবস । ‘‘বিশ্ব নৌ দিবসের আহবান, নাবিকগণই নৌ ভবিষ্যতের সোপান ’’- নৌ পরিবহন অধিদপ্তর ।"
ham,0,বাংলাদেশ সেনাবাহিনীতে ৯০তম বিএমএ দীর্ঘমেয়াদী কোর্সে কমিশন্ড অফিসার পদে ভর্তির জন্য অনলাইনে আবেদন আহবান করা হচ্ছে। আবেদনের শেষ তারিখ ০৭ অক্টোবর ২০২২। বিস্তারিত https://joinbangladesharmy.army.mil.bd,বাংলাদেশ সেনাবাহিনীতে ৯০তম বিএমএ দীর্ঘমেয়াদী কোর্সে কমিশন্ড অফিসার পদে ভর্তির জন্য অনলাইনে আবেদন আহবান করা হচ্ছে। আবেদনের শেষ তারিখ <NUMBER> অক্টোবর <NUMBER> । বিস্তারিত <URL>
ham,0,শেখ রাসেল দিবস ২০২৩ উপলক্ষ্যে ৮-১৮ বছর বয়সী শিশু-কিশোরদের জন্য অনলাইন কুইজ প্রতিযোগিতা ২০২৩ শুরু হয়েছে।,শেখ রাসেল দিবস <NUMBER> উপলক্ষ্যে <NUMBER> - <NUMBER> বছর বয়সী শিশু-কিশোরদের জন্য অনলাইন কুইজ প্রতিযোগিতা <NUMBER> শুরু হয়েছে।
ham,0,০২ অক্টোবর জাতীয় উৎপাদনশীলতা দিবস। এ বছর দিবসের মূল প্রতিপাদ্য বিষয়-“অপ্রতিরোধ্য অগ্রযাত্রায় উৎপাদনশীলতা”।,<NUMBER> অক্টোবর জাতীয় উৎপাদনশীলতা দিবস। এ বছর দিবসের মূল প্রতিপাদ্য বিষয়-“অপ্রতিরোধ্য অগ্রযাত্রায় উৎপাদনশীলতা”।
ham,0,তথ্য ও যোগাযোগ প্রযুক্তি বিভাগের উদ্যোগে উদ্বোধন হলো ‘হাসিনা এন্ড ফ্রেন্ডস’। ভিজিট করুন: www.hasinaandfriends.gov.bd,তথ্য ও যোগাযোগ প্রযুক্তি বিভাগের উদ্যোগে উদ্বোধন হলো ‘হাসিনা এন্ড ফ্রেন্ডস’। ভিজিট করুন: <URL>
ham,0,আজ বিশ্ব জলাতঙ্ক দিবস-২০২১,আজ বিশ্ব জলাতঙ্ক দিবস- <NUMBER>
ham,0,"২৮ সেপ্টেম্বর বিশ্ব জলাতঙ্ক দিবস । প্রতিপাদ্য ‘জলাতঙ্ক: মৃত্যু আর নয়, সবার সাথে সমন্বয়’-সিডিসি, স্বাস্থ্য অধিদপ্তর।","<NUMBER> সেপ্টেম্বর বিশ্ব জলাতঙ্ক দিবস । প্রতিপাদ্য ‘জলাতঙ্ক: মৃত্যু আর নয়, সবার সাথে সমন্বয়’-সিডিসি, স্বাস্থ্য অধিদপ্তর।"
ham,0,"বিশ্ব পর্যটন দিবস ২০২২ এর প্রতিপাদ্য “পর্যটনে নতুন ভাবনা’’। অংশীজনদের কানেক্টিভিটি দৃঢ়করণের মাধ্যমে পর্যটনের উন্নয়ন আমাদের লক্ষ্য। বাংলাদেশ ট্যুরিজম বোর্ড, বেসামরিক বিমান পরিবহন ও পর্যটন মন্ত্রণালয়।","বিশ্ব পর্যটন দিবস <NUMBER> এর প্রতিপাদ্য “পর্যটনে নতুন ভাবনা’’। অংশীজনদের কানেক্টিভিটি দৃঢ়করণের মাধ্যমে পর্যটনের উন্নয়ন আমাদের লক্ষ্য। বাংলাদেশ ট্যুরিজম বোর্ড, বেসামরিক বিমান পরিবহন ও পর্যটন মন্ত্রণালয়।"
ham,0,"“অন্তর্ভুক্তিমূলক প্রবৃদ্ধিতে পর্যটন”। টেকসই ও অন্তর্ভুক্তিমূলক পর্যটনের মাধ্যমে সমৃদ্ধি অর্জনই আমাদের লক্ষ্য-বাংলাদেশ ট্যুরিজম বোর্ড, বেসামরিক বিমান পরিবহন ও পর্যটন মন্ত্রণালয়।","“অন্তর্ভুক্তিমূলক প্রবৃদ্ধিতে পর্যটন”। টেকসই ও অন্তর্ভুক্তিমূলক পর্যটনের মাধ্যমে সমৃদ্ধি অর্জনই আমাদের লক্ষ্য-বাংলাদেশ ট্যুরিজম বোর্ড, বেসামরিক বিমান পরিবহন ও পর্যটন মন্ত্রণালয়।"
ham,0,২৮ সেপ্টেম্বর আন্তর্জাতিক তথ্য অধিকার দিবস ‘‘তথ্য প্রযুক্তির যুগে জনগণের তথ্য অধিকার নিশ্চিত হোক” -তথ্য কমিশন।,<NUMBER> সেপ্টেম্বর আন্তর্জাতিক তথ্য অধিকার দিবস ‘‘তথ্য প্রযুক্তির যুগে জনগণের তথ্য অধিকার নিশ্চিত হোক” -তথ্য কমিশন।
ham,0,২৮ সেপ্টেম্বর আন্তর্জাতিক তথ্য অধিকার দিবস,<NUMBER> সেপ্টেম্বর আন্তর্জাতিক তথ্য অধিকার দিবস
ham,0,"‘‘বৈদেশিক কর্মসংস্থান, ঋণ সহায়তা, প্রবাসী কর্মী ও তাঁদের পরিবারের কল্যাণ এবং সহযোগিতার জন্য দিনরাত ২৪/৭ যোগাযোগ করুন: প্রবাসবন্ধু কলসেন্টার, ১৬১৩৫ (টোল ফ্রি, দেশ থেকে), +৮৮০৯৬১০১০২০৩০ (বিদেশ থেকে)’’","‘‘বৈদেশিক কর্মসংস্থান, ঋণ সহায়তা, প্রবাসী কর্মী ও তাঁদের পরিবারের কল্যাণ এবং সহযোগিতার জন্য দিনরাত <NUMBER> / <NUMBER> যোগাযোগ করুন: প্রবাসবন্ধু কলসেন্টার, <PHONE> (টোল ফ্রি, দেশ থেকে), <PHONE> (বিদেশ থেকে)’’"
ham,0,"বোয়েসেল জর্ডানে সরকারিভাবে বিনা খরচে মহিলা গার্মেন্টস কর্মী নিয়োগ দিচ্ছে। প্রতি শুক্রবার বিকেটিটিসি, বিজিটিটিসি ও শেখ ফজিলাতুন্নেছা মুজিব টিটিসি, মিরপুরে কর্মী বাছাই করা হবে। যোগাযোগঃ ০১৭৬৫-৪১১৬৫৩","বোয়েসেল জর্ডানে সরকারিভাবে বিনা খরচে মহিলা গার্মেন্টস কর্মী নিয়োগ দিচ্ছে। প্রতি শুক্রবার বিকেটিটিসি, বিজিটিটিসি ও শেখ ফজিলাতুন্নেছা মুজিব টিটিসি, মিরপুরে কর্মী বাছাই করা হবে। যোগাযোগঃ <PHONE>"
ham,0,২৪ সেপ্টেম্বর বিশ্ব নৌ দিবস। এ বছরের প্রতিপাদ্য “মারপোল কনভেনশনের ৫০ বছর-সামুদ্রিক পরিবেশ রক্ষায় নিরলস অগ্রযাত্রায়” -নৌপরিবহন অধিদপ্তর ।,<NUMBER> সেপ্টেম্বর বিশ্ব নৌ দিবস। এ বছরের প্রতিপাদ্য “মারপোল কনভেনশনের <NUMBER> বছর-সামুদ্রিক পরিবেশ রক্ষায় নিরলস অগ্রযাত্রায়” -নৌপরিবহন অধিদপ্তর ।
ham,0,"২২ সেপ্টেম্বর ২০২১ “বিশ্ব ব্যক্তিগত গাড়িমুক্ত দিবস”। “গণপরিবহনে ও হেঁটে চলি, ব্যক্তিগত গাড়ি সীমিত করি”-ডিটিসিএ।","<NUMBER> সেপ্টেম্বর <NUMBER> “বিশ্ব ব্যক্তিগত গাড়িমুক্ত দিবস”। “গণপরিবহনে ও হেঁটে চলি, ব্যক্তিগত গাড়ি সীমিত করি”-ডিটিসিএ।"
ham,0,‘বাংলাদেশ সেনাবাহিনীতে কমিশন্ড অফিসার হিসেবে ৯২তম বিএমএ দীর্ঘমেয়াদী কোর্সে যোগ দিন। বিস্তারিতঃ https://joinbangladesharmy.mil.mil.bd’,‘বাংলাদেশ সেনাবাহিনীতে কমিশন্ড অফিসার হিসেবে ৯২তম বিএমএ দীর্ঘমেয়াদী কোর্সে যোগ দিন। বিস্তারিতঃ <URL>
ham,0,‘স্মার্ট বাংলাদেশ দিবস ২০২৩’ উপলক্ষ্যে ৮ বা তদুর্ধ্ব বছর বয়সী নাগরিকের জন্য কুইজ প্রতিযোগিতা আয়োজন করা হয়েছে। নিবন্ধন চলবে ২০/০৯/২০২৩ পর্যন্ত। বিস্তারিত: quiz.smartbangladesh.gov.bd,‘স্মার্ট বাংলাদেশ দিবস <NUMBER> ’ উপলক্ষ্যে <NUMBER> বা তদুর্ধ্ব বছর বয়সী নাগরিকের জন্য কুইজ প্রতিযোগিতা আয়োজন করা হয়েছে। নিবন্ধন চলবে <NUMBER> / <NUMBER> / <NUMBER> পর্যন্ত। বিস্তারিত: <URL>
ham,0,‘বাংলাদেশ বিমান বাহিনীতে ৮৯ বাফা কোর্সে অফিসার ক্যাডেট নিয়োগ চলছে। বিস্তারিতঃ https://joinairforce.baf.mil.bd’,‘বাংলাদেশ বিমান বাহিনীতে <NUMBER> বাফা কোর্সে অফিসার ক্যাডেট নিয়োগ চলছে। বিস্তারিতঃ <URL>
ham,0,বাংলাদেশ নৌবাহিনীতে অফিসার ক্যাডেট পদে নিয়োগ চলছে। ভিজিট করুনঃ www.joinnavy.navy.mil.bd,বাংলাদেশ নৌবাহিনীতে অফিসার ক্যাডেট পদে নিয়োগ চলছে। ভিজিট করুনঃ <URL>
ham,0,ইভিএম এর প্রকৃত উদ্দেশ্য জাল ভোট বন্ধ করে জনগণের ভোটাধিকার সুনিশ্চিত করা-ইসি,ইভিএম এর প্রকৃত উদ্দেশ্য জাল ভোট বন্ধ করে জনগণের ভোটাধিকার সুনিশ্চিত করা-ইসি
ham,0,নৌবাহিনীতে আর্থিক লেনদেনের মাধ্যমে ভর্তি হওয়া দন্ডনীয় অপরাধ। প্রতারক বা দালাল চক্র হতে সাবধান।,নৌবাহিনীতে আর্থিক লেনদেনের মাধ্যমে ভর্তি হওয়া দন্ডনীয় অপরাধ। প্রতারক বা দালাল চক্র হতে সাবধান।
ham,0,আন্তর্জাতিক নিউট্রিশন অলিম্পিয়াড ২০২২ এ অংশ নিয়ে সকলের পুষ্টিমান উন্নত করতে তরুণদের নেতৃত্ব প্রতিষ্ঠায় সহায়তা করুন। নাম নিবন্ধন করুন: http://cutt.ly/8CgjCP9,আন্তর্জাতিক নিউট্রিশন অলিম্পিয়াড <NUMBER> এ অংশ নিয়ে সকলের পুষ্টিমান উন্নত করতে তরুণদের নেতৃত্ব প্রতিষ্ঠায় সহায়তা করুন। নাম নিবন্ধন করুন: <URL>
ham,0,ইভিএম এর মাধ্যমে আঙ্গুলের ছাপ যাচাই করা হয় বিধায় দ্বিতীয়বার ভোট প্রদান করা সম্ভব নয়-ইসি,ইভিএম এর মাধ্যমে আঙ্গুলের ছাপ যাচাই করা হয় বিধায় দ্বিতীয়বার ভোট প্রদান করা সম্ভব নয়-ইসি
ham,0,আজ ‘বিশ্ব ওজোন দিবস’ ১৬ সেপ্টেম্বর ২০২৩। ওজোনস্তর রক্ষায় এবারের প্রতিপাদ্য:,আজ ‘বিশ্ব ওজোন দিবস’ <NUMBER> সেপ্টেম্বর <NUMBER> । ওজোনস্তর রক্ষায় এবারের প্রতিপাদ্য:
ham,0,"“মন্ট্রিল প্রটোকল মেনে ওজোনস্তর রক্ষা করি- নিরাপদ খাদ্য ও প্রতিষেধকের শীতল বিশ্ব গড়ি” প্রত্যয়ে আজ পালিত হচ্ছে বিশ্ব ওজোন দিবস। পরিবেশ অধিদপ্তর, পরিবেশ, বন ও জলবায়ু পরিবর্তন মন্ত্রণালয়।","“মন্ট্রিল প্রটোকল মেনে ওজোনস্তর রক্ষা করি- নিরাপদ খাদ্য ও প্রতিষেধকের শীতল বিশ্ব গড়ি” প্রত্যয়ে আজ পালিত হচ্ছে বিশ্ব ওজোন দিবস। পরিবেশ অধিদপ্তর, পরিবেশ, বন ও জলবায়ু পরিবর্তন মন্ত্রণালয়।"
ham,0,বাংলাদেশ নৌবাহিনীতে অফিসার ক্যাডেট পদে নিয়োগ চলছে। ভিজিট করুনঃ http://joinnavy.navy.mil.bd,বাংলাদেশ নৌবাহিনীতে অফিসার ক্যাডেট পদে নিয়োগ চলছে। ভিজিট করুনঃ <URL>
ham,0,"১৪ সেপ্টেম্বর, ‘‘জাতীয় স্থানীয় সরকার দিবস’’","<NUMBER> সেপ্টেম্বর, ‘‘জাতীয় স্থানীয় সরকার দিবস’’"
ham,0,যুব ও ক্রীড়া মন্ত্রণালয় কর্তৃক ১১ সেপ্টেম্বর ২০২২ সকাল ১০টায় ওসমানী স্মৃতি মিলনায়তনে ‘শেখ হাসিনা ইয়ুথ ভলান্টিয়ার অ্যাওয়ার্ড’-২০২২ প্রদান করা হবে। প্রধান অতিথি হিসেবে উপস্থিত থাকবেন মাননীয় প্রধানমন্ত্রী শেখ হাসিনা।,যুব ও ক্রীড়া মন্ত্রণালয় কর্তৃক <NUMBER> সেপ্টেম্বর <NUMBER> সকাল ১০টায় ওসমানী স্মৃতি মিলনায়তনে ‘শেখ হাসিনা ইয়ুথ ভলান্টিয়ার অ্যাওয়ার্ড’- <NUMBER> প্রদান করা হবে। প্রধান অতিথি হিসেবে উপস্থিত থাকবেন মাননীয় প্রধানমন্ত্রী শেখ হাসিনা।
ham,0,"“গড়তে উন্নত দেশ, চাই বিনিয়োগ-বান্ধব বাংলাদেশ” ষষ্ঠ প্রতিষ্ঠাবার্ষিকীতে সকলকে শুভেচ্ছা। বাংলাদেশ বিনিয়োগ উন্নয়ন কর্তৃপক্ষ (বিডা), প্রধানমন্ত্রীর কার্যালয়। www.bida.gov.bd","“গড়তে উন্নত দেশ, চাই বিনিয়োগ-বান্ধব বাংলাদেশ” ষষ্ঠ প্রতিষ্ঠাবার্ষিকীতে সকলকে শুভেচ্ছা। বাংলাদেশ বিনিয়োগ উন্নয়ন কর্তৃপক্ষ (বিডা), প্রধানমন্ত্রীর কার্যালয়। <URL>"
ham,0,"০৮-১৪ অক্টোবর ২০২৩ জাতীয় কৃমি নিয়ন্ত্রণ সপ্তাহে ৫-১৬ বছর বয়সী সকল শিশুকে বিদ্যালয়ে উপস্থিতির মাধ্যমে ভরাপেটে ১ ডোজ কৃমি নাশক ওষুধ খাওয়ান-স্বাস্থ্য অধিদপ্তর, স্বাস্থ্য ও প. ক. মন্ত্রণালয়।","<NUMBER> - <NUMBER> অক্টোবর <NUMBER> জাতীয় কৃমি নিয়ন্ত্রণ সপ্তাহে <NUMBER> - <NUMBER> বছর বয়সী সকল শিশুকে বিদ্যালয়ে উপস্থিতির মাধ্যমে ভরাপেটে <NUMBER> ডোজ কৃমি নাশক ওষুধ খাওয়ান-স্বাস্থ্য অধিদপ্তর, স্বাস্থ্য ও প. ক. মন্ত্রণালয়।"
ham,0,ইভিএমে ভোট দিতে পছন্দের প্রতীকের পাশের সাদা বাটন এবং ভোট নিশ্চিত করতে সবুজ বাটন চাপুন-ইসি,ইভিএমে ভোট দিতে পছন্দের প্রতীকের পাশের সাদা বাটন এবং ভোট নিশ্চিত করতে সবুজ বাটন চাপুন-ইসি
ham,0,‘‘অনলাইনে নিরাপদ থাকা সহজ” এই প্রতিপাদ্যকে সামনে রেখে অক্টোবর মাসব্যাপী পালিত হচ্ছে সাইবার নিরাপত্তা সচেতনতা মাস ২০২২-বিটিআরসি।,‘‘অনলাইনে নিরাপদ থাকা সহজ” এই প্রতিপাদ্যকে সামনে রেখে অক্টোবর মাসব্যাপী পালিত হচ্ছে সাইবার নিরাপত্তা সচেতনতা মাস <NUMBER> -বিটিআরসি।
ham,0,"শেখ রাসেল দিবস উদযাপন উপলক্ষ্যে জাতীয় বিজ্ঞান ও প্রযুক্তি জাদুঘর কর্তৃক আগামী ৯ অক্টোবর, ২০২১খ্রিঃ রচনা ও চিত্রাঙ্কন প্রতিযোগিতা সম্পর্কে বিস্তারিত জানতে ভিজিট করুনঃ www.nmst.gov.bd।","শেখ রাসেল দিবস উদযাপন উপলক্ষ্যে জাতীয় বিজ্ঞান ও প্রযুক্তি জাদুঘর কর্তৃক আগামী <NUMBER> অক্টোবর, ২০২১খ্রিঃ রচনা ও চিত্রাঙ্কন প্রতিযোগিতা সম্পর্কে বিস্তারিত জানতে ভিজিট করুনঃ <URL>"
ham,0,ইভিএম এর মাধ্যমে আঙ্গুলের ছাপ যাচাই করা হয় বিধায় দ্বিতীয়বার ভোট প্রদান করা সম্ভব নয়-ইসি।,ইভিএম এর মাধ্যমে আঙ্গুলের ছাপ যাচাই করা হয় বিধায় দ্বিতীয়বার ভোট প্রদান করা সম্ভব নয়-ইসি।
ham,0,আইসিটি ফ্রিল্যান্সারদের অ্যাসেসমেন্ট ও সনদায়নের লক্ষ্যে আবেদন সংগ্রহ করা হচ্ছে। বিস্তারিত তথ্যের জন্য ভিজিট করুন www.nsda.gov.bd।,আইসিটি ফ্রিল্যান্সারদের অ্যাসেসমেন্ট ও সনদায়নের লক্ষ্যে আবেদন সংগ্রহ করা হচ্ছে। বিস্তারিত তথ্যের জন্য ভিজিট করুন <URL>
ham,0,০৬ অক্টোবর ২০২২ জাতীয় জন্ম ও মৃত্যু নিবন্ধন দিবস। এবারের প্রতিপাদ্য,<NUMBER> অক্টোবর <NUMBER> জাতীয় জন্ম ও মৃত্যু নিবন্ধন দিবস। এবারের প্রতিপাদ্য
ham,0,"০৬ অক্টোবর ২০২১ জাতীয় জন্ম ও মৃত্যু নিবন্ধন দিবস। এবারের প্রতিপাদ্য ‘সবার জন্য প্রয়োজন জন্ম ও মৃত্যুর পরপরই নিবন্ধন’। রেজিস্ট্রার জেনারেলের কার্যালয়, জন্ম ও মৃত্যু নিবন্ধন, স্থানীয় সরকার বিভাগ।","<NUMBER> অক্টোবর <NUMBER> জাতীয় জন্ম ও মৃত্যু নিবন্ধন দিবস। এবারের প্রতিপাদ্য ‘সবার জন্য প্রয়োজন জন্ম ও মৃত্যুর পরপরই নিবন্ধন’। রেজিস্ট্রার জেনারেলের কার্যালয়, জন্ম ও মৃত্যু নিবন্ধন, স্থানীয় সরকার বিভাগ।"
ham,0,"“নাগরিক অধিকার করতে সুরক্ষণ ৪৫ দিনের মধ্যে জন্ম ও মৃত্যু নিবন্ধন”। - জন্ম ও মৃত্যু নিবন্ধন, স্থানীয় সরকার বিভাগ","“নাগরিক অধিকার করতে সুরক্ষণ <NUMBER> দিনের মধ্যে জন্ম ও মৃত্যু নিবন্ধন”। - জন্ম ও মৃত্যু নিবন্ধন, স্থানীয় সরকার বিভাগ"
ham,0,বাংলাদেশ সেনাবাহিনীর ৪০তম ডিএসএসসি (এএফএনএস) কোর্সে যোগদানের জন্য ২৩ সেপ্টেম্বর ২০২২ তারিখ হতে আবেদন আহবান করা হয়েছে। বিস্তারিত : https://joinbangladesharmy.army.mil.bd,বাংলাদেশ সেনাবাহিনীর ৪০তম ডিএসএসসি (এএফএনএস) কোর্সে যোগদানের জন্য <NUMBER> সেপ্টেম্বর <NUMBER> তারিখ হতে আবেদন আহবান করা হয়েছে। বিস্তারিত : <URL>
ham,0,প্রাকৃতিক ঘটনা সৌর ব্যতিচারের কারণে ৩০ সেপ্টেম্বর-০৭ অক্টোবর ২০২২ পর্যন্ত বিভিন্ন সময়ে বঙ্গবন্ধু স্যাটেলাইট-১ এর মাধ্যমে টিভি সম্প্রচারে সাময়িক বিঘ্ন ঘটতে পারে। বিস্তারিতঃ www.bscl.gov.bd,প্রাকৃতিক ঘটনা সৌর ব্যতিচারের কারণে <NUMBER> সেপ্টেম্বর- <NUMBER> অক্টোবর <NUMBER> পর্যন্ত বিভিন্ন সময়ে বঙ্গবন্ধু স্যাটেলাইট- <NUMBER> এর মাধ্যমে টিভি সম্প্রচারে সাময়িক বিঘ্ন ঘটতে পারে। বিস্তারিতঃ <URL>
ham,0,বিমান বাহিনীর জঙ্গী বিমান কুতুবদিয়া ফায়ারিং রেঞ্জে ০৪-২৫ অক্টো ২১ পর্যন্ত গোলাবর্ষণ করবে। এ সময় সকলকে উক্ত ফায়ারিং এলাকা পরিহার করার জন্য অনুরোধ করা হলো।,বিমান বাহিনীর জঙ্গী বিমান কুতুবদিয়া ফায়ারিং রেঞ্জে <NUMBER> - <NUMBER> অক্টো <NUMBER> পর্যন্ত গোলাবর্ষণ করবে। এ সময় সকলকে উক্ত ফায়ারিং এলাকা পরিহার করার জন্য অনুরোধ করা হলো।
ham,0,স্বাস্থ্যবিধি মেনে ৪-১৭ অক্টোবর ২০২০ পর্যন্ত ৬ মাস - ৫বছর বয়সী শিশুদের নিকটস্থ কেন্দ্রে ভিটামিন ‘এ’ ক্যাপসুল খাওয়ান: স্বাস্থ্য ও পরিবার কল্যাণ মন্ত্রণালয়,স্বাস্থ্যবিধি মেনে <NUMBER> - <NUMBER> অক্টোবর <NUMBER> পর্যন্ত <NUMBER> মাস - ৫বছর বয়সী শিশুদের নিকটস্থ কেন্দ্রে ভিটামিন ‘এ’ ক্যাপসুল খাওয়ান: স্বাস্থ্য ও পরিবার কল্যাণ মন্ত্রণালয়
ham,0,"৪ হতে ২৫ অক্টোবর “মা ইলিশ সংরক্ষণ অভিযান-২০২১” পরিচালিত হবে। এ সময়ে ইলিশ ধরা, পরিবহন, বাজারজাতকরণ, মজুদ, ক্রয়-বিক্রয় ও বিপনণ থেকে বিরত থাকি - মৎস ও প্রাণিসম্পদ মন্ত্রণালয়।","<NUMBER> হতে <NUMBER> অক্টোবর “মা ইলিশ সংরক্ষণ অভিযান- <NUMBER> ” পরিচালিত হবে। এ সময়ে ইলিশ ধরা, পরিবহন, বাজারজাতকরণ, মজুদ, ক্রয়-বিক্রয় ও বিপনণ থেকে বিরত থাকি - মৎস ও প্রাণিসম্পদ মন্ত্রণালয়।"
ham,0,বিশ্ব শিশু দিবস ২০২০ এর উদ্বোধনী অনুষ্ঠান আগামী ০৫/১০/২০২০ তারিখ সকাল ১০.০০ টায় ডিজিটাল পদ্ধতিতে টেলিভিশন/অনলাইনে উপভোগ করুন - মহিলা ও শিশু বিষয়ক মন্ত্রণালয়।,বিশ্ব শিশু দিবস <NUMBER> এর উদ্বোধনী অনুষ্ঠান আগামী <NUMBER> / <NUMBER> / <NUMBER> তারিখ সকাল <NUMBER> টায় ডিজিটাল পদ্ধতিতে টেলিভিশন/অনলাইনে উপভোগ করুন - মহিলা ও শিশু বিষয়ক মন্ত্রণালয়।
ham,0,ইভিএম এর প্রকৃত উদ্দেশ্য জাল ভোট বন্ধ করে ভোটাধিকার সুনিশ্চিত করা - ইসি।,ইভিএম এর প্রকৃত উদ্দেশ্য জাল ভোট বন্ধ করে ভোটাধিকার সুনিশ্চিত করা - ইসি।
ham,0,“মুজিববর্ষের মূলমন্ত্র - কমিউনিটি পুলিশিং সর্বত্র” কমিউনিটি পুলিশিং ডে-২০২০ সফল হোক। বাংলাদেশ পুলিশ,“মুজিববর্ষের মূলমন্ত্র - কমিউনিটি পুলিশিং সর্বত্র” কমিউনিটি পুলিশিং ডে- <NUMBER> সফল হোক। বাংলাদেশ পুলিশ
ham,0,"“মুজিববর্ষে পুলিশ নীতি, জনসেবা আর সম্প্রীতি”","“মুজিববর্ষে পুলিশ নীতি, জনসেবা আর সম্প্রীতি”"
ham,0,ইভিএম এর মাধ্যমে আঙ্গুলের ছাপ যাচাই করা হয় বিধায় দ্বিতীয়বার ভোট প্রদান করা সম্ভব নয় - ইসি।,ইভিএম এর মাধ্যমে আঙ্গুলের ছাপ যাচাই করা হয় বিধায় দ্বিতীয়বার ভোট প্রদান করা সম্ভব নয় - ইসি।
ham,0,"৩০ অক্টোবর থেকে ৫ নভেম্বর ২০২১ জাতীয় কৃমি নিয়ন্ত্রণ সপ্তাহে ৫-১৬ বছর বয়সী সকল শিশুকে বিদ্যালয়ে উপস্থিতির মাধ্যমে ভরাপেটে ১ ডোজ কৃমিনাশক ওষুধ খাওয়ান। -স্বাস্থ্য অধিদপ্তর, স্বাস্থ্য ও প.ক. মন্ত্রণালয়।","<NUMBER> অক্টোবর থেকে <NUMBER> নভেম্বর <NUMBER> জাতীয় কৃমি নিয়ন্ত্রণ সপ্তাহে <NUMBER> - <NUMBER> বছর বয়সী সকল শিশুকে বিদ্যালয়ে উপস্থিতির মাধ্যমে ভরাপেটে <NUMBER> ডোজ কৃমিনাশক ওষুধ খাওয়ান। -স্বাস্থ্য অধিদপ্তর, স্বাস্থ্য ও প.ক. মন্ত্রণালয়।"
ham,0,"“শিল্প মন্ত্রণালয়ের উদ্যোগে আগামী ২৮/১০/২০২১ তারিখ বেলা ১১.০০ টায় ওসমানী স্মৃতি মিলনায়তন, ঢাকায় বঙ্গবন্ধু শেখ মুজিব শিল্প পুরস্কার ২০২০ প্রদান করা হবে”।","“শিল্প মন্ত্রণালয়ের উদ্যোগে আগামী <NUMBER> / <NUMBER> / <NUMBER> তারিখ বেলা <NUMBER> টায় ওসমানী স্মৃতি মিলনায়তন, ঢাকায় বঙ্গবন্ধু শেখ মুজিব শিল্প পুরস্কার <NUMBER> প্রদান করা হবে”।"
ham,0,বাংলাদেশ নৌবাহিনীতে ডিপ্লোমা সম্পন্নকারী প্রার্থীদের ডাইরেক্ট এন্ট্রি আর্টিফিসার -৪র্থ হিসেবে নিয়োগ চলছে। আবেদন করতে লগইন করুনঃ www.joinnavy.navy.mil.bd,বাংলাদেশ নৌবাহিনীতে ডিপ্লোমা সম্পন্নকারী প্রার্থীদের ডাইরেক্ট এন্ট্রি আর্টিফিসার -৪র্থ হিসেবে নিয়োগ চলছে। আবেদন করতে লগইন করুনঃ <URL>
ham,0,আন্দামান সাগরে সৃষ্ট লঘুচাপটি নিম্নচাপে পরিণত হয়েছে। এটি রোববার রাতে ঘূর্ণিঝড়ে রূপ নিতে পারে। সকলকে নিজ নিজ স্থাপনা ও টেলিযোগাযোগ সম্পদ রক্ষায় প্রস্তুতি নেওয়ার জন্য অনুরোধ করা হল। - ডাক ও টেলিযোগাযোগ বিভাগ,আন্দামান সাগরে সৃষ্ট লঘুচাপটি নিম্নচাপে পরিণত হয়েছে। এটি রোববার রাতে ঘূর্ণিঝড়ে রূপ নিতে পারে। সকলকে নিজ নিজ স্থাপনা ও টেলিযোগাযোগ সম্পদ রক্ষায় প্রস্তুতি নেওয়ার জন্য অনুরোধ করা হল। - ডাক ও টেলিযোগাযোগ বিভাগ
ham,0,"জাতীয় নিরাপদ সড়ক দিবস ২০২২ “আইন মেনে সড়কে চলি, নিরাপদে ঘরে ফিরি”- সড়ক পরিবহন ও মহাসড়ক বিভাগ","জাতীয় নিরাপদ সড়ক দিবস <NUMBER> “আইন মেনে সড়কে চলি, নিরাপদে ঘরে ফিরি”- সড়ক পরিবহন ও মহাসড়ক বিভাগ"
ham,0,"‘২২ অক্টোবর জাতীয় নিরাপদ সড়ক দিবস-২০২০’। মূল প্রতিপাদ্য ‘মুজিব বর্ষের শপথ, সড়ক করবো নিরাপদ’। - সড়ক পরিবহন ও মহাসড়ক বিভাগ।","‘ <NUMBER> অক্টোবর জাতীয় নিরাপদ সড়ক দিবস- <NUMBER> ’। মূল প্রতিপাদ্য ‘মুজিব বর্ষের শপথ, সড়ক করবো নিরাপদ’। - সড়ক পরিবহন ও মহাসড়ক বিভাগ।"
ham,0,থ্যালাসেমিয়া রোগ থেকে বাঁচতে বিয়ের আগে রক্ত পরীক্ষা করিয়ে নিন। রোগী ও বাহক কিংবা বাহকে বাহকে বিয়ে নয়-বাংলাদেশ থ্যালাসেমিয়া সমিতি।,থ্যালাসেমিয়া রোগ থেকে বাঁচতে বিয়ের আগে রক্ত পরীক্ষা করিয়ে নিন। রোগী ও বাহক কিংবা বাহকে বাহকে বিয়ে নয়-বাংলাদেশ থ্যালাসেমিয়া সমিতি।
ham,0,"১৪ অক্টোবর হতে ০৪ নভেম্বর, “মা ইলিশ সংরক্ষণ অভিযান-২০২০”। এ সময়ে ইলিশ ধরা, পরিবহন, বাজারজাতকরণ, মজুদ, ক্রয়-বিক্রয় ও বিপনন থেকে বিরত থাকি-মৎস্য অধিদপ্তর/মপ্রাম।","<NUMBER> অক্টোবর হতে <NUMBER> নভেম্বর, “মা ইলিশ সংরক্ষণ অভিযান- <NUMBER> ”। এ সময়ে ইলিশ ধরা, পরিবহন, বাজারজাতকরণ, মজুদ, ক্রয়-বিক্রয় ও বিপনন থেকে বিরত থাকি-মৎস্য অধিদপ্তর/মপ্রাম।"
ham,0,০২ অক্টোবর জাতীয় উৎপাদনশীলতা দিবস। এ বছর দিবসের মূল প্রতিপাদ্য বিষয়-,<NUMBER> অক্টোবর জাতীয় উৎপাদনশীলতা দিবস। এ বছর দিবসের মূল প্রতিপাদ্য বিষয়-
ham,0,‘বঙ্গবন্ধু জাতীয় দক্ষতা প্রতিযোগিতা-২০২১’ এ নিবন্ধন চলছে। বিস্তারিত তথ্যের জন্য ভিজিট করুন www.nsda.gov.bd।,‘বঙ্গবন্ধু জাতীয় দক্ষতা প্রতিযোগিতা- <NUMBER> ’ এ নিবন্ধন চলছে। বিস্তারিত তথ্যের জন্য ভিজিট করুন <URL>
ham,0,"‘বর্জ্যের পরিশোধন, নিশ্চিত হবে টেকসই স্যানিটেশন’ আসুন সবাই মিলে এ অঙ্গিকারে অক্টোবর মাসব্যাপী উদযাপন করি জাতীয় স্যানিটেশন মাস ২০২২। জনস্বাস্থ্য প্রকৌশল অধিদপ্তর, স্থানীয় সরকার বিভাগ।","‘বর্জ্যের পরিশোধন, নিশ্চিত হবে টেকসই স্যানিটেশন’ আসুন সবাই মিলে এ অঙ্গিকারে অক্টোবর মাসব্যাপী উদযাপন করি জাতীয় স্যানিটেশন মাস <NUMBER> । জনস্বাস্থ্য প্রকৌশল অধিদপ্তর, স্থানীয় সরকার বিভাগ।"
ham,0,বাংলাদেশ নৌবাহিনীতে সরাসরি কমিশন্ড অফিসার পদে ২০২২- বি ডিইও ব্যাচে নিয়োগ চলছে। অনলাইনে আবেদনের শেষ তারিখ ০৭ নভেম্বর ২০২১। ভিজিট করুনঃ www.joinnavy.navy.mil.bd,বাংলাদেশ নৌবাহিনীতে সরাসরি কমিশন্ড অফিসার পদে <NUMBER> - বি ডিইও ব্যাচে নিয়োগ চলছে। অনলাইনে আবেদনের শেষ তারিখ <NUMBER> নভেম্বর <NUMBER> । ভিজিট করুনঃ <URL>
ham,0,"“কাউকে পশ্চাতে রেখে নয়। ভালো উৎপাদনে উত্তম পুষ্টি, সুরক্ষিত পরিবেশ এবং উন্নত জীবন।” -কৃষি মন্ত্রণালয়।","“কাউকে পশ্চাতে রেখে নয়। ভালো উৎপাদনে উত্তম পুষ্টি, সুরক্ষিত পরিবেশ এবং উন্নত জীবন।” -কৃষি মন্ত্রণালয়।"
ham,0,"১৮ অক্টোবর ২০২১ তারিখে জাতীয়ভাবে দেশব্যাপী ‘শেখ রাসেল দিবস’ উদ্‌যাপিত হবে। দিবসের প্রতিপাদ্য ‘শেখ রাসেল দীপ্ত জয়োল্লাস, অদম্য আত্মবিশ্বাস। বিস্তারিত- www.sheikhrussel.gov.bd","<NUMBER> অক্টোবর <NUMBER> তারিখে জাতীয়ভাবে দেশব্যাপী ‘শেখ রাসেল দিবস’ উদ্‌যাপিত হবে। দিবসের প্রতিপাদ্য ‘শেখ রাসেল দীপ্ত জয়োল্লাস, অদম্য আত্মবিশ্বাস। বিস্তারিত- <URL>"
ham,0,ইভিএম এ ভোট দিতে পছন্দের প্রতীকের পাশের সাদা বোতামটি চাপুন ও ভোট নিশ্চিত করতে সবুজ বোতামটি চাপুন-ইসি।,ইভিএম এ ভোট দিতে পছন্দের প্রতীকের পাশের সাদা বোতামটি চাপুন ও ভোট নিশ্চিত করতে সবুজ বোতামটি চাপুন-ইসি।
ham,0,আমাদের কর্মই আমাদের ভবিষ্যৎ।,আমাদের কর্মই আমাদের ভবিষ্যৎ।
ham,0,মুজিব শতবর্ষে বিশ্ব খাদ্য দিবসের আহবানঃ,মুজিব শতবর্ষে বিশ্ব খাদ্য দিবসের আহবানঃ
ham,0,"‘হাতের পরিচ্ছন্নতায় এসো সবে এক হই’। আসুন সবাই মিলে এ অঙ্গীকারে ১৫ অক্টোবর উদযাপন করি বিশ্ব হাত ধোয়া দিবস ২০২২। - জনস্বাস্থ্য প্রকৌশল অধিদপ্তর, স্থানীয় সরকার বিভাগ।","‘হাতের পরিচ্ছন্নতায় এসো সবে এক হই’। আসুন সবাই মিলে এ অঙ্গীকারে <NUMBER> অক্টোবর উদযাপন করি বিশ্ব হাত ধোয়া দিবস <NUMBER> । - জনস্বাস্থ্য প্রকৌশল অধিদপ্তর, স্থানীয় সরকার বিভাগ।"
ham,0,"১৫ই অক্টোবর, ২০২১ ‘বিশ্ব সাদাছড়ি নিরাপত্তা দিবস’। এ বছর দিবসের প্রতিপাদ্য “ডিজিটাল সাদাছড়ি, নিরাপদে পথ চলি”- সমাজ কল্যান মন্ত্রণালয়।","১৫ই অক্টোবর, <NUMBER> ‘বিশ্ব সাদাছড়ি নিরাপত্তা দিবস’। এ বছর দিবসের প্রতিপাদ্য “ডিজিটাল সাদাছড়ি, নিরাপদে পথ চলি”- সমাজ কল্যান মন্ত্রণালয়।"
ham,0,"“সকলের হাত সুরক্ষিত থাক”- এ প্রতিপাদ্যে ১৫ অক্টোবর দেশব্যাপী উদযাপিত হতে যাচ্ছে বিশ্ব হাত ধোয়া দিবস - জনস্বাস্থ্য প্রকৌশল অধিদপ্তর, স্থানীয় সরকার বিভাগ।","“সকলের হাত সুরক্ষিত থাক”- এ প্রতিপাদ্যে <NUMBER> অক্টোবর দেশব্যাপী উদযাপিত হতে যাচ্ছে বিশ্ব হাত ধোয়া দিবস - জনস্বাস্থ্য প্রকৌশল অধিদপ্তর, স্থানীয় সরকার বিভাগ।"
ham,0,‘১ মিনিট শব্দহীন’ কর্মসূচী বাস্তবায়নে ঢাকা শহরের গাড়ীচালকদের আগামী ১৫ অক্টোবর সকাল ১০ টা হতে ১০.০১ মিনিট পর্যন্ত হর্ন বাজানো হতে বিরত থাকতে অনুরোধ করা হলো।,‘ <NUMBER> মিনিট শব্দহীন’ কর্মসূচী বাস্তবায়নে ঢাকা শহরের গাড়ীচালকদের আগামী <NUMBER> অক্টোবর সকাল <NUMBER> টা হতে <NUMBER> মিনিট পর্যন্ত হর্ন বাজানো হতে বিরত থাকতে অনুরোধ করা হলো।
ham,0,ডিজিটাল অপরাধ বিষয়ে ডিএমপি ডিবি’র পেইজ:,ডিজিটাল অপরাধ বিষয়ে ডিএমপি ডিবি’র পেইজ:
ham,0,"“১৪ অক্টোবর ২০২১ বিশ্ব মান দিবস। এবারের প্রতিপাদ্য ‘সমন্বিত উদ্যোগে টেকসই উন্নত বিশ্ব বিনির্মাণে -মান’ বিএসটিআই, শিল্প মন্ত্রণালয়।”","“ <NUMBER> অক্টোবর <NUMBER> বিশ্ব মান দিবস। এবারের প্রতিপাদ্য ‘সমন্বিত উদ্যোগে টেকসই উন্নত বিশ্ব বিনির্মাণে -মান’ বিএসটিআই, শিল্প মন্ত্রণালয়।”"
ham,0,"১৪ অক্টোবর ২০২১ বিশ্ব মান দিবস। এবারের প্রতিপাদ্য ‘সমন্বিত উদ্যোগে টেকসই উন্নত বিশ্ব বিনির্মাণে -মান’ বিএসটিআই, শিল্প মন্ত্রণালয়।","<NUMBER> অক্টোবর <NUMBER> বিশ্ব মান দিবস। এবারের প্রতিপাদ্য ‘সমন্বিত উদ্যোগে টেকসই উন্নত বিশ্ব বিনির্মাণে -মান’ বিএসটিআই, শিল্প মন্ত্রণালয়।"
ham,0,১৪ অক্টোবর বিশ্বমান দিবস। শিল্পোৎপাদিত পণ্য ও সেবার মান নিশ্চিতের মাধ্যমে সকলের জন্য নিরাপদ পৃথিবী গড়ে তুলি। -বিএসটিআই।,<NUMBER> অক্টোবর বিশ্বমান দিবস। শিল্পোৎপাদিত পণ্য ও সেবার মান নিশ্চিতের মাধ্যমে সকলের জন্য নিরাপদ পৃথিবী গড়ে তুলি। -বিএসটিআই।
ham,0,১৩ অক্টোবর ২০২৩ দেশব্যাপী মুক্তি পেয়েছে জাতির পিতা বঙ্গবন্ধু শেখ মুজিবুর রহমান এঁর জীবনীর উপর নির্মিত বায়োপিক চলচ্চিত্র &apos;মুজিব-একটি জাতির রূপকার&apos;। চলে আসুন আপনার নিকটস্থ প্রেক্ষাগৃহে।,<NUMBER> অক্টোবর <NUMBER> দেশব্যাপী মুক্তি পেয়েছে জাতির পিতা বঙ্গবন্ধু শেখ মুজিবুর রহমান এঁর জীবনীর উপর নির্মিত বায়োপিক চলচ্চিত্র &apos;মুজিব-একটি জাতির রূপকার&apos;। চলে আসুন আপনার নিকটস্থ প্রেক্ষাগৃহে।
ham,0,ইভিএমে আঙ্গুলের ছাপ যাচাই হয় বিধায় একজনের পক্ষে আরেকজনের ভোট বা একাধিক ভোট প্রদান অসম্ভব-ইসি,ইভিএমে আঙ্গুলের ছাপ যাচাই হয় বিধায় একজনের পক্ষে আরেকজনের ভোট বা একাধিক ভোট প্রদান অসম্ভব-ইসি
ham,0,“মুজিববর্ষের প্রতিশ্রুতি,“মুজিববর্ষের প্রতিশ্রুতি
ham,0,“দুর্যোগ ঝুঁকি হ্রাসে সুশাসন,“দুর্যোগ ঝুঁকি হ্রাসে সুশাসন
ham,0,শেখ রাসেল দিবস ২০২২ উপলক্ষ্যে কবিতা-ছড়া আহবান। প্রথম থেকে দ্বাদশ শ্রেণির শিক্ষার্থীদের লেখা শেখ রাসেলকে নিবেদিত ছড়া ও কবিতার সংকলন প্রকাশ করবে বাংলা একাডেমি । বিস্তারিত : www.banglaacademy.gov.bd,শেখ রাসেল দিবস <NUMBER> উপলক্ষ্যে কবিতা-ছড়া আহবান। প্রথম থেকে দ্বাদশ শ্রেণির শিক্ষার্থীদের লেখা শেখ রাসেলকে নিবেদিত ছড়া ও কবিতার সংকলন প্রকাশ করবে বাংলা একাডেমি । বিস্তারিত : <URL>
ham,0,নির্বাচনে আপনার নিকটস্থ কেন্দ্রে ইভিএম এর প্রচারণায় এসে ভোট প্রদান পদ্ধতি সম্পর্কে জানুন-ইসি।,নির্বাচনে আপনার নিকটস্থ কেন্দ্রে ইভিএম এর প্রচারণায় এসে ভোট প্রদান পদ্ধতি সম্পর্কে জানুন-ইসি।
ham,0,নির্বাচনে সহিংসতা এবং বাহ্যিক বলপ্রয়োগ প্রতিরোধে ইভিএমে ভোট দিন- ইসি,নির্বাচনে সহিংসতা এবং বাহ্যিক বলপ্রয়োগ প্রতিরোধে ইভিএমে ভোট দিন- ইসি
ham,0,বাংলাদেশ সেনাবাহিনীর ৯২তম বিএমএ দীর্ঘমেয়াদী কোর্সে অফিসার পদে যোগদানের জন্য অনলাইনে ২১ অক্টোবর ২০২৩ তারিখের মধ্যে আবেদন করুন। বিস্তারিতঃ https: //joinbangladesharmy.army.mil.bd,বাংলাদেশ সেনাবাহিনীর ৯২তম বিএমএ দীর্ঘমেয়াদী কোর্সে অফিসার পদে যোগদানের জন্য অনলাইনে <NUMBER> অক্টোবর <NUMBER> তারিখের মধ্যে আবেদন করুন। বিস্তারিতঃ https: // <URL>
ham,0,ইভিএম এ ভোট দিন মাত্র দুই বোতাম চেপে-ইসি।,ইভিএম এ ভোট দিন মাত্র দুই বোতাম চেপে-ইসি।
ham,0,১ অক্টোবর ৩২তম আন্তর্জাতিক প্রবীন দিবস-২০২২। এ বছরের প্রতিপাদ্য ‘পরিবর্তিত বিশ্বে প্রবীনব্যক্তির সহনশীলতা’ - সমাজকল্যাণ মন্ত্রণালয়।,<NUMBER> অক্টোবর ৩২তম আন্তর্জাতিক প্রবীন দিবস- <NUMBER> । এ বছরের প্রতিপাদ্য ‘পরিবর্তিত বিশ্বে প্রবীনব্যক্তির সহনশীলতা’ - সমাজকল্যাণ মন্ত্রণালয়।
ham,0,১লা অক্টোবর আন্তর্জাতিক প্রবীণ দিবস-২০২১।,১লা অক্টোবর আন্তর্জাতিক প্রবীণ দিবস- <NUMBER> ।
ham,0,আপনার নিকটস্থ কেন্দ্রে ইভিএম এর প্রচারণায় এসে ভোট প্রদান পদ্ধতি সম্পর্কে জানুন - ইসি।,আপনার নিকটস্থ কেন্দ্রে ইভিএম এর প্রচারণায় এসে ভোট প্রদান পদ্ধতি সম্পর্কে জানুন - ইসি।
ham,0,"“বঙ্গবন্ধুর দর্শন, সমবায়ে উন্নয়ন” ৪৯তম জাতীয় সমবায় দিবস ২০২০ - সমবায় অধিদপ্তর, পল্লী উন্নয়ন ও সমবায় বিভাগ।","“বঙ্গবন্ধুর দর্শন, সমবায়ে উন্নয়ন” ৪৯তম জাতীয় সমবায় দিবস <NUMBER> - সমবায় অধিদপ্তর, পল্লী উন্নয়ন ও সমবায় বিভাগ।"
ham,0,"“বঙ্গবন্ধুর দর্শন, সমবায়ে উন্নয়ন”","“বঙ্গবন্ধুর দর্শন, সমবায়ে উন্নয়ন”"
ham,0,"“বঙ্গবন্ধুর দর্শন, সমবায়ে উন্নয়ন’’ ৫১তম জাতীয় সমবায় দিবস ২০২২","“বঙ্গবন্ধুর দর্শন, সমবায়ে উন্নয়ন’’ ৫১তম জাতীয় সমবায় দিবস <NUMBER>"
ham,0,ইভিএম হ্যাক করা বা অনুমোদিত ব্যক্তি ব্যতীত ভোট গ্রহন পরিচালনা করা সম্ভব নয়।-ইসি,ইভিএম হ্যাক করা বা অনুমোদিত ব্যক্তি ব্যতীত ভোট গ্রহন পরিচালনা করা সম্ভব নয়।-ইসি
ham,0,৪ নভেম্বর ‘জাতীয় সংবিধান দিবস’।,<NUMBER> নভেম্বর ‘জাতীয় সংবিধান দিবস’।
ham,0,"আজ থেকে শুরু হলো ফায়ার সার্ভিস ও সিভিল ডিফেন্স সপ্তাহ-২০২১ । এ বছর সপ্তাহ পালনের প্রতিপাদ্য “মুজিব বর্ষে শপথ করি, দুর্যোগে জীবন-সম্পদ রক্ষা করি”।","আজ থেকে শুরু হলো ফায়ার সার্ভিস ও সিভিল ডিফেন্স সপ্তাহ- <NUMBER> । এ বছর সপ্তাহ পালনের প্রতিপাদ্য “মুজিব বর্ষে শপথ করি, দুর্যোগে জীবন-সম্পদ রক্ষা করি”।"
ham,0,বাংলাদেশ নৌবাহিনীতে সরাসরি কমিশন্ড অফিসার পদে ‘২০২৩ বি’ ডিইও ব্যাচে নিয়োগ চলছে । অনলাইনে আবেদনের শেষ তারিখ ১০ জানুয়ারি ২০২৩। লগইন করুনঃ www.joinnavy.navy.mil.bd,বাংলাদেশ নৌবাহিনীতে সরাসরি কমিশন্ড অফিসার পদে ‘ <NUMBER> বি’ ডিইও ব্যাচে নিয়োগ চলছে । অনলাইনে আবেদনের শেষ তারিখ <NUMBER> জানুয়ারি <NUMBER> । লগইন করুনঃ <URL>
ham,0,ইভিএম এ ভোট দিতে পছন্দের প্রতীকের পাশের সাদা বোতামটি চাপুন ও ভোট নিশ্চিত করতে সবুজ বোতামটি চাপুন-ইসি,ইভিএম এ ভোট দিতে পছন্দের প্রতীকের পাশের সাদা বোতামটি চাপুন ও ভোট নিশ্চিত করতে সবুজ বোতামটি চাপুন-ইসি
ham,0,"১লা ডিসেম্বর থেকে শুরু হচ্ছে ১০০ দিনের বঙ্গবন্ধু শেখ মুজিব কুইজ। প্রতিদিন ১০০ জন করে মোট দশ হাজার বিজয়ী। জিতে নিন ল্যাপটপ, স্মার্টফোন এবং ইন্টারনেট ডাটা প্যাক। অংশ নিতে এখুনি ক্লিক করুন https://bit.ly/3pZsYkP","১লা ডিসেম্বর থেকে শুরু হচ্ছে <NUMBER> দিনের বঙ্গবন্ধু শেখ মুজিব কুইজ। প্রতিদিন <NUMBER> জন করে মোট দশ হাজার বিজয়ী। জিতে নিন ল্যাপটপ, স্মার্টফোন এবং ইন্টারনেট ডাটা প্যাক। অংশ নিতে এখুনি ক্লিক করুন <URL>"
ham,0,এসএমই ফাউন্ডেশন আয়োজিত জাতীয় এসএমই পণ্যমেলা আগারগাঁও বিআইসিসিতে ২৪ নভেম্বর-০৩ ডিসেম্বর সকাল ১০টা-রাত্র ৮টা পর্যন্ত চলবে। ক্ষুদ্র ও মাঝারি উদ্যোক্তাদের উৎপাদিত পণ্য ক্রয়ের জন্য সপরিবারে আমন্ত্রিত।,এসএমই ফাউন্ডেশন আয়োজিত জাতীয় এসএমই পণ্যমেলা আগারগাঁও বিআইসিসিতে <NUMBER> নভেম্বর- <NUMBER> ডিসেম্বর সকাল ১০টা-রাত্র ৮টা পর্যন্ত চলবে। ক্ষুদ্র ও মাঝারি উদ্যোক্তাদের উৎপাদিত পণ্য ক্রয়ের জন্য সপরিবারে আমন্ত্রিত।
ham,0,সশস্ত্র বাহিনী বিভাগের আয়োজনে স্বাধীনতা যুদ্ধ চলাকালীন ধারণকৃত দুর্লভ ছবিসমূহের প্রদর্শনী চলবে ২৫ হতে ২৭ নভেম্বর ২০২১। স্থান-বাংলাদেশ শিল্পকলা একাডেমী। সকলের জন্য উন্মুক্ত।,সশস্ত্র বাহিনী বিভাগের আয়োজনে স্বাধীনতা যুদ্ধ চলাকালীন ধারণকৃত দুর্লভ ছবিসমূহের প্রদর্শনী চলবে <NUMBER> হতে <NUMBER> নভেম্বর <NUMBER> । স্থান-বাংলাদেশ শিল্পকলা একাডেমী। সকলের জন্য উন্মুক্ত।
ham,0,বিটিআরসি কর্তৃক টেলিযোগাযোগ সেবা বিষয়ক গণশুনানি চট্টগ্রামস্থ Radisson হোটেলে আগামী ০৮ ডিসেম্বর ২০২২ সকাল ১১:০০ ঘটিকায় অনুষ্ঠিত হবে। অংশগ্রহণের রেজিস্ট্রেশন লিংকঃ https://cutt.ly/MMMjbSM,বিটিআরসি কর্তৃক টেলিযোগাযোগ সেবা বিষয়ক গণশুনানি চট্টগ্রামস্থ Radisson হোটেলে আগামী <NUMBER> ডিসেম্বর <NUMBER> সকাল <NUMBER> : <NUMBER> ঘটিকায় অনুষ্ঠিত হবে। অংশগ্রহণের রেজিস্ট্রেশন লিংকঃ <URL>
ham,0,"‘‘এন্টিবায়োটিক ব্যবহারে সচেতন হই, সকলে মিলে এন্টিমাইক্রোবিয়াল রেজিস্ট্যান্স প্রতিরোধ করি- সিডিসি, স্বাস্থ্য অধিদপ্তর।","‘‘এন্টিবায়োটিক ব্যবহারে সচেতন হই, সকলে মিলে এন্টিমাইক্রোবিয়াল রেজিস্ট্যান্স প্রতিরোধ করি- সিডিসি, স্বাস্থ্য অধিদপ্তর।"
ham,0,“২৩ নভেম্বর ২০২২ বাংলাদেশ আর্মি স্টেডিয়ামে যুব ও ক্রীড়া মন্ত্রণালয়ের আয়োজনে BIUSC এর সমাপনী অনুষ্ঠানে প্রধান অতিথি হিসেবে উপস্থিত থাকবেন মাননীয় প্রধানমন্ত্রী শেখ হাসিনা।’’,“ <NUMBER> নভেম্বর <NUMBER> বাংলাদেশ আর্মি স্টেডিয়ামে যুব ও ক্রীড়া মন্ত্রণালয়ের আয়োজনে BIUSC এর সমাপনী অনুষ্ঠানে প্রধান অতিথি হিসেবে উপস্থিত থাকবেন মাননীয় প্রধানমন্ত্রী শেখ হাসিনা।’’
ham,0,"এন্টিবায়োটিক ব্যবহারে সচেতন হই, সকলে মিলে এন্টিমাইক্রোবিয়াল রেজিস্ট্যান্স প্রতিরোধ করি- সিডিসি, স্বাস্থ্য অধিদপ্তর।","এন্টিবায়োটিক ব্যবহারে সচেতন হই, সকলে মিলে এন্টিমাইক্রোবিয়াল রেজিস্ট্যান্স প্রতিরোধ করি- সিডিসি, স্বাস্থ্য অধিদপ্তর।"
ham,0,ইভিএমে আঙ্গুলের ছাপ যাচাই করা হয় বিধায় দ্বিতীয়বার ভোট প্রদান বা একজনের ভোট অন্যজনেরর পক্ষে প্রদান সম্ভব নয়-ইসি,ইভিএমে আঙ্গুলের ছাপ যাচাই করা হয় বিধায় দ্বিতীয়বার ভোট প্রদান বা একজনের ভোট অন্যজনেরর পক্ষে প্রদান সম্ভব নয়-ইসি
ham,0,বিমান বাহিণীর জংগী বিমান কুতুবদিয়া ফায়ারিং রেঞ্জে ০১ হতে ০৩ নভেম্বর ২২ পর্যন্ত গোলাবর্ষণ করবে। এ সময় সকলকে উক্ত ফায়ারিং এলাকা পরিহার করার জন্য অনুরোধ করা হল।,বিমান বাহিণীর জংগী বিমান কুতুবদিয়া ফায়ারিং রেঞ্জে <NUMBER> হতে <NUMBER> নভেম্বর <NUMBER> পর্যন্ত গোলাবর্ষণ করবে। এ সময় সকলকে উক্ত ফায়ারিং এলাকা পরিহার করার জন্য অনুরোধ করা হল।
ham,0,"“আমার রক্ত শত ধমনীতে আনবে নতুন প্রাণ, অন্ধ আঁখিতে রশ্মি জ্বালাতে করবো দৃষ্টিদান”।","“আমার রক্ত শত ধমনীতে আনবে নতুন প্রাণ, অন্ধ আঁখিতে রশ্মি জ্বালাতে করবো দৃষ্টিদান”।"
ham,0,"১৯-২১ নভেম্বর ২০২০ সারাদেশ ব্যাপী ফায়ার সপ্তাহ ২০২০ উদযাপিত হবে। এ বছর সপ্তাহের প্রতিপাদ্য হচ্ছে “প্রশিক্ষণ পরিকল্পনা প্রস্তুতি, দুর্যোগ মোকাবিলায় আনবে গতি”।","<NUMBER> - <NUMBER> নভেম্বর <NUMBER> সারাদেশ ব্যাপী ফায়ার সপ্তাহ <NUMBER> উদযাপিত হবে। এ বছর সপ্তাহের প্রতিপাদ্য হচ্ছে “প্রশিক্ষণ পরিকল্পনা প্রস্তুতি, দুর্যোগ মোকাবিলায় আনবে গতি”।"
ham,0,"হোক সচেতনতার বিস্তার, চাই এন্টিবায়োটিক রেজিস্ট্যান্স থেকে নিস্তার। - সিডিসি, স্বাস্থ্য অধিদপ্তর","হোক সচেতনতার বিস্তার, চাই এন্টিবায়োটিক রেজিস্ট্যান্স থেকে নিস্তার। - সিডিসি, স্বাস্থ্য অধিদপ্তর"
ham,0,"“বিশ্ব এন্টিমাইক্রোবিয়াল সচেতনতা সপ্তাহের অঙ্গীকার, এন্টিবায়োটিক ও অন্যান্য জীবানুরোধী ঔষধের সতর্ক ব্যবহার” - রোগ নিয়ন্ত্রণ শাখা, স্বাস্থ্য অধিদপ্তর।","“বিশ্ব এন্টিমাইক্রোবিয়াল সচেতনতা সপ্তাহের অঙ্গীকার, এন্টিবায়োটিক ও অন্যান্য জীবানুরোধী ঔষধের সতর্ক ব্যবহার” - রোগ নিয়ন্ত্রণ শাখা, স্বাস্থ্য অধিদপ্তর।"
ham,0,শেখ হাসিনা সরকারের সাফল্য :,শেখ হাসিনা সরকারের সাফল্য :
ham,0,"“আজ ১৪ নভেম্বর “বিশ্ব ডায়াবেটিস দিবস”। দিবসটির এবারের প্রতিপাদ্য, “ডায়াবেটিস-সেবা নিতে আর দেরি নয়”। কোভিড-১৯ ও ডায়াবেটিস সম্পর্কে জানতে ভিজিট করুনঃ www.diabetes-covid19.org","“আজ <NUMBER> নভেম্বর “বিশ্ব ডায়াবেটিস দিবস”। দিবসটির এবারের প্রতিপাদ্য, “ডায়াবেটিস-সেবা নিতে আর দেরি নয়”। কোভিড- <NUMBER> ও ডায়াবেটিস সম্পর্কে জানতে ভিজিট করুনঃ <URL>"
ham,0,আজ ১৪ই নভেম্বর “বিশ্ব ডায়াবেটিস দিবস”। দিবসটির এবারের প্রতিপাদ্য “ডায়াবেটিস-সেবায় পার্থক্য আনতে পারে নার্সরাই”। কোভিড-১৯ ও ডায়াবেটিস সম্পর্কে জানতে ভিজিট করুনঃ diabetes-covid19.org,আজ ১৪ই নভেম্বর “বিশ্ব ডায়াবেটিস দিবস”। দিবসটির এবারের প্রতিপাদ্য “ডায়াবেটিস-সেবায় পার্থক্য আনতে পারে নার্সরাই”। কোভিড- <NUMBER> ও ডায়াবেটিস সম্পর্কে জানতে ভিজিট করুনঃ <URL>
ham,0,বাংলাদেশ নৌবাহিনীতে ডিপ্লোমা সম্পন্নকারী প্রার্থীদের ডাইরেক্ট এন্ট্রি আর্টিফিসার-৪র্থ হিসেবে নিয়োগ চলছে। ভিজিট করুন: www.joinnavy.navy.mil.bd,বাংলাদেশ নৌবাহিনীতে ডিপ্লোমা সম্পন্নকারী প্রার্থীদের ডাইরেক্ট এন্ট্রি আর্টিফিসার-৪র্থ হিসেবে নিয়োগ চলছে। ভিজিট করুন: <URL>
ham,0,ইভিএম এ ভোট দিতে পছন্দের প্রতীকের পাশে সাদা বোতামটি চাপুন ও ভোট নিশ্চিত করতে সবুজ বোতামটি চাপুন - ইসি।,ইভিএম এ ভোট দিতে পছন্দের প্রতীকের পাশে সাদা বোতামটি চাপুন ও ভোট নিশ্চিত করতে সবুজ বোতামটি চাপুন - ইসি।
ham,0,"ডিজিটাল সেন্টারের ১০ বছর পূর্তিতে প্রশাসন, উদ্যোক্তা, জনপ্রতিনিধি, সেবাগ্রহীতাসহ সকলকে অভিনন্দন। ডিজিটাল সেন্টারে আসুন, সেবা নিন। এটুআই।","ডিজিটাল সেন্টারের <NUMBER> বছর পূর্তিতে প্রশাসন, উদ্যোক্তা, জনপ্রতিনিধি, সেবাগ্রহীতাসহ সকলকে অভিনন্দন। ডিজিটাল সেন্টারে আসুন, সেবা নিন। এটুআই।"
ham,0,০১ নভেম্বর ২০২২ জাতীয় যুব দিবস। এবারের প্রতিপাদ্য-,<NUMBER> নভেম্বর <NUMBER> জাতীয় যুব দিবস। এবারের প্রতিপাদ্য-
ham,0,"“দক্ষ যুব সমৃদ্ধ দেশ, বঙ্গবন্ধুর বাংলাদেশ”। যুব উন্নয়ন অধিদপ্তর, যুব ও ক্রীড়া মন্ত্রণালয়।","“দক্ষ যুব সমৃদ্ধ দেশ, বঙ্গবন্ধুর বাংলাদেশ”। যুব উন্নয়ন অধিদপ্তর, যুব ও ক্রীড়া মন্ত্রণালয়।"
ham,0,“দস্যুমুক্ত সুন্দরবন দিবস ২০২১”,“দস্যুমুক্ত সুন্দরবন দিবস <NUMBER> ”
ham,0,"১ নভেম্বর ২০২০ বঙ্গবন্ধু জাতীয় যুব দিবস। এবারের প্রতিপাদ্য - “মুজিববর্ষের আহ্বান, যুব কর্মসংস্থান”। যুব উন্নয়ন অধিদপ্তর, যুব ও ক্রীড়া মন্ত্রণালয়","<NUMBER> নভেম্বর <NUMBER> বঙ্গবন্ধু জাতীয় যুব দিবস। এবারের প্রতিপাদ্য - “মুজিববর্ষের আহ্বান, যুব কর্মসংস্থান”। যুব উন্নয়ন অধিদপ্তর, যুব ও ক্রীড়া মন্ত্রণালয়"
ham,0,"যুব ও ক্রীড়া মন্ত্রণালয় কর্তৃক আগামী ১১ মে, ২০২২ সকাল ০৯ টায় ওসমানী স্মৃতি মিলনায়তনে জাতীয় ক্রীড়া পুরস্কার প্রদান করা হবে। অনুষ্ঠানে প্রধান অতিথি হিসেবে উপস্থিত থাকবেন মাননীয় প্রধানমন্ত্রী শেখ হাসিনা।","যুব ও ক্রীড়া মন্ত্রণালয় কর্তৃক আগামী <NUMBER> মে, <NUMBER> সকাল <NUMBER> টায় ওসমানী স্মৃতি মিলনায়তনে জাতীয় ক্রীড়া পুরস্কার প্রদান করা হবে। অনুষ্ঠানে প্রধান অতিথি হিসেবে উপস্থিত থাকবেন মাননীয় প্রধানমন্ত্রী শেখ হাসিনা।"
ham,0,"সরকার কোভিডের বিস্তার রোধে লকডাউন দিয়েছে। এ সময়ে ঘরে থেকেই মোবাইল রিচার্জ, গ্যাস, বিদ্যুৎ, পানি, ইন্টারনেটসহ সকল পরিষেবার বিল চার্জ ফ্রি-তে পরিশোধ করুন মোবাইল ফিনান্সিয়াল সার্ভিস এর মাধ্যমে।","সরকার কোভিডের বিস্তার রোধে লকডাউন দিয়েছে। এ সময়ে ঘরে থেকেই মোবাইল রিচার্জ, গ্যাস, বিদ্যুৎ, পানি, ইন্টারনেটসহ সকল পরিষেবার বিল চার্জ ফ্রি-তে পরিশোধ করুন মোবাইল ফিনান্সিয়াল সার্ভিস এর মাধ্যমে।"
ham,0,"সবাই মিলে সঞ্চয় করি, স্মার্ট বাংলাদেশ গড়ি -এ প্রতিপাদ্য নিয়ে আগামী ৫-১১মে, ২০২৪ খ্রিঃ পর্যন্ত দেশব্যাপী উদ্‌যাপিত হবে সঞ্চয় অভিযান-২০২৪। জাতীয় সঞ্চয় অধিদপ্তর।","সবাই মিলে সঞ্চয় করি, স্মার্ট বাংলাদেশ গড়ি -এ প্রতিপাদ্য নিয়ে আগামী <NUMBER> -১১মে, <NUMBER> খ্রিঃ পর্যন্ত দেশব্যাপী উদ্‌যাপিত হবে সঞ্চয় অভিযান- <NUMBER> । জাতীয় সঞ্চয় অধিদপ্তর।"
ham,0,"“নিরাপত্তার জন্য আপনার ব্যবহৃত ই-মেইল, ফেসবুক, ইউটিউব, টুইটার ও মোবাইল হিসাব ইত্যাদির পাসওয়ার্ড, পিন, ওটিপি কাউকে দেবেন না। নইলে ব্যক্তিগত তথ্য চুরি ও আর্থিক ক্ষতি হতে পারে - ডাক ও টেলিযোগাযোগ বিভাগ","“নিরাপত্তার জন্য আপনার ব্যবহৃত ই-মেইল, ফেসবুক, ইউটিউব, টুইটার ও মোবাইল হিসাব ইত্যাদির পাসওয়ার্ড, পিন, ওটিপি কাউকে দেবেন না। নইলে ব্যক্তিগত তথ্য চুরি ও আর্থিক ক্ষতি হতে পারে - ডাক ও টেলিযোগাযোগ বিভাগ"
ham,0,"আজ ৩১ মে, ২০২৪ ‘বিশ্ব তামাকমুক্ত দিবস’। এবারের প্রতিপাদ্য: ‘তামাক কোম্পানির হস্তক্ষেপ প্রতিহত করি, শিশুদের সুরক্ষা নিশ্চিত করি’। - জাতীয় তামাক নিয়ন্ত্রণ সেল, স্বাস্থ্য সেবা বিভাগ, স্বাপকম।","আজ <NUMBER> মে, <NUMBER> ‘বিশ্ব তামাকমুক্ত দিবস’। এবারের প্রতিপাদ্য: ‘তামাক কোম্পানির হস্তক্ষেপ প্রতিহত করি, শিশুদের সুরক্ষা নিশ্চিত করি’। - জাতীয় তামাক নিয়ন্ত্রণ সেল, স্বাস্থ্য সেবা বিভাগ, স্বাপকম।"
ham,0,"“তামাকমুক্ত পরিবেশ, সুস্বাস্থ্যের বাংলাদেশ”। জাতীয় তামাক নিয়ন্ত্রণ সেল, স্বাস্থ্য সেবা বিভাগ, স্বাস্থ্য ও পরিবার কল্যাণ মন্ত্রণালয়।","“তামাকমুক্ত পরিবেশ, সুস্বাস্থ্যের বাংলাদেশ”। জাতীয় তামাক নিয়ন্ত্রণ সেল, স্বাস্থ্য সেবা বিভাগ, স্বাস্থ্য ও পরিবার কল্যাণ মন্ত্রণালয়।"
ham,0,আসুন আমরা প্রতিজ্ঞা করি,আসুন আমরা প্রতিজ্ঞা করি
ham,0,“বাংলাদেশ নৌবাহিনীতে অফিসার ক্যাডেট পদে নিয়োগ চলছে। ভিজিট করুনঃ www.joinnavy.navy.mil.bd,“বাংলাদেশ নৌবাহিনীতে অফিসার ক্যাডেট পদে নিয়োগ চলছে। ভিজিট করুনঃ <URL>
ham,0,বাংলাদেশ নৌবাহিনীতে অফিসার ক্যাডেট পদে নিয়োগ চলছে। ভিজিট করুনঃ www.joinnavy.navy.mil.bd,বাংলাদেশ নৌবাহিনীতে অফিসার ক্যাডেট পদে নিয়োগ চলছে। ভিজিট করুনঃ <URL>
ham,0,বাংলাদেশ নৌবাহিনীতে কমিশন্ড অফিসার পদে নিয়োগ চলছে। ভিজিট করুনঃ www.joinnavy.mil.bd,বাংলাদেশ নৌবাহিনীতে কমিশন্ড অফিসার পদে নিয়োগ চলছে। ভিজিট করুনঃ <URL>
ham,0,২৯ মে আন্তর্জাতিক জাতিসংঘ শান্তিরক্ষী দিবস। শান্তিরক্ষা মিশনে বাংলাদেশের ৩৪ তম বর্ষপূর্তিতে শান্তিরক্ষীদের সীমাহীন অবদান জাতি বিনম্র শ্রদ্ধা ও কৃতজ্ঞচিত্তে স্বরণ করছে।,<NUMBER> মে আন্তর্জাতিক জাতিসংঘ শান্তিরক্ষী দিবস। শান্তিরক্ষা মিশনে বাংলাদেশের <NUMBER> তম বর্ষপূর্তিতে শান্তিরক্ষীদের সীমাহীন অবদান জাতি বিনম্র শ্রদ্ধা ও কৃতজ্ঞচিত্তে স্বরণ করছে।
ham,0,“২৯ মে আন্তর্জাতিক জাতিসংঘ শান্তিরক্ষী দিবস। শান্তিরক্ষা মিশনে বাংলাদেশের ৩৩তম বর্ষপূর্তিতে শান্তিরক্ষীদের সীমাহীন অবদান জাতি বিনম্র শ্রদ্ধা ও কৃতজ্ঞচিত্তে স্মরণ করছে।”,“ <NUMBER> মে আন্তর্জাতিক জাতিসংঘ শান্তিরক্ষী দিবস। শান্তিরক্ষা মিশনে বাংলাদেশের ৩৩তম বর্ষপূর্তিতে শান্তিরক্ষীদের সীমাহীন অবদান জাতি বিনম্র শ্রদ্ধা ও কৃতজ্ঞচিত্তে স্মরণ করছে।”
ham,0,২৯ মে আন্তর্জাতিক জাতিসংঘ শান্তিরক্ষী দিবস। শান্তিরক্ষা মিশনে বাংলাদেশের ৩৩তম বর্ষপূর্তিতে শান্তিরক্ষীদের সীমাহীন অবদান জাতি বিনম্র শ্রদ্ধা ও কৃতজ্ঞচিত্তে স্মরণ করছে।,<NUMBER> মে আন্তর্জাতিক জাতিসংঘ শান্তিরক্ষী দিবস। শান্তিরক্ষা মিশনে বাংলাদেশের ৩৩তম বর্ষপূর্তিতে শান্তিরক্ষীদের সীমাহীন অবদান জাতি বিনম্র শ্রদ্ধা ও কৃতজ্ঞচিত্তে স্মরণ করছে।
ham,0,"‘মা ও শিশুর জীবন বাঁচাতে, স্বাস্থ্য কেন্দ্রে হবে যেতে’ প্রতিপাদ্যে আজ সারা দেশে পালিত হচ্ছে ‘নিরাপদ মাতৃত্ব দিবস ২০২২’-স্বাস্থ্য ও পরিবার কল্যাণ মন্ত্রণালয়।","‘মা ও শিশুর জীবন বাঁচাতে, স্বাস্থ্য কেন্দ্রে হবে যেতে’ প্রতিপাদ্যে আজ সারা দেশে পালিত হচ্ছে ‘নিরাপদ মাতৃত্ব দিবস <NUMBER> ’-স্বাস্থ্য ও পরিবার কল্যাণ মন্ত্রণালয়।"
ham,0,"“করোনাকালে গর্ভকালীন সেবা নিন, মাতৃ ও শিশু মৃত্যু রোধ করুন” প্রতিপাদ্যে আজ সারা দেশে পালিত হচ্ছে ‘নিরাপদ মাতৃত্ব দিবস ২০২১’ - স্বাস্থ্য ও পরিবার কল্যাণ মন্ত্রণালয়।","“করোনাকালে গর্ভকালীন সেবা নিন, মাতৃ ও শিশু মৃত্যু রোধ করুন” প্রতিপাদ্যে আজ সারা দেশে পালিত হচ্ছে ‘নিরাপদ মাতৃত্ব দিবস <NUMBER> ’ - স্বাস্থ্য ও পরিবার কল্যাণ মন্ত্রণালয়।"
ham,0,“বিমান বাহিনীতে এমওডিসি (এয়ার) পদে নিয়োগ চলছে। বিস্তারিতঃ www.joinbangladeshairforce.mil.bd”,“বিমান বাহিনীতে এমওডিসি (এয়ার) পদে নিয়োগ চলছে। বিস্তারিতঃ <URL>
ham,0,বিমান বাহিনীতে এমওডিসি (এয়ার) পদে নিয়োগ চলছে। বিস্তারিতঃ www.joinbangladeshairforce.mil.bd,বিমান বাহিনীতে এমওডিসি (এয়ার) পদে নিয়োগ চলছে। বিস্তারিতঃ <URL>
ham,0,ফোন করেই ভূমি সেবা! পৃথিবীর যেকোন প্রান্ত থেকে যেকোন সময় কল করুন ১৬১২২ নম্বরে আর ঘরে বসেই পেয়ে যান ভূমি বিষয়ক সকল সেবা একটি কলে।,ফোন করেই ভূমি সেবা! পৃথিবীর যেকোন প্রান্ত থেকে যেকোন সময় কল করুন <PHONE> নম্বরে আর ঘরে বসেই পেয়ে যান ভূমি বিষয়ক সকল সেবা একটি কলে।
ham,0,বিমান বাহিনীর জঙ্গী বিমান কুতুবদিয়া ফায়ারিং রেঞ্জে ২৩ মে- ০৯ জুন ২২ পর্যন্ত গোলাবর্ষণ করবে। এ সময় সকলকে উক্ত ফায়ারিং এলাকা পরিহার করার জন্য অনুরোধ করা হলো।,বিমান বাহিনীর জঙ্গী বিমান কুতুবদিয়া ফায়ারিং রেঞ্জে <NUMBER> মে- <NUMBER> জুন <NUMBER> পর্যন্ত গোলাবর্ষণ করবে। এ সময় সকলকে উক্ত ফায়ারিং এলাকা পরিহার করার জন্য অনুরোধ করা হলো।
ham,0,‘সঞ্চয় অর্থনৈতিক ও সামাজিক নিরাপত্তার প্রতীক’-এ পতিপাদ্য নিয়ে আগামী ২২ মে হতে ২৮ মে ২০২২ খ্রিঃ পর্যন্ত দেশব্যাপী উদযাপিত হবে সঞ্চয় অভিযান ২০২২।-জাতীয় সঞ্চয় অধিদপ্তর,‘সঞ্চয় অর্থনৈতিক ও সামাজিক নিরাপত্তার প্রতীক’-এ পতিপাদ্য নিয়ে আগামী <NUMBER> মে হতে <NUMBER> মে <NUMBER> খ্রিঃ পর্যন্ত দেশব্যাপী উদযাপিত হবে সঞ্চয় অভিযান <NUMBER> ।-জাতীয় সঞ্চয় অধিদপ্তর
ham,0,"আজ ২০ মে ২০২৪, বিশ্ব মেট্রোলজি দিবস। এবারের প্রতিপাদ্য- ‘টেকসই ভবিষ্যৎ বিনির্মাণে আজকের পরিমাপ’, বিএসটিআই, শিল্প মন্ত্রণালয়।","আজ <NUMBER> মে <NUMBER> , বিশ্ব মেট্রোলজি দিবস। এবারের প্রতিপাদ্য- ‘টেকসই ভবিষ্যৎ বিনির্মাণে আজকের পরিমাপ’, বিএসটিআই, শিল্প মন্ত্রণালয়।"
ham,0,"‘‘২০ মে, ২০২২ ‘বিশ্ব মেট্রোলজি দিবস’। দিবসটির প্রতিপাদ্য হচ্ছে ‘ডিজিটাল যুগে পরিমাপ’। বিএসটিআই, শিল্প মন্ত্রণালয়।’’","‘‘ <NUMBER> মে, <NUMBER> ‘বিশ্ব মেট্রোলজি দিবস’। দিবসটির প্রতিপাদ্য হচ্ছে ‘ডিজিটাল যুগে পরিমাপ’। বিএসটিআই, শিল্প মন্ত্রণালয়।’’"
ham,0,২০ মে ২০২২ হতে সারাদেশে ভোটার তালিকা হালনাগাদ শুরু হচ্ছে। আপনার জন্ম ১ জানুয়ারি ২০০৭ বা পূর্বে হলে এবং ভোটার না হয়ে থাকলে নির্ভুল তথ্য দিয়ে ভোটার হোন- ইসি।,<NUMBER> মে <NUMBER> হতে সারাদেশে ভোটার তালিকা হালনাগাদ শুরু হচ্ছে। আপনার জন্ম <NUMBER> জানুয়ারি <NUMBER> বা পূর্বে হলে এবং ভোটার না হয়ে থাকলে নির্ভুল তথ্য দিয়ে ভোটার হোন- ইসি।
ham,0,"২০ মে, ২০২২ ‘বিশ্ব মেট্রোলজি দিবস’। দিবসটির প্রতিপাদ্য হচ্ছে ‘ডিজিটাল যুগে পরিমাপ’। বিএসটিআই, শিল্প মন্ত্রণালয়।","<NUMBER> মে, <NUMBER> ‘বিশ্ব মেট্রোলজি দিবস’। দিবসটির প্রতিপাদ্য হচ্ছে ‘ডিজিটাল যুগে পরিমাপ’। বিএসটিআই, শিল্প মন্ত্রণালয়।"
ham,0,"“২০ মে, ২০২১ ‘বিশ্ব মেট্রোলজি দিবস&apos;। দিবসটির প্রতিপাদ্য হচ্ছে ‘সুস্বাস্থ্যের জন্য পরিমাপ’।","“ <NUMBER> মে, <NUMBER> ‘বিশ্ব মেট্রোলজি দিবস&apos;। দিবসটির প্রতিপাদ্য হচ্ছে ‘সুস্বাস্থ্যের জন্য পরিমাপ’।"
ham,0,"২০ মে, ২০২১ ‘বিশ্ব মেট্রোলজি দিবস&apos;। দিবসটির প্রতিপাদ্য হচ্ছে ‘সুস্বাস্থ্যের জন্য পরিমাপ’।","<NUMBER> মে, <NUMBER> ‘বিশ্ব মেট্রোলজি দিবস&apos;। দিবসটির প্রতিপাদ্য হচ্ছে ‘সুস্বাস্থ্যের জন্য পরিমাপ’।"
ham,0,"২৩-২৯ মে ২০২৪ জাতীয় কৃমি নিয়ন্ত্রণ সপ্তাহে ৫-১৬ বছর বয়সী সকল শিশুকে ভরাপেটে ১ ডোজ কৃমি নাশক ঔষধ খাওয়ান - স্বাস্থ্য অধিদপ্তর, স্বাস্থ্য ও প.ক. মন্ত্রণালয়।","<NUMBER> - <NUMBER> মে <NUMBER> জাতীয় কৃমি নিয়ন্ত্রণ সপ্তাহে <NUMBER> - <NUMBER> বছর বয়সী সকল শিশুকে ভরাপেটে <NUMBER> ডোজ কৃমি নাশক ঔষধ খাওয়ান - স্বাস্থ্য অধিদপ্তর, স্বাস্থ্য ও প.ক. মন্ত্রণালয়।"
ham,0,"নৌ নিরাপত্তা সপ্তাহ ১৯ মে হতে সপ্তাহব্যাপী। প্রতিপাদ্যঃ‘প্রশিক্ষিত জনবল ও নিরাপদ জলযান, নৌ নিরাপত্তায় রাখবে অবদান’- নৌ-পরিবহন অধিদপ্তর।","নৌ নিরাপত্তা সপ্তাহ <NUMBER> মে হতে সপ্তাহব্যাপী। প্রতিপাদ্যঃ‘প্রশিক্ষিত জনবল ও নিরাপদ জলযান, নৌ নিরাপত্তায় রাখবে অবদান’- নৌ-পরিবহন অধিদপ্তর।"
ham,0,“১১তম জাতীয় ক্ষুদ্র ও মাঝারি শিল্প পণ্য মেলা-২০২৪ বঙ্গবন্ধু আন্তর্জাতিক সম্মেলন কেন্দ্রে ১৯-২৫ মে ২০২৪ প্রতিদিন সকাল ১০.০০ টা হতে রাত ৮:০০ টা পর্যন্ত চলবে। আপনি সপরিবারে আমন্ত্রিত। -শিল্প মন্ত্রণালয়।”,“১১তম জাতীয় ক্ষুদ্র ও মাঝারি শিল্প পণ্য মেলা- <NUMBER> বঙ্গবন্ধু আন্তর্জাতিক সম্মেলন কেন্দ্রে <NUMBER> - <NUMBER> মে <NUMBER> প্রতিদিন সকাল <NUMBER> টা হতে রাত <NUMBER> : <NUMBER> টা পর্যন্ত চলবে। আপনি সপরিবারে আমন্ত্রিত। -শিল্প মন্ত্রণালয়।”
ham,0,‘বাংলাদেশ বিমান বাহিনীতে ৮৭ বাফা কোর্সে অফিসার ক্যাডেট নিয়োগ চলছে। ভিজিট করুনঃ www.joinbangladeshairforce.mil.bd’,‘বাংলাদেশ বিমান বাহিনীতে <NUMBER> বাফা কোর্সে অফিসার ক্যাডেট নিয়োগ চলছে। ভিজিট করুনঃ <URL>
ham,0,বাংলাদেশ বিমান বাহিনীতে ৮৭ বাফা কোর্সে অফিসার ক্যাডেট নিয়োগ চলছে। ভিজিট করুনঃ www.joinbangladeshairforce.mil.bd,বাংলাদেশ বিমান বাহিনীতে <NUMBER> বাফা কোর্সে অফিসার ক্যাডেট নিয়োগ চলছে। ভিজিট করুনঃ <URL>
ham,0,‘বয়োজ্যেষ্ঠ ব্যক্তি এবং স্বাস্থ্যসম্মত বার্ধক্যের জন্য ডিজিটাল প্রযুক্তি’ প্রতিপাদ্যকে সামনে রেখে আজ ১৭ মে পালিত হচ্ছে বিশ্ব টেলিযোগাযোগ ও তথ্য সংঘ দিবস ২০২২ - ডাক ও টেলিযোগাযোগ বিভাগ।,‘বয়োজ্যেষ্ঠ ব্যক্তি এবং স্বাস্থ্যসম্মত বার্ধক্যের জন্য ডিজিটাল প্রযুক্তি’ প্রতিপাদ্যকে সামনে রেখে আজ <NUMBER> মে পালিত হচ্ছে বিশ্ব টেলিযোগাযোগ ও তথ্য সংঘ দিবস <NUMBER> - ডাক ও টেলিযোগাযোগ বিভাগ।
ham,0,১৭ মে বিশ্ব টেলিযোগাযোগ দিবসের শুভেচ্ছা জানাই। আসুন আমরা জনসেবার সকল খাতকে ‘ডিজিটাল রুপান্তর’ করি।,<NUMBER> মে বিশ্ব টেলিযোগাযোগ দিবসের শুভেচ্ছা জানাই। আসুন আমরা জনসেবার সকল খাতকে ‘ডিজিটাল রুপান্তর’ করি।
ham,0,সরকারি সেবা এখন হাতের মুঠোয়। এক ঠিকানায় সরকারি সেবা পেতে ভিজিট করুন: mygov.bd অথবা ডাউনলোড করুন myGov-আমার সরকার মোবাইল অ্যাপ,সরকারি সেবা এখন হাতের মুঠোয়। এক ঠিকানায় সরকারি সেবা পেতে ভিজিট করুন: <URL> অথবা ডাউনলোড করুন myGov-আমার সরকার মোবাইল অ্যাপ
ham,0,"১৬-২০ মে ২০২১, নিকটস্থ কমিউনিটি ক্লিনিকের মাধ্যমে যথাযথ স্বাস্থ্যবিধি মেনে ৫-১৬ বছর বয়সী সকল শিশুকে ১ ডোজ কৃমিনাশক ঔষধ খাওয়ান। -স্বাস্থ্য অধিদপ্তর, স্বাস্থ্য ও পরিবার কল্যান মন্ত্রণালয়।","<NUMBER> - <NUMBER> মে <NUMBER> , নিকটস্থ কমিউনিটি ক্লিনিকের মাধ্যমে যথাযথ স্বাস্থ্যবিধি মেনে <NUMBER> - <NUMBER> বছর বয়সী সকল শিশুকে <NUMBER> ডোজ কৃমিনাশক ঔষধ খাওয়ান। -স্বাস্থ্য অধিদপ্তর, স্বাস্থ্য ও পরিবার কল্যান মন্ত্রণালয়।"
ham,0,"“১৬-২০ মে ২০২১, নিকটস্থ কমিউনিটি ক্লিনিকের মাধ্যমে যথাযথ স্বাস্থ্যবিধি মেনে ৫-১৬ বছর বয়সী সকল শিশুকে ১ ডোজ কৃমিনাশক ঔষধ খাওয়ান। -স্বাস্থ্য অধিদপ্তর, স্বাস্থ্য ও পরিবার কল্যান মন্ত্রণালয়।","“ <NUMBER> - <NUMBER> মে <NUMBER> , নিকটস্থ কমিউনিটি ক্লিনিকের মাধ্যমে যথাযথ স্বাস্থ্যবিধি মেনে <NUMBER> - <NUMBER> বছর বয়সী সকল শিশুকে <NUMBER> ডোজ কৃমিনাশক ঔষধ খাওয়ান। -স্বাস্থ্য অধিদপ্তর, স্বাস্থ্য ও পরিবার কল্যান মন্ত্রণালয়।"
ham,0,‘আমি প্রবাসী’ অ্যাপ ডাউনলোড করে ঘরে বসেই সরকারী রেজিষ্ট্রেশন করে বিদেশে চাকরি খুঁজে এই সম্পর্কিত সকল সেবা নিশ্চিত করুন। http://www.amiprobashi.com/a,‘আমি প্রবাসী’ অ্যাপ ডাউনলোড করে ঘরে বসেই সরকারী রেজিষ্ট্রেশন করে বিদেশে চাকরি খুঁজে এই সম্পর্কিত সকল সেবা নিশ্চিত করুন। <URL>
ham,0,আজ আন্তর্জাতিক নার্স দিবস। প্রতিপাদ্য বিষয়-স্বাস্থ্য ব্যবস্থাপনায় শক্তিশালী নার্স নেতৃত্বের বিকল্প নেই-বিশ্ব স্বাস্থ্যসেবা নিশ্চিত করতে নার্সিং খাতে বিনিয়োগ বাড়ান ও নার্সদের অধিকার সংরক্ষণ করুন।,আজ আন্তর্জাতিক নার্স দিবস। প্রতিপাদ্য বিষয়-স্বাস্থ্য ব্যবস্থাপনায় শক্তিশালী নার্স নেতৃত্বের বিকল্প নেই-বিশ্ব স্বাস্থ্যসেবা নিশ্চিত করতে নার্সিং খাতে বিনিয়োগ বাড়ান ও নার্সদের অধিকার সংরক্ষণ করুন।
ham,0,"আন্তর্জাতিক নার্স দিবস, ২০২১।","আন্তর্জাতিক নার্স দিবস, <NUMBER> ।"
ham,0,বঙ্গবন্ধু স্যাটেলাইট-১ উৎক্ষেপণের তৃতীয় বার্ষিকীতে দেশবাসীকে শুভেচ্ছা,বঙ্গবন্ধু স্যাটেলাইট- <NUMBER> উৎক্ষেপণের তৃতীয় বার্ষিকীতে দেশবাসীকে শুভেচ্ছা
ham,0,"অনূর্ধ্ব ১৮ বছর বয়সী বাংলাদেশী শিশু-কিশোর এবং সংশ্লিষ্ট প্রতিষ্ঠানসমূহ হতে ‘শেখ রাসেল পদক’ এর আবেদনপত্র অনলাইনে আহবান করা যাচ্ছে। আবেদনের শেষ সময় ১৫ মে, ২০২৪। বিস্তারিতঃ award.sheikhrussel.gov.bd","অনূর্ধ্ব <NUMBER> বছর বয়সী বাংলাদেশী শিশু-কিশোর এবং সংশ্লিষ্ট প্রতিষ্ঠানসমূহ হতে ‘শেখ রাসেল পদক’ এর আবেদনপত্র অনলাইনে আহবান করা যাচ্ছে। আবেদনের শেষ সময় <NUMBER> মে, <NUMBER> । বিস্তারিতঃ <URL>"
ham,0,“শ্রমিক-মালিক একতা উন্নয়নের নিশ্চয়তা” মহান মে দিবসের এ প্রতিপাদ্যের আলোকে শ্রমিক-মালিক সুসম্পর্কের মাধ্যমে প্রকৃত উন্নয়ন নিশ্চিত করাই আমাদের অঙ্গীকার- শ্রম ও কর্মসংস্থান মন্ত্রণালয়।,“শ্রমিক-মালিক একতা উন্নয়নের নিশ্চয়তা” মহান মে দিবসের এ প্রতিপাদ্যের আলোকে শ্রমিক-মালিক সুসম্পর্কের মাধ্যমে প্রকৃত উন্নয়ন নিশ্চিত করাই আমাদের অঙ্গীকার- শ্রম ও কর্মসংস্থান মন্ত্রণালয়।
ham,0,"“শ্রমিক-মালিক নির্বিশেষ, মুজিব বর্ষে গড়ব দেশ” মহান মে দিবসের এ প্রতিপাদ্যের আলোকে শ্রমিক-মালিক সুসম্পর্কের মাধ্যমে প্রকৃত উন্নয়ন নিশ্চিত করাই আমাদের অঙ্গীকার - শ্রম ও কর্মসংস্থান মন্ত্রণালয়।","“শ্রমিক-মালিক নির্বিশেষ, মুজিব বর্ষে গড়ব দেশ” মহান মে দিবসের এ প্রতিপাদ্যের আলোকে শ্রমিক-মালিক সুসম্পর্কের মাধ্যমে প্রকৃত উন্নয়ন নিশ্চিত করাই আমাদের অঙ্গীকার - শ্রম ও কর্মসংস্থান মন্ত্রণালয়।"
ham,0,"“ইলিশ হলো মাছের রাজা-জাটকা ধরলে হবে সাজা” ১১-১৭ মার্চ “জাটকা সংরক্ষণ সপ্তাহ-২০২৪” উদ্‌যাপিত হতে যাচ্ছে। আসুন, আমরা জাটকা রক্ষা করে ইলিশ উৎপাদন বৃদ্ধি করি-মৎস্য অধিদপ্তর/মপ্রাম।","“ইলিশ হলো মাছের রাজা-জাটকা ধরলে হবে সাজা” <NUMBER> - <NUMBER> মার্চ “জাটকা সংরক্ষণ সপ্তাহ- <NUMBER> ” উদ্‌যাপিত হতে যাচ্ছে। আসুন, আমরা জাটকা রক্ষা করে ইলিশ উৎপাদন বৃদ্ধি করি-মৎস্য অধিদপ্তর/মপ্রাম।"
ham,0,বাংলাদেশ সেনাবাহিনীতে কমিশন্ড অফিসার হিসাবে ৮৯তম বিএমএ দীর্ঘ মেয়াদী কোর্সে যোগ দিন । ৩০ এপ্রিল ২০২২ তারিখের মধ্যে অনলাইনে আবেদন করুনঃ https://joinbangladesharmy.army.mil.bd,বাংলাদেশ সেনাবাহিনীতে কমিশন্ড অফিসার হিসাবে ৮৯তম বিএমএ দীর্ঘ মেয়াদী কোর্সে যোগ দিন । <NUMBER> এপ্রিল <NUMBER> তারিখের মধ্যে অনলাইনে আবেদন করুনঃ <URL>
ham,0,‘বাংলাদেশ বিমান বাহিনীতে ৮৮ বাফা কোর্সের অনলাইনে আবেদনের সময়সীমা ২৫ এপ্রিল ২০২৩ তারিখ পর্যন্ত বর্ধিত করা হয়েছে।’ বিস্তারিতঃ http://joinairforce.baf.mil.bd,‘বাংলাদেশ বিমান বাহিনীতে <NUMBER> বাফা কোর্সের অনলাইনে আবেদনের সময়সীমা <NUMBER> এপ্রিল <NUMBER> তারিখ পর্যন্ত বর্ধিত করা হয়েছে।’ বিস্তারিতঃ <URL>
ham,0,"৮ মার্চ আন্তর্জাতিক নারী দিবস, ২০২৩ । এবারের প্রতিপাদ্য","<NUMBER> মার্চ আন্তর্জাতিক নারী দিবস, <NUMBER> । এবারের প্রতিপাদ্য"
ham,0,“আন্তর্জাতিক নারী দিবস ২০২২ এর অনুষ্ঠান আগামী ০৮/০৩/২০২২ তারিখ সকাল ৯.৩০ টায় ডিজিটাল পদ্ধতিতে টেলিভিশন/অনলাইনে উপভোগ করুন”-মহিলা ও শিশু বিষয়ক মন্ত্রণালয়।,“আন্তর্জাতিক নারী দিবস <NUMBER> এর অনুষ্ঠান আগামী <NUMBER> / <NUMBER> / <NUMBER> তারিখ সকাল <NUMBER> টায় ডিজিটাল পদ্ধতিতে টেলিভিশন/অনলাইনে উপভোগ করুন”-মহিলা ও শিশু বিষয়ক মন্ত্রণালয়।
ham,0,“আন্তর্জাতিক নারী দিবস ২০২১ এর অনুষ্ঠান আগামী ০৮/০৩/২০২১ তারিখ সকাল ১০.০০ টায় ডিজিটাল পদ্ধতিতে টেলিভিশন/অনলাইনে উপভোগ করুন।” -মহিলা ও শিশু বিষয়ক মন্ত্রণালয়,“আন্তর্জাতিক নারী দিবস <NUMBER> এর অনুষ্ঠান আগামী <NUMBER> / <NUMBER> / <NUMBER> তারিখ সকাল <NUMBER> টায় ডিজিটাল পদ্ধতিতে টেলিভিশন/অনলাইনে উপভোগ করুন।” -মহিলা ও শিশু বিষয়ক মন্ত্রণালয়
ham,0,৬ মার্চ ২০২৪ ‘জাতীয় পাট দিবস’। এবারের প্রতিপাদ্য বিষয়-,<NUMBER> মার্চ <NUMBER> ‘জাতীয় পাট দিবস’। এবারের প্রতিপাদ্য বিষয়-
ham,0,আগামী ০৭.০৩.২০২২ সকাল ১০:০০ টায় বিআইসিসিতে ঐতিহাসিক ৭ই মার্চ-২০২২ উদযাপন অনুষ্ঠানে মাননীয় প্রধানমন্ত্রী ভার্চুয়ালি অংশগ্রহণ করবেন। অনুষ্ঠানটি বিটিভির ফেসবুক পেইজে এবং ইউটিউব চ্যানেলে সম্প্রচারিত হবে।,আগামী <NUMBER> . <NUMBER> সকাল <NUMBER> : <NUMBER> টায় বিআইসিসিতে ঐতিহাসিক ৭ই মার্চ- <NUMBER> উদযাপন অনুষ্ঠানে মাননীয় প্রধানমন্ত্রী ভার্চুয়ালি অংশগ্রহণ করবেন। অনুষ্ঠানটি বিটিভির ফেসবুক পেইজে এবং ইউটিউব চ্যানেলে সম্প্রচারিত হবে।
ham,0,‘ঐতিহাসিক ৭ই মার্চ’ জাতীয় দিবসের অনুষ্ঠানে প্রধান অতিথি হিসেবে মাননীয় প্রধানমন্ত্রী ভার্চুয়ালি অংশগ্রহণ করবেন। অনুষ্ঠানটি বিকাল ৩টায় সকল টিভি চ্যানেলে সম্প্রচারিত হবে। - সংস্কৃতি বিষয়ক মন্ত্রণালয়,‘ঐতিহাসিক ৭ই মার্চ’ জাতীয় দিবসের অনুষ্ঠানে প্রধান অতিথি হিসেবে মাননীয় প্রধানমন্ত্রী ভার্চুয়ালি অংশগ্রহণ করবেন। অনুষ্ঠানটি বিকাল ৩টায় সকল টিভি চ্যানেলে সম্প্রচারিত হবে। - সংস্কৃতি বিষয়ক মন্ত্রণালয়
ham,0,"আগামী ০৬ মার্চ ২০২২ তারিখ ‘জাতীয় পাট দিবস’। এবারের প্রতিপাদ্য বিষয় “সোনালী আঁশের সোনার দেশ, পরিবেশবান্ধব বাংলাদেশ”- বস্ত্র ও পাট মন্ত্রণালয়।","আগামী <NUMBER> মার্চ <NUMBER> তারিখ ‘জাতীয় পাট দিবস’। এবারের প্রতিপাদ্য বিষয় “সোনালী আঁশের সোনার দেশ, পরিবেশবান্ধব বাংলাদেশ”- বস্ত্র ও পাট মন্ত্রণালয়।"
ham,0,বাংলাদেশ বিমান বাহিনীতে ৮৬ বাফা কোর্সে অফিসার ক্যাডেট হিসাবে যোগ দেয়ার আবেদনের সময়সীমা ১০ এপ্রিল ২০২২ পর্যন্ত বর্ধিত করা হয়েছে। বিস্তারিতঃ www.joinbangladeshairforce.mil.bd,বাংলাদেশ বিমান বাহিনীতে <NUMBER> বাফা কোর্সে অফিসার ক্যাডেট হিসাবে যোগ দেয়ার আবেদনের সময়সীমা <NUMBER> এপ্রিল <NUMBER> পর্যন্ত বর্ধিত করা হয়েছে। বিস্তারিতঃ <URL>
ham,0,নৌবাহিনীতে আর্থিক লেনদেনের মাধ্যমে ভর্তি হওয়া দন্ডণীয় অপরাধ। প্রতারক বা দালাল চক্র হতে সতর্ক থাকুন।,নৌবাহিনীতে আর্থিক লেনদেনের মাধ্যমে ভর্তি হওয়া দন্ডণীয় অপরাধ। প্রতারক বা দালাল চক্র হতে সতর্ক থাকুন।
ham,0,“দুস্থ ও মানবতায় সেবায় আঞ্জুমান মুফিদুল ইসলামকে আপনার যাকাত ও সাদাকা দান করুন।,“দুস্থ ও মানবতায় সেবায় আঞ্জুমান মুফিদুল ইসলামকে আপনার যাকাত ও সাদাকা দান করুন।
ham,0,"৩১ মার্চ হতে ০৬ এপ্রিল জাটকা সংরক্ষণ সপ্তাহ। আসুন, আমরা জাটকা ধরা, ক্রয়-বিক্রয়, পরিবহন, মজুদ করা ও খাওয়া থেকে বিরত থাকি। জাতীয় মাছ ইলিশ উৎপাদন বৃদ্ধিতে সহায়তা করি-মৎস্য ও প্রাণিসম্পদ মন্ত্রণালয়।","<NUMBER> মার্চ হতে <NUMBER> এপ্রিল জাটকা সংরক্ষণ সপ্তাহ। আসুন, আমরা জাটকা ধরা, ক্রয়-বিক্রয়, পরিবহন, মজুদ করা ও খাওয়া থেকে বিরত থাকি। জাতীয় মাছ ইলিশ উৎপাদন বৃদ্ধিতে সহায়তা করি-মৎস্য ও প্রাণিসম্পদ মন্ত্রণালয়।"
ham,0,সেনাবাহিনীতে অফিসার হিসেবে ৯১তম বিএমএ দীর্ঘমেয়াদী কোর্সে যোগ দিন। ২৪ ফেব্রুয়ারি ২০২৩ হতে ২৪ এপ্রিল ২০২৩ তারিখ পর্যন্ত অনলাইনে আবেদন আহবান করা হচ্ছে । বিস্তারিতঃ https://joinbangladesharmy.army.mil.bd,সেনাবাহিনীতে অফিসার হিসেবে ৯১তম বিএমএ দীর্ঘমেয়াদী কোর্সে যোগ দিন। <NUMBER> ফেব্রুয়ারি <NUMBER> হতে <NUMBER> এপ্রিল <NUMBER> তারিখ পর্যন্ত অনলাইনে আবেদন আহবান করা হচ্ছে । বিস্তারিতঃ <URL>
ham,0,"“বিপন্ন বন্যপ্রাণী রক্ষা করি, প্রতিবেশ পুনরুদ্ধারে এগিয়ে আসি”","“বিপন্ন বন্যপ্রাণী রক্ষা করি, প্রতিবেশ পুনরুদ্ধারে এগিয়ে আসি”"
ham,0,"চলছে ১০০ দিনের বঙ্গবন্ধু শেখ মুজিব কুইজ। প্রতিদিন ১০০ জন করে মোট দশ হাজার বিজয়ী। জিতে নিন ল্যাপটপ, স্মার্টফোন এবং ইন্টারনেট ডাটা প্যাক। ভিজিট করুনঃ https://quiz.priyo.com","চলছে <NUMBER> দিনের বঙ্গবন্ধু শেখ মুজিব কুইজ। প্রতিদিন <NUMBER> জন করে মোট দশ হাজার বিজয়ী। জিতে নিন ল্যাপটপ, স্মার্টফোন এবং ইন্টারনেট ডাটা প্যাক। ভিজিট করুনঃ <URL>"
ham,0,“এক দিনে এক কোটি কোভিড-১৯ ভ্যাকসিন ক্যাম্পেইনের ২য় ডোজ ২৮ থেকে ৩০ মার্চ নিকটবর্তী কেন্দ্র থেকে গ্রহণ করুন”- স্বাস্থ্য অধিদপ্তর।,“এক দিনে এক কোটি কোভিড- <NUMBER> ভ্যাকসিন ক্যাম্পেইনের ২য় ডোজ <NUMBER> থেকে <NUMBER> মার্চ নিকটবর্তী কেন্দ্র থেকে গ্রহণ করুন”- স্বাস্থ্য অধিদপ্তর।
ham,0,সুখবর! ডব্লিউএসআইএস ২০২১-এ স্থান পেয়েছে বাংলাদেশের তথ্যপ্রযুক্তি খাতের বেশ কিছু উদ্যোগ। ভোট প্রদানের মাধ্যমে সাপোর্ট করুন দেশীয় উদ্যোগসমূহকে। বিস্তারিতঃ https://tinyurl.com/wsis21 – বিটিআরসি,সুখবর! ডব্লিউএসআইএস <NUMBER> -এ স্থান পেয়েছে বাংলাদেশের তথ্যপ্রযুক্তি খাতের বেশ কিছু উদ্যোগ। ভোট প্রদানের মাধ্যমে সাপোর্ট করুন দেশীয় উদ্যোগসমূহকে। বিস্তারিতঃ <URL> – বিটিআরসি
ham,0,"‘বীর মুক্তিযোদ্ধাদের আত্মত্যাগ ম্লান হবে না কোনোদিন, স্মার্ট বাংলাদেশ বিনির্মাণে শোধিত হবে রক্তঋণ’- মহান স্বাধীনতা ও জাতীয় দিবসে দেশবাসীকে জানাই শুভেচ্ছা-মুক্তিযুদ্ধ বিষয়ক মন্ত্রণালয়।","‘বীর মুক্তিযোদ্ধাদের আত্মত্যাগ ম্লান হবে না কোনোদিন, স্মার্ট বাংলাদেশ বিনির্মাণে শোধিত হবে রক্তঋণ’- মহান স্বাধীনতা ও জাতীয় দিবসে দেশবাসীকে জানাই শুভেচ্ছা-মুক্তিযুদ্ধ বিষয়ক মন্ত্রণালয়।"
ham,0,"“মহান স্বাধীনতা ও জাতীয় দিবস, ২০২২ উপলক্ষে সকল বীর মুক্তিযোদ্ধাকে ডাক ও টেলিযোগাযোগ বিভাগের পক্ষ থেকে গভীর শ্রদ্ধা ও কৃতজ্ঞতা জ্ঞাপন করছি” - ডাক ও টেলিযোগাযোগ বিভাগ।","“মহান স্বাধীনতা ও জাতীয় দিবস, <NUMBER> উপলক্ষে সকল বীর মুক্তিযোদ্ধাকে ডাক ও টেলিযোগাযোগ বিভাগের পক্ষ থেকে গভীর শ্রদ্ধা ও কৃতজ্ঞতা জ্ঞাপন করছি” - ডাক ও টেলিযোগাযোগ বিভাগ।"
ham,0,"বাংলাদেশ আজ বিশ্বে উন্নয়নের রোল মডেল। স্বাধীনতার সুবর্ণজয়ন্তীতে সুখি, সমৃদ্ধ ও উন্নত বাংলাদেশ বিনির্মাণের অভিযাত্রায় স্বাধীনতা দিবসের শুভেচ্ছা। - মুক্তিযুদ্ধ বিষয়ক মন্ত্রণালয়।","বাংলাদেশ আজ বিশ্বে উন্নয়নের রোল মডেল। স্বাধীনতার সুবর্ণজয়ন্তীতে সুখি, সমৃদ্ধ ও উন্নত বাংলাদেশ বিনির্মাণের অভিযাত্রায় স্বাধীনতা দিবসের শুভেচ্ছা। - মুক্তিযুদ্ধ বিষয়ক মন্ত্রণালয়।"
ham,0,"‘দমাতে পারেনি ২৫ মার্চের গণহত্যা, ছিনিয়ে এনেছি স্বাধীনতা’-মহান মুক্তিযুদ্ধের চেতনায় গড়ি জাতির পিতার স্বপ্নের সোনার বাংলা-মুক্তিযুদ্ধ বিষয়ক মন্ত্রণালয়।","‘দমাতে পারেনি <NUMBER> মার্চের গণহত্যা, ছিনিয়ে এনেছি স্বাধীনতা’-মহান মুক্তিযুদ্ধের চেতনায় গড়ি জাতির পিতার স্বপ্নের সোনার বাংলা-মুক্তিযুদ্ধ বিষয়ক মন্ত্রণালয়।"
ham,0,২৫ মার্চ গণহত্যা দিবসে সকল শহিদদের আত্মত্যাগ আমরা গভীর শ্রদ্ধার সাথে স্মরণ করছি - মুক্তিযুদ্ধ বিষয়ক মন্ত্রণালয়।,<NUMBER> মার্চ গণহত্যা দিবসে সকল শহিদদের আত্মত্যাগ আমরা গভীর শ্রদ্ধার সাথে স্মরণ করছি - মুক্তিযুদ্ধ বিষয়ক মন্ত্রণালয়।
ham,0,২৫ মার্চ গণহত্যা দিবসে সকল শহিদদের আত্মত্যাগ আমরা গভীর শ্রদ্ধার সাথে স্মরণ করছি - মুক্তিযুদ্ধ বিষয়ক মন্ত্রণালয়,<NUMBER> মার্চ গণহত্যা দিবসে সকল শহিদদের আত্মত্যাগ আমরা গভীর শ্রদ্ধার সাথে স্মরণ করছি - মুক্তিযুদ্ধ বিষয়ক মন্ত্রণালয়
ham,0,“২৬-৩০ মার্চ ২০২৪ জাতীয় প্যারেড স্কয়ারে আয়োজিত সমরাস্ত্র প্রদর্শনী সকাল ১০:০০ হতে বিকাল ৪:০০ পর্যন্ত সর্বসাধারণের জন্য উন্মুক্ত থাকবে - সশস্ত্র বাহিনী বিভাগ”,“ <NUMBER> - <NUMBER> মার্চ <NUMBER> জাতীয় প্যারেড স্কয়ারে আয়োজিত সমরাস্ত্র প্রদর্শনী সকাল <NUMBER> : <NUMBER> হতে বিকাল <NUMBER> : <NUMBER> পর্যন্ত সর্বসাধারণের জন্য উন্মুক্ত থাকবে - সশস্ত্র বাহিনী বিভাগ”
ham,0,"সেহরি এবং ইফতারে নিরাপদ ও সুষম খাবার গ্রহণ করুন। অস্বাস্থ্যকর ও অতিরিক্ত ভাজা-পোড়া খাবার পরিহার করুন। বাংলাদেশ নিরাপদ খাদ্য কর্তৃপক্ষ, খাদ্য মন্ত্রণালয়।","সেহরি এবং ইফতারে নিরাপদ ও সুষম খাবার গ্রহণ করুন। অস্বাস্থ্যকর ও অতিরিক্ত ভাজা-পোড়া খাবার পরিহার করুন। বাংলাদেশ নিরাপদ খাদ্য কর্তৃপক্ষ, খাদ্য মন্ত্রণালয়।"
ham,0,শেখ হাসিনা ইয়ুথ ভলান্টিয়ার অ্যাওয়ার্ড-২০২২ প্রদানের লক্ষ্যে ১৮-৩৫ বছরের যুবদের নিকট হতে দরখাস্ত আহবান করা হয়েছে। এ বিষয়ে সকল তথ্য যুব ও ক্রীড়া মন্ত্রণালয়ের ওয়েবসাইটে www.moysports.gov.bd পাওয়া যাবে।,শেখ হাসিনা ইয়ুথ ভলান্টিয়ার অ্যাওয়ার্ড- <NUMBER> প্রদানের লক্ষ্যে <NUMBER> - <NUMBER> বছরের যুবদের নিকট হতে দরখাস্ত আহবান করা হয়েছে। এ বিষয়ে সকল তথ্য যুব ও ক্রীড়া মন্ত্রণালয়ের ওয়েবসাইটে <URL> পাওয়া যাবে।
ham,0,"“২৩ মার্চ বিশ্ব আবহাওয়া দিবস-২০২৩ উদ্‌যাপন করা হচ্ছে।-বাংলাদেশ আবহাওয়া অধিদপ্তর, প্রতিরক্ষা মন্ত্রণালয়।”","“ <NUMBER> মার্চ বিশ্ব আবহাওয়া দিবস- <NUMBER> উদ্‌যাপন করা হচ্ছে।-বাংলাদেশ আবহাওয়া অধিদপ্তর, প্রতিরক্ষা মন্ত্রণালয়।”"
ham,0,"২০ মার্চ ২০২২ থেকে জাতীয় কৃমি নিয়ন্ত্রণ সপ্তাহে ৫-১৬ বছর বয়সী সকল শিশুকে স্বাস্থ্য বিধি মেনে বিদ্যালয়ে উপস্থিতির মাধ্যমে ভরাপেটে ১ ডোজ কৃমি নাশক ওষুধ খাওয়ান-স্বাস্থ্য অধিদপ্তর, স্বাস্থ্য ও প.ক.মন্ত্রণালয়","<NUMBER> মার্চ <NUMBER> থেকে জাতীয় কৃমি নিয়ন্ত্রণ সপ্তাহে <NUMBER> - <NUMBER> বছর বয়সী সকল শিশুকে স্বাস্থ্য বিধি মেনে বিদ্যালয়ে উপস্থিতির মাধ্যমে ভরাপেটে <NUMBER> ডোজ কৃমি নাশক ওষুধ খাওয়ান-স্বাস্থ্য অধিদপ্তর, স্বাস্থ্য ও প.ক.মন্ত্রণালয়"
ham,0,"২২ মার্চ ২০২২ বিশ্ব পানি দিবস, এবারের প্রতিপাদ্য বিষয় “ভূগর্ভস্থ পানি: অদৃশ্য সম্পদ, দৃশ্যমান প্রভাব”- পানি সম্পদ মন্ত্রণালয়।","<NUMBER> মার্চ <NUMBER> বিশ্ব পানি দিবস, এবারের প্রতিপাদ্য বিষয় “ভূগর্ভস্থ পানি: অদৃশ্য সম্পদ, দৃশ্যমান প্রভাব”- পানি সম্পদ মন্ত্রণালয়।"
ham,0,‘সাশ্রয় করি জ্বালানি,‘সাশ্রয় করি জ্বালানি
ham,0,‘এপ্রিল ২০২৩ মাসে বাংলাদেশ বিমান বাহিনীতে ৮৮ বাফা কোর্সের নির্বাচনী পরীক্ষার পরিবর্তিত সময়সূচীঃ,‘এপ্রিল <NUMBER> মাসে বাংলাদেশ বিমান বাহিনীতে <NUMBER> বাফা কোর্সের নির্বাচনী পরীক্ষার পরিবর্তিত সময়সূচীঃ
ham,0,"আজ ৪র্থ জাতীয় ভোটার দিবস। এবারের প্রতিপাদ্য -“মুজিব বর্ষের অঙ্গীকার, রক্ষা করব ভোটাধিকার”-ইসি","আজ ৪র্থ জাতীয় ভোটার দিবস। এবারের প্রতিপাদ্য -“মুজিব বর্ষের অঙ্গীকার, রক্ষা করব ভোটাধিকার”-ইসি"
ham,0,"আজ ০২ মার্চ ২০২১ ‘জাতীয় ভোটার দিবস’। এবারের প্রতিপাদ্যঃ “বয়স যদি আঠার হয়, ভোটার হতে দেরী নয়” - ইসি।","আজ <NUMBER> মার্চ <NUMBER> ‘জাতীয় ভোটার দিবস’। এবারের প্রতিপাদ্যঃ “বয়স যদি আঠার হয়, ভোটার হতে দেরী নয়” - ইসি।"
ham,0,"বাংলাদেশ বিমান বাহিনীতে ইঞ্জিনিয়ারিং, এটিসি ও এডিডব্লিউসি শাখায় ডিই ২০২১ ও শিক্ষা (সাইকোলজি ও সিভিল ইঞ্জিনিয়ারিং) শাখায় এসপিএসএসসি ২০২১ কোর্সে নিয়োগ চলছে। ভিজিটঃ www.joinbangladeshairforce.mil.bd","বাংলাদেশ বিমান বাহিনীতে ইঞ্জিনিয়ারিং, এটিসি ও এডিডব্লিউসি শাখায় ডিই <NUMBER> ও শিক্ষা (সাইকোলজি ও সিভিল ইঞ্জিনিয়ারিং) শাখায় এসপিএসএসসি <NUMBER> কোর্সে নিয়োগ চলছে। ভিজিটঃ <URL>"
ham,0,বাংলাদেশ মেরিন একাডেমি সহ অন্যান্য সকল মেরিটাইম শিক্ষা প্রতিষ্ঠানে ভর্তির আবেদনের শেষ তারিখ ২২ মার্চ ২০২১। বিস্তারিতঃ www.dos.gov.bd -নৌপরিবহন অধিদপ্তর,বাংলাদেশ মেরিন একাডেমি সহ অন্যান্য সকল মেরিটাইম শিক্ষা প্রতিষ্ঠানে ভর্তির আবেদনের শেষ তারিখ <NUMBER> মার্চ <NUMBER> । বিস্তারিতঃ <URL> -নৌপরিবহন অধিদপ্তর
ham,0,“১৭ মার্চ ২০২৩ জাতির পিতা বঙ্গবন্ধু শেখ মুজিবুর রহমান এঁর ১০৩তম জন্মবার্ষিকী ও জাতীয় শিশু দিবসের শুভেচ্ছা-মহিলা ও শিশু বিষয়ক মন্ত্রণালয়”।,“ <NUMBER> মার্চ <NUMBER> জাতির পিতা বঙ্গবন্ধু শেখ মুজিবুর রহমান এঁর ১০৩তম জন্মবার্ষিকী ও জাতীয় শিশু দিবসের শুভেচ্ছা-মহিলা ও শিশু বিষয়ক মন্ত্রণালয়”।
ham,0,১৭ মার্চ ২০২৩ জাতির পিতা বঙ্গবন্ধু শেখ মুজিবুর রহমানের ১০৩তম জন্মবার্ষিকী ও জাতীয় শিশু দিবস উপলক্ষ্যে লেজিসলেটিভ ও সংসদ বিষয়ক বিভাগের বিনম্র শ্রদ্ধা।,<NUMBER> মার্চ <NUMBER> জাতির পিতা বঙ্গবন্ধু শেখ মুজিবুর রহমানের ১০৩তম জন্মবার্ষিকী ও জাতীয় শিশু দিবস উপলক্ষ্যে লেজিসলেটিভ ও সংসদ বিষয়ক বিভাগের বিনম্র শ্রদ্ধা।
ham,0,“জাতির পিতা বঙ্গবন্ধু শেখ মুজিবুর রহমানের জন্মদিনের শুভেচ্ছা।”,“জাতির পিতা বঙ্গবন্ধু শেখ মুজিবুর রহমানের জন্মদিনের শুভেচ্ছা।”
ham,0,“১৭ মার্চ ২০২৪ জাতির পিতা বঙ্গবন্ধু শেখ মুজিবুর রহমান এঁর ১০৪তম জন্মবার্ষিকী ও জাতীয় শিশু দিবসের শুভেচ্ছা- মহিলা ও শিশু বিষয়ক মন্ত্রণালয়”,“ <NUMBER> মার্চ <NUMBER> জাতির পিতা বঙ্গবন্ধু শেখ মুজিবুর রহমান এঁর ১০৪তম জন্মবার্ষিকী ও জাতীয় শিশু দিবসের শুভেচ্ছা- মহিলা ও শিশু বিষয়ক মন্ত্রণালয়”
ham,0,“জাতির পিতা বঙ্গবন্ধু এঁর জন্মবার্ষিকী ও জাতীয় শিশু দিবস উদযাপন অনুষ্ঠান ১৭ মার্চ ২০২১ সকাল ১০.০০ টায় টেলিভিশন/অনলাইনে উপভোগ করুন” - মহিলা ও শিশু বিষয়ক মন্ত্রণালয়।,“জাতির পিতা বঙ্গবন্ধু এঁর জন্মবার্ষিকী ও জাতীয় শিশু দিবস উদযাপন অনুষ্ঠান <NUMBER> মার্চ <NUMBER> সকাল <NUMBER> টায় টেলিভিশন/অনলাইনে উপভোগ করুন” - মহিলা ও শিশু বিষয়ক মন্ত্রণালয়।
ham,0,"আজ ১৫ মার্চ বিশ্ব ভোক্তা-অধিকার দিবস। দিবসের প্রতিপাদ্য- ‘স্মার্ট বাংলাদেশ গড়ি, ভোক্তার স্বার্থে কৃত্রিম বুদ্ধিমত্তা ব্যবহার করি’। জাতীয় ভোক্তা-অধিকার সংরক্ষণ অধিদপ্তর, বাণিজ্য মন্ত্রণালয়।","আজ <NUMBER> মার্চ বিশ্ব ভোক্তা-অধিকার দিবস। দিবসের প্রতিপাদ্য- ‘স্মার্ট বাংলাদেশ গড়ি, ভোক্তার স্বার্থে কৃত্রিম বুদ্ধিমত্তা ব্যবহার করি’। জাতীয় ভোক্তা-অধিকার সংরক্ষণ অধিদপ্তর, বাণিজ্য মন্ত্রণালয়।"
ham,0,"আজ ১৫ মার্চ বিশ্ব ভোক্তা-অধিকার দিবস। দিবসের প্রতিপাদ্য-‘নিরাপদ জ্বালানী, ভোক্তাবান্ধব পৃথিবী’। জাতীয় ভোক্তা-অধিকার সংরক্ষণ অধিদপ্তর, বাণিজ্য মন্ত্রণালয়।","আজ <NUMBER> মার্চ বিশ্ব ভোক্তা-অধিকার দিবস। দিবসের প্রতিপাদ্য-‘নিরাপদ জ্বালানী, ভোক্তাবান্ধব পৃথিবী’। জাতীয় ভোক্তা-অধিকার সংরক্ষণ অধিদপ্তর, বাণিজ্য মন্ত্রণালয়।"
ham,0,"আজ ১৫ মার্চ ২০২২ বিশ্ব ভোক্তা-অধিকার দিবস। এবারের প্রতিপাদ্য- ‘ডিজিটাল আর্থিক ব্যবস্থায় ন্যায্যতা’। জাতীয় ভোক্তা-অধিকার সংরক্ষণ অধিদপ্তর, বাণিজ্য মন্ত্রণালয়।","আজ <NUMBER> মার্চ <NUMBER> বিশ্ব ভোক্তা-অধিকার দিবস। এবারের প্রতিপাদ্য- ‘ডিজিটাল আর্থিক ব্যবস্থায় ন্যায্যতা’। জাতীয় ভোক্তা-অধিকার সংরক্ষণ অধিদপ্তর, বাণিজ্য মন্ত্রণালয়।"
ham,0,"‘মুজিববর্ষে শপথ করি - প্লাস্টিক দূষণ রোধ করি’ জাতীয় ভোক্তা-অধিকার সংরক্ষণ অধিদপ্তর, বাণিজ্য মন্ত্রণালয়।","‘মুজিববর্ষে শপথ করি - প্লাস্টিক দূষণ রোধ করি’ জাতীয় ভোক্তা-অধিকার সংরক্ষণ অধিদপ্তর, বাণিজ্য মন্ত্রণালয়।"
ham,0,বাংলাদেশ সেনাবাহিনীর ৯১তম বিএমএ দীর্ঘমেয়াদী কোর্সে যোগদানের জন্য ২৪ ফেব্রুয়ারি ২০২৩ তারিখ হতে আবেদন আহবান করা হয়েছে। বিস্তারিতঃ https: // joinbangladesharmy.army.mil.bd,বাংলাদেশ সেনাবাহিনীর ৯১তম বিএমএ দীর্ঘমেয়াদী কোর্সে যোগদানের জন্য <NUMBER> ফেব্রুয়ারি <NUMBER> তারিখ হতে আবেদন আহবান করা হয়েছে। বিস্তারিতঃ https: // <URL>
ham,0,"সেহরি এবং ইফতারে নিরাপদ ও সুষম খাদ্য গ্রহণ করুন। অস্বাস্থ্যকর, অতিরিক্ত ভাজা-পোড়া ও অননুমোদিত রং মিশ্রিত খাদ্য পরিহার করুন। বাংলাদেশ নিরাপদ খাদ্য কর্তৃপক্ষ, খাদ্য মন্ত্রণালয়।","সেহরি এবং ইফতারে নিরাপদ ও সুষম খাদ্য গ্রহণ করুন। অস্বাস্থ্যকর, অতিরিক্ত ভাজা-পোড়া ও অননুমোদিত রং মিশ্রিত খাদ্য পরিহার করুন। বাংলাদেশ নিরাপদ খাদ্য কর্তৃপক্ষ, খাদ্য মন্ত্রণালয়।"
ham,0,‘জাতীয় দুর্যোগ প্রস্তুতি দিবস-২০২৪’এর প্রতিপাদ্য,‘জাতীয় দুর্যোগ প্রস্তুতি দিবস- <NUMBER> ’এর প্রতিপাদ্য
ham,0,‘জাতীয় দুর্যোগ প্রস্তুতি দিবস-২০২৩’ এর প্রতিপাদ্য,‘জাতীয় দুর্যোগ প্রস্তুতি দিবস- <NUMBER> ’ এর প্রতিপাদ্য
ham,0,‘মুজিববর্ষের সফলতা দুর্যোগ প্রস্তুতিতে গতিশীলতা’-দুর্যোগ ব্যবস্থাপনা ও ত্রাণ মন্ত্রণালয়।,‘মুজিববর্ষের সফলতা দুর্যোগ প্রস্তুতিতে গতিশীলতা’-দুর্যোগ ব্যবস্থাপনা ও ত্রাণ মন্ত্রণালয়।
ham,0,"‘করবো বীমা, গড়বো দেশ","‘করবো বীমা, গড়বো দেশ"
ham,0,"১ মার্চ ২০২২ জাতীয় বীমা দিবস। এবারের প্রতিপাদ্য-“বীমায় সুরক্ষিত থাকলে এগিয়ে যাব সবাই মিলে” বীমা উন্নয়ন ও নিয়ন্ত্রণ কর্তৃপক্ষ এবং আর্থিক প্রতিষ্ঠান বিভাগ, অর্থ মন্ত্রণালয়","<NUMBER> মার্চ <NUMBER> জাতীয় বীমা দিবস। এবারের প্রতিপাদ্য-“বীমায় সুরক্ষিত থাকলে এগিয়ে যাব সবাই মিলে” বীমা উন্নয়ন ও নিয়ন্ত্রণ কর্তৃপক্ষ এবং আর্থিক প্রতিষ্ঠান বিভাগ, অর্থ মন্ত্রণালয়"
ham,0,"০১ মার্চ ২০২১ জাতীয় বীমা দিবস। এবারের প্রতিপাদ্য- “মুজিববর্ষের অঙ্গীকার, বীমা হোক সবার” -বীমা উন্নয়ন ও নিয়ন্ত্রণ কর্তৃপক্ষ এবং আর্থিক প্রতিষ্ঠান বিভাগ, অর্থ মন্ত্রণালয়।","<NUMBER> মার্চ <NUMBER> জাতীয় বীমা দিবস। এবারের প্রতিপাদ্য- “মুজিববর্ষের অঙ্গীকার, বীমা হোক সবার” -বীমা উন্নয়ন ও নিয়ন্ত্রণ কর্তৃপক্ষ এবং আর্থিক প্রতিষ্ঠান বিভাগ, অর্থ মন্ত্রণালয়।"
ham,0,"৯ জুন ২০২৪, বিশ্ব এ্যাক্রেডিটেশন দিবস। স্মার্ট বাংলাদেশ বিনির্মাণে এ্যাক্রেডিটেশন। বাংলাদেশ এ্যাক্রেডিটেশন বোর্ড (বিএবি), শিল্প মন্ত্রণালয়।","<NUMBER> জুন <NUMBER> , বিশ্ব এ্যাক্রেডিটেশন দিবস। স্মার্ট বাংলাদেশ বিনির্মাণে এ্যাক্রেডিটেশন। বাংলাদেশ এ্যাক্রেডিটেশন বোর্ড (বিএবি), শিল্প মন্ত্রণালয়।"
ham,0,“আগামী ১৫ হতে ২১ জুন ২০২২ সারাদেশে জনশুমারি ও গৃহগণনা অনুষ্ঠিত হবে। শুমারি কর্মীকে সঠিক তথ্য দিয়ে সহযোগিতা করুন।”-বাংলাদেশ পরিসংখ্যান ব্যুরো।,“আগামী <NUMBER> হতে <NUMBER> জুন <NUMBER> সারাদেশে জনশুমারি ও গৃহগণনা অনুষ্ঠিত হবে। শুমারি কর্মীকে সঠিক তথ্য দিয়ে সহযোগিতা করুন।”-বাংলাদেশ পরিসংখ্যান ব্যুরো।
ham,0,মুজিববর্ষে মাননীয় প্রধানমন্ত্রী ৫৬০টি মডেল মসজিদের মধ্যে ৫০টি উদ্বোধন করবেন ১০ জুন ২০২১ সকাল ১০টা। বিটিভি ও বেতারে সরাসরি সম্প্রচার।,মুজিববর্ষে মাননীয় প্রধানমন্ত্রী ৫৬০টি মডেল মসজিদের মধ্যে ৫০টি উদ্বোধন করবেন <NUMBER> জুন <NUMBER> সকাল ১০টা। বিটিভি ও বেতারে সরাসরি সম্প্রচার।
ham,0,আজ ৯ জুন বিশ্ব এ্যাক্রেডিটেশন দিবস। এ বছরের প্রতিপাদ্য “এ্যাক্রেডিটেশন টেকসই উন্নয়ন অভীষ্ট বাস্তবায়নের সহায়ক”। পণ্য ও সেবার গুণগতমানের নিশ্চয়তার জন্য বাংলাদেশ এ্যাক্রেডিটেশন বোর্ডের সেবা গ্রহণ করুন।,আজ <NUMBER> জুন বিশ্ব এ্যাক্রেডিটেশন দিবস। এ বছরের প্রতিপাদ্য “এ্যাক্রেডিটেশন টেকসই উন্নয়ন অভীষ্ট বাস্তবায়নের সহায়ক”। পণ্য ও সেবার গুণগতমানের নিশ্চয়তার জন্য বাংলাদেশ এ্যাক্রেডিটেশন বোর্ডের সেবা গ্রহণ করুন।
ham,0,"‘ফলে পুষ্টি, অর্থ বেশ-স্মার্ট কৃষির বাংলাদেশ’","‘ফলে পুষ্টি, অর্থ বেশ-স্মার্ট কৃষির বাংলাদেশ’"
ham,0,স্বাস্থ্যবিধি মেনে ৫-১৯ জুন ২০২১ পর্যন্ত ৬ মাস থেকে ৫ বছর বয়সী শিশুদের নিকটস্থ কেন্দ্রে ভিটামিন ‘এ’ ক্যাপসুল খাওয়ান।,স্বাস্থ্যবিধি মেনে <NUMBER> - <NUMBER> জুন <NUMBER> পর্যন্ত <NUMBER> মাস থেকে <NUMBER> বছর বয়সী শিশুদের নিকটস্থ কেন্দ্রে ভিটামিন ‘এ’ ক্যাপসুল খাওয়ান।
ham,0,"ভূমি পুনরুদ্ধার, মরুময়তা রোধ ও খরা সহনশীলতা অর্জন - এই ভাবনায় ৫ জুন পালিত হচ্ছে বিশ্ব পরিবেশ দিবস ২০২৪। ‘সুস্থ পরিবেশ, স্মার্ট বাংলাদেশ’- পরিবেশ, বন ও জলবায়ু পরিবর্তন মন্ত্রণালয়","ভূমি পুনরুদ্ধার, মরুময়তা রোধ ও খরা সহনশীলতা অর্জন - এই ভাবনায় <NUMBER> জুন পালিত হচ্ছে বিশ্ব পরিবেশ দিবস <NUMBER> । ‘সুস্থ পরিবেশ, স্মার্ট বাংলাদেশ’- পরিবেশ, বন ও জলবায়ু পরিবর্তন মন্ত্রণালয়"
ham,0,৫ জুন বিশ্ব পরিবেশ দিবস,<NUMBER> জুন বিশ্ব পরিবেশ দিবস
ham,0,“আজ ৫ জুন বিশ্ব পরিবেশ দিবস ২০২১।,“আজ <NUMBER> জুন বিশ্ব পরিবেশ দিবস <NUMBER> ।
ham,0,আজ ৫ জুন বিশ্ব পরিবেশ দিবস ২০২১।,আজ <NUMBER> জুন বিশ্ব পরিবেশ দিবস <NUMBER> ।
ham,0,"মুজিব বর্ষে অঙ্গীকার করি, সোনার বাংলা সবুজ করি","মুজিব বর্ষে অঙ্গীকার করি, সোনার বাংলা সবুজ করি"
ham,0,“মুজিব বর্ষের অঙ্গীকার,“মুজিব বর্ষের অঙ্গীকার
ham,0,মুজিব বর্ষের অঙ্গীকার,মুজিব বর্ষের অঙ্গীকার
ham,0,বিয়ের আগে রক্ত পরিক্ষা করে জেনে নিন আপনি থ্যালাসেমিয়া রোগের বাহক কিনা। বাহকে বাহকে বিয়ে বন্ধ করুন ও থ্যালাসেমিয়া মুক্ত দেশ গড়ুন। বাংলাদেশ থ্যালাসেমিয়া সমিতি।,বিয়ের আগে রক্ত পরিক্ষা করে জেনে নিন আপনি থ্যালাসেমিয়া রোগের বাহক কিনা। বাহকে বাহকে বিয়ে বন্ধ করুন ও থ্যালাসেমিয়া মুক্ত দেশ গড়ুন। বাংলাদেশ থ্যালাসেমিয়া সমিতি।
ham,0,‘৪ জুন ২০২২ দ্বিতীয় “জাতীয় চা দিবস”,‘ <NUMBER> জুন <NUMBER> দ্বিতীয় “জাতীয় চা দিবস”
ham,0,“বাংলাদেশ নৌবাহিনীতে সরাসরি কমিশন্ড অফিসার পদে নিয়োগ চলছে। ভিজিট করুনঃ www.joinnavy.navy.mil.bd”,“বাংলাদেশ নৌবাহিনীতে সরাসরি কমিশন্ড অফিসার পদে নিয়োগ চলছে। ভিজিট করুনঃ <URL>
ham,0,বাংলাদেশ নৌবাহিনীতে সরাসরি কমিশন্ড অফিসার পদে নিয়োগ চলছে। ভিজিট করুনঃ www.joinnavy.navy.mil.bd,বাংলাদেশ নৌবাহিনীতে সরাসরি কমিশন্ড অফিসার পদে নিয়োগ চলছে। ভিজিট করুনঃ <URL>
ham,0,জাতীয় প্রাথমিক শিক্ষা সপ্তাহ,জাতীয় প্রাথমিক শিক্ষা সপ্তাহ
ham,0,"‘‘২৭ জুন আন্তর্জাতিক এমএসএমই দিবস। মাইক্রো, ক্ষুদ্র ও মাঝারি শিল্পের পৃষ্ঠপোষকতা করে ২০৪১ সালের মধ্যে একটি উন্নত সমৃদ্ধ দেশ গঠনে অবদান রাখুন। এসএমই ফাউন্ডেশন, শিল্প মন্ত্রণালয়।’’","‘‘ <NUMBER> জুন আন্তর্জাতিক এমএসএমই দিবস। মাইক্রো, ক্ষুদ্র ও মাঝারি শিল্পের পৃষ্ঠপোষকতা করে <NUMBER> সালের মধ্যে একটি উন্নত সমৃদ্ধ দেশ গঠনে অবদান রাখুন। এসএমই ফাউন্ডেশন, শিল্প মন্ত্রণালয়।’’"
ham,0,"ঈদ মোবারক । “গতিসীমা মেনে চলি, সড়ক দুর্ঘটনা রোধ করি”-সড়ক পরিবহন ও মহাসড়ক বিভাগ","ঈদ মোবারক । “গতিসীমা মেনে চলি, সড়ক দুর্ঘটনা রোধ করি”-সড়ক পরিবহন ও মহাসড়ক বিভাগ"
ham,0,আন্তর্জাতিক মাদকবিরোধী দিবসের আহ্বান।,আন্তর্জাতিক মাদকবিরোধী দিবসের আহ্বান।
ham,0,"আমার টাকায় আমার সেতু, বাংলাদেশের পদ্মা সেতু। একটি স্বপ্নের উম্মোচন। ২৫ জুন মাননীয় প্রধানমন্ত্রী স্বপ্নের পদ্মা সেতু শুভ উদ্বোধন করবেন। চোখ রাখুন, বিটিভি, সকাল ১০ টায়। বাংলাদেশ সেতু কর্তৃপক্ষ, সেতু বিভাগ।","আমার টাকায় আমার সেতু, বাংলাদেশের পদ্মা সেতু। একটি স্বপ্নের উম্মোচন। <NUMBER> জুন মাননীয় প্রধানমন্ত্রী স্বপ্নের পদ্মা সেতু শুভ উদ্বোধন করবেন। চোখ রাখুন, বিটিভি, সকাল <NUMBER> টায়। বাংলাদেশ সেতু কর্তৃপক্ষ, সেতু বিভাগ।"
ham,0,"বিইআরসি কর্তৃক জুন ২০২২ এর জন্য সমন্বয়কৃত এলপিজি’র সর্ব্বোচ মূল্যহার: ১২ কেজি সিলিন্ডার ১,২৪২ টাকা, ৩৫ কেজি সিলিন্ডার ৩,৬২২ টাকা, ৪৫ কেজি সিলিন্ডার ৪,৬৫৯ টাকা। ওয়েব: www.berc.org.bd","বিইআরসি কর্তৃক জুন <NUMBER> এর জন্য সমন্বয়কৃত এলপিজি’র সর্ব্বোচ মূল্যহার: <NUMBER> কেজি সিলিন্ডার <MONEY> , <NUMBER> কেজি সিলিন্ডার <MONEY> , <NUMBER> কেজি সিলিন্ডার <MONEY> । ওয়েব: <URL>"
ham,0,"আজ ২১ জুন, বিশ্ব হাইড্রোগ্রাফি দিবস। এ বছর দিবসটির প্রতিপাদ্য, “সামুদ্রিক কার্যক্রমে নিরাপত্তা, দক্ষতা ও টেকসই উন্নয়নে হাইড্রোগ্রাফিক তথ্যের গুরুত্ব” - বাংলাদেশ নৌবাহিনী।","আজ <NUMBER> জুন, বিশ্ব হাইড্রোগ্রাফি দিবস। এ বছর দিবসটির প্রতিপাদ্য, “সামুদ্রিক কার্যক্রমে নিরাপত্তা, দক্ষতা ও টেকসই উন্নয়নে হাইড্রোগ্রাফিক তথ্যের গুরুত্ব” - বাংলাদেশ নৌবাহিনী।"
ham,0,"আজ ২১ জুন, বিশ্ব হাইড্রোগ্রাফি দিবস। এ বছর দিবসটির প্রতিপাদ্য হচ্ছে হাইড্রোগ্রাফি - আন্ডারপিনিং দ্যা ডিজিটাল টুইন অফ দ্যা ওশান - বাংলাদেশ নৌবাহিনী","আজ <NUMBER> জুন, বিশ্ব হাইড্রোগ্রাফি দিবস। এ বছর দিবসটির প্রতিপাদ্য হচ্ছে হাইড্রোগ্রাফি - আন্ডারপিনিং দ্যা ডিজিটাল টুইন অফ দ্যা ওশান - বাংলাদেশ নৌবাহিনী"
ham,0,"আজ ২১ জুন, বিশ্ব হাইড্রোগ্রাফি দিবস। এ বছর দিবসটির প্রতিপাদ্য,“জাতিসংঘের দশ বছর মেয়াদি মহাসমুদ্র পরিকল্পনায় হাইড্রোগ্রাফির অবদান”-বাংলাদেশ নেীবাহিনী","আজ <NUMBER> জুন, বিশ্ব হাইড্রোগ্রাফি দিবস। এ বছর দিবসটির প্রতিপাদ্য,“জাতিসংঘের দশ বছর মেয়াদি মহাসমুদ্র পরিকল্পনায় হাইড্রোগ্রাফির অবদান”-বাংলাদেশ নেীবাহিনী"
ham,0,"আজ ২১ জুন, বিশ্ব হাইড্রোগ্রাফিক দিবস। এ বছর দিবসটির প্রতিপাদ্য হচ্ছে “হাইড্রোগ্রাফিতে আন্তর্জাতিক সহযোগিতার একশত বছর”- বাংলাদেশ নৌবাহিনী।","আজ <NUMBER> জুন, বিশ্ব হাইড্রোগ্রাফিক দিবস। এ বছর দিবসটির প্রতিপাদ্য হচ্ছে “হাইড্রোগ্রাফিতে আন্তর্জাতিক সহযোগিতার একশত বছর”- বাংলাদেশ নৌবাহিনী।"
ham,0,সামাজিক যোগাযোগ মাধ্যমের বিজ্ঞাপনে প্রলুব্ধ হয়ে অবৈধভাবে বিদেশ যাওয়া থেকে বিরত থাকুন। মানব পাচারকারী হতে সতর্ক হোন – বিটিআরসি,সামাজিক যোগাযোগ মাধ্যমের বিজ্ঞাপনে প্রলুব্ধ হয়ে অবৈধভাবে বিদেশ যাওয়া থেকে বিরত থাকুন। মানব পাচারকারী হতে সতর্ক হোন – বিটিআরসি
ham,0,বিদেশগামী/বিদেশ প্রত্যাগত কর্মীদের সহজ শর্তে স্বল্পসুদে ঋণ দিচ্ছে সরকারের প্রবাসী কল্যান ব্যাংক। নিকটস্থ শাখায় যোগাযোগ করুন। www.pkb.gov.bd,বিদেশগামী/বিদেশ প্রত্যাগত কর্মীদের সহজ শর্তে স্বল্পসুদে ঋণ দিচ্ছে সরকারের প্রবাসী কল্যান ব্যাংক। নিকটস্থ শাখায় যোগাযোগ করুন। <URL>
ham,0,"বিজ্ঞান ও প্রযুক্তি, আনবে দেশের সমৃদ্ধি। আগামী ১৯-২১ জুন’ ২০২৩ রাজধানীর আগারগাঁওস্থ জাতীয় বিজ্ঞান ও প্রযুক্তি কমপ্লেক্স ভবনে ৪৪তম কেন্দ্রীয় জাতীয় বিজ্ঞান ও প্রযুক্তি মেলা অনুষ্ঠিত হবে।","বিজ্ঞান ও প্রযুক্তি, আনবে দেশের সমৃদ্ধি। আগামী <NUMBER> - <NUMBER> জুন’ <NUMBER> রাজধানীর আগারগাঁওস্থ জাতীয় বিজ্ঞান ও প্রযুক্তি কমপ্লেক্স ভবনে ৪৪তম কেন্দ্রীয় জাতীয় বিজ্ঞান ও প্রযুক্তি মেলা অনুষ্ঠিত হবে।"
ham,0,"ক্ষুদ্র ক্ষুদ্র সম্পদ করে আহরন,","ক্ষুদ্র ক্ষুদ্র সম্পদ করে আহরন,"
ham,0,"১৮ জুন, ২০২৩ রবিবার সকাল ৮টা থেকে বিকাল ৪টা পর্যন্ত ৬ মাস থেকে ৫ বছর বয়সী শিশুকে নিকটস্থ স্বাস্থ্যসেবা কেন্দ্রে নিয়ে ভিটামিন ‘এ’ ক্যাপসুল খাওয়ান: জাতীয় পুষ্টিসেবা, ডিজিএইচএস","<NUMBER> জুন, <NUMBER> রবিবার সকাল ৮টা থেকে বিকাল ৪টা পর্যন্ত <NUMBER> মাস থেকে <NUMBER> বছর বয়সী শিশুকে নিকটস্থ স্বাস্থ্যসেবা কেন্দ্রে নিয়ে ভিটামিন ‘এ’ ক্যাপসুল খাওয়ান: জাতীয় পুষ্টিসেবা, ডিজিএইচএস"
ham,0,মুজিববর্ষের অঙ্গীকার ইএফডি তে এনবিআর। আপনার পরিশোধিত ভ্যাটের টাকা সরকারি কোষাগারে জমা নিশ্চিত করতে ইএফডি/এসডিসির চালান বুঝে নিন এবং সংরক্ষণ করুন। প্রতি মাসে লটারিতে জিতুন লক্ষ লক্ষ টাকার পুরস্কার।,মুজিববর্ষের অঙ্গীকার ইএফডি তে এনবিআর। আপনার পরিশোধিত ভ্যাটের টাকা সরকারি কোষাগারে জমা নিশ্চিত করতে ইএফডি/এসডিসির চালান বুঝে নিন এবং সংরক্ষণ করুন। প্রতি মাসে লটারিতে জিতুন লক্ষ লক্ষ টাকার পুরস্কার।
ham,0,"“পশুর চামড়া ছাড়ানোর ৪/৫ ঘণ্টার মধ্যে রক্ত-মাংস-চর্বি পরিষ্কার করে গরু/মহিষ প্রতি ৮-১০ কেজি এবং ছাগল/ভেড়া প্রতি ৩-৪ কেজি লবণ লাগিয়ে জাতীয় সম্পদ চামড়া রক্ষা করুন”। বিসিক, শিল্প মন্ত্রণালয়।","“পশুর চামড়া ছাড়ানোর <NUMBER> / <NUMBER> ঘণ্টার মধ্যে রক্ত-মাংস-চর্বি পরিষ্কার করে গরু/মহিষ প্রতি <NUMBER> - <NUMBER> কেজি এবং ছাগল/ভেড়া প্রতি <NUMBER> - <NUMBER> কেজি লবণ লাগিয়ে জাতীয় সম্পদ চামড়া রক্ষা করুন”। বিসিক, শিল্প মন্ত্রণালয়।"
ham,0,“১৫ হতে ২১ জুন ২০২২ সারাদেশে জনশুমারি ও গৃহগণনা অনুষ্ঠিত হচ্ছে। শুমারি কর্মীকে সঠিক তথ্য দিয়ে সহযোগিতা করুন।’’-বাংলাদেশ পরিসংখ্যান ব্যুরো।,“ <NUMBER> হতে <NUMBER> জুন <NUMBER> সারাদেশে জনশুমারি ও গৃহগণনা অনুষ্ঠিত হচ্ছে। শুমারি কর্মীকে সঠিক তথ্য দিয়ে সহযোগিতা করুন।’’-বাংলাদেশ পরিসংখ্যান ব্যুরো।
ham,0,“১৫ হতে ২১ জুন ২০২২ সারাদেশে জনশুমারি ও গৃহগণনা অনুষ্ঠিত হচ্ছে। শুমারি কর্মীকে সঠিক তথ্য দিয়ে সহযোগিতা করুন।”-বাংলাদেশ পরিসংখ্যান ব্যুরো।,“ <NUMBER> হতে <NUMBER> জুন <NUMBER> সারাদেশে জনশুমারি ও গৃহগণনা অনুষ্ঠিত হচ্ছে। শুমারি কর্মীকে সঠিক তথ্য দিয়ে সহযোগিতা করুন।”-বাংলাদেশ পরিসংখ্যান ব্যুরো।
ham,0,"১৪ই জুন, ২০২১ বাংলাদেশ স্থলবন্দর কর্তৃপক্ষের ২০তম প্রতিষ্ঠাবার্ষিকী ও ১৪-২০ জুন স্থল বন্দর সেবা সপ্তাহ উদযাপন। এবারের প্রতিপাদ্য “মুজিববর্ষের অঙ্গীকার, স্থলপথে বাণিজ্যের প্রসার”।","১৪ই জুন, <NUMBER> বাংলাদেশ স্থলবন্দর কর্তৃপক্ষের ২০তম প্রতিষ্ঠাবার্ষিকী ও <NUMBER> - <NUMBER> জুন স্থল বন্দর সেবা সপ্তাহ উদযাপন। এবারের প্রতিপাদ্য “মুজিববর্ষের অঙ্গীকার, স্থলপথে বাণিজ্যের প্রসার”।"
ham,0,"“শিশুশ্রম বন্ধ করি,","“শিশুশ্রম বন্ধ করি,"
ham,0,"“শিশুর শিক্ষা ও সুরক্ষা নিশ্চিত করি,","“শিশুর শিক্ষা ও সুরক্ষা নিশ্চিত করি,"
ham,0,আজ ১২ জুন বিশ্ব শিশুশ্রম নিরসন দিবস,আজ <NUMBER> জুন বিশ্ব শিশুশ্রম নিরসন দিবস
ham,0,আগামী ১৫ হতে ২১ জুন ২০২২ সারাদেশে জনশুমারি ও গৃহগণনা অনুষ্ঠিত হবে। শুমারি কর্মীকে সঠিক তথ্য দিয়ে সহযোগিতা করুন।’’-বাংলাদেশ পরিসংখ্যান ব্যুরো।,আগামী <NUMBER> হতে <NUMBER> জুন <NUMBER> সারাদেশে জনশুমারি ও গৃহগণনা অনুষ্ঠিত হবে। শুমারি কর্মীকে সঠিক তথ্য দিয়ে সহযোগিতা করুন।’’-বাংলাদেশ পরিসংখ্যান ব্যুরো।
ham,0,লাইসেন্সবিহীন কুরিয়ার ব্যবসা পরিচালনা করা অবৈধ। লাইসেন্সবিহীন কুরিয়ার প্রতিষ্ঠানকে পরিহার করুন। সরকারের রাজস্ব আদায়ে সহযোগিতা করুন।,লাইসেন্সবিহীন কুরিয়ার ব্যবসা পরিচালনা করা অবৈধ। লাইসেন্সবিহীন কুরিয়ার প্রতিষ্ঠানকে পরিহার করুন। সরকারের রাজস্ব আদায়ে সহযোগিতা করুন।
ham,0,"“আসুন কোরবানির পশুর চামড়ায় নিজ উদ্যোগে পরিমানমত লবন লাগিয়ে সাময়িকভাবে সংরক্ষণ করি, দেশের চামড়া শিল্পকে রক্ষা করি-জনস্বার্থে শিল্প মন্ত্রণালয়”।","“আসুন কোরবানির পশুর চামড়ায় নিজ উদ্যোগে পরিমানমত লবন লাগিয়ে সাময়িকভাবে সংরক্ষণ করি, দেশের চামড়া শিল্পকে রক্ষা করি-জনস্বার্থে শিল্প মন্ত্রণালয়”।"
ham,0,“প্রতিটি পশুর চামড়া যথাযথ সংরক্ষণ করি শিল্প সমৃদ্ধ বাংলাদেশ গড়ি’’- বাংলাদেশ ট্রেড এন্ড ট্যারিফ কমিশন,“প্রতিটি পশুর চামড়া যথাযথ সংরক্ষণ করি শিল্প সমৃদ্ধ বাংলাদেশ গড়ি’’- বাংলাদেশ ট্রেড এন্ড ট্যারিফ কমিশন
ham,0,"“চামড়ায় লবন দিয়ে জাতীয় সম্পদ রক্ষা করার মূল দায়িত্ব কোরবানিদাতার’’-EC4J প্রকল্প, বাণিজ্য মন্ত্রণালয়।","“চামড়ায় লবন দিয়ে জাতীয় সম্পদ রক্ষা করার মূল দায়িত্ব কোরবানিদাতার’’-EC4J প্রকল্প, বাণিজ্য মন্ত্রণালয়।"
ham,0,ইউনেস্কো-বাংলাদেশ বঙ্গবন্ধু শেখ মুজিবুর রহমান ইন্টারন্যাশনাল প্রাইজ ফর ক্রিয়েটিভ ইকোনমি ২০২১ এর মনোনয়ন আহবান করা যাচ্ছে। বিস্তারিত জানতে ভিজিট করুন www.bncu.gov.bd অথবা https://tinyurl.com/5yjj4s86,ইউনেস্কো-বাংলাদেশ বঙ্গবন্ধু শেখ মুজিবুর রহমান ইন্টারন্যাশনাল প্রাইজ ফর ক্রিয়েটিভ ইকোনমি <NUMBER> এর মনোনয়ন আহবান করা যাচ্ছে। বিস্তারিত জানতে ভিজিট করুন <URL> অথবা <URL>
ham,0,"কোরবানির পশুর বর্জ্য নির্ধারিত স্থানে ফেলুন। আপনার শহরকে পরিচ্ছন্ন রাখুন। মেয়র, ঢাকা দক্ষিণ সিটি কর্পোরেশন","কোরবানির পশুর বর্জ্য নির্ধারিত স্থানে ফেলুন। আপনার শহরকে পরিচ্ছন্ন রাখুন। মেয়র, ঢাকা দক্ষিণ সিটি কর্পোরেশন"
ham,0,৮৫ বাংলাদেশ বিমান বাহিনী একাডেমী কোর্সের আবেদনকৃত প্রার্থীদের প্রাথমিক নির্বাচনী পরীক্ষা চলছে। ভিজিট করুনঃ www.joinbangladeshairforce.mil.bd,<NUMBER> বাংলাদেশ বিমান বাহিনী একাডেমী কোর্সের আবেদনকৃত প্রার্থীদের প্রাথমিক নির্বাচনী পরীক্ষা চলছে। ভিজিট করুনঃ <URL>
ham,0,২০২১-২২ অর্থবছরের সঞ্চয়পত্রের উৎসে কর প্রত্যয়নপত্র জুলাই মাসের ১ম সপ্তাহে ব্যাপকভাবে বিতরণের উদ্যোগ গ্রহণ করা হচ্ছে। এ বিষয়ে সংশ্লিষ্ট সঞ্চয় অফিসে যোগাযোগের জন্য অনুরোধ করা হলো। জাতীয় সঞ্চয় অধিদপ্তর।,<NUMBER> - <NUMBER> অর্থবছরের সঞ্চয়পত্রের উৎসে কর প্রত্যয়নপত্র জুলাই মাসের ১ম সপ্তাহে ব্যাপকভাবে বিতরণের উদ্যোগ গ্রহণ করা হচ্ছে। এ বিষয়ে সংশ্লিষ্ট সঞ্চয় অফিসে যোগাযোগের জন্য অনুরোধ করা হলো। জাতীয় সঞ্চয় অধিদপ্তর।
ham,0,৮৯তম বিএমএ দীর্ঘমেয়াদী কোর্সের লিখিত পরীক্ষার ফলাফল প্রকাশ করা হয়েছে। বিস্তারিত জানতে ভিজিট করুন ওয়েবসাইট: https: joinbangladesharmy.army.mil.bd -বাংলাদেশ সেনাবাহিনী।,৮৯তম বিএমএ দীর্ঘমেয়াদী কোর্সের লিখিত পরীক্ষার ফলাফল প্রকাশ করা হয়েছে। বিস্তারিত জানতে ভিজিট করুন ওয়েবসাইট: https: <URL> -বাংলাদেশ সেনাবাহিনী।
ham,0,"সবার আগে সুশাসন, জনসেবায় উদ্ভাবন","সবার আগে সুশাসন, জনসেবায় উদ্ভাবন"
ham,0,আন্তর্জাতিক মাদকবিরোধী দিবসের আহবান,আন্তর্জাতিক মাদকবিরোধী দিবসের আহবান
ham,0,‘‘বস্ত্র অধিদপ্তরাধীন সরকারি টেক্সটাইল ইঞ্জিনিয়ারিং কলেজে বি.এসসি ইন টেক্সটাইল ইঞ্জিনিয়ারিং প্রোগ্রামে অনলাইনে ভর্তির আবেদন গ্রহণ চলছে’’ বিস্তারিত www.dot.gov.bd,‘‘বস্ত্র অধিদপ্তরাধীন সরকারি টেক্সটাইল ইঞ্জিনিয়ারিং কলেজে বি.এসসি ইন টেক্সটাইল ইঞ্জিনিয়ারিং প্রোগ্রামে অনলাইনে ভর্তির আবেদন গ্রহণ চলছে’’ বিস্তারিত <URL>
ham,0,বাংলাদেশ সেনাবাহিনীর মেডিকেল এবং ডেন্টাল কোরে যোগদানের নিয়োগ বিজ্ঞপ্তি প্রকাশ করা হয়েছে। বিস্তারিত জানতে ভিজিট করুন ওয়েবসাইটঃ https://joinbangladesharmy.army.mil.bd। বাংলাদেশ সেনাবাহিনী।,বাংলাদেশ সেনাবাহিনীর মেডিকেল এবং ডেন্টাল কোরে যোগদানের নিয়োগ বিজ্ঞপ্তি প্রকাশ করা হয়েছে। বিস্তারিত জানতে ভিজিট করুন ওয়েবসাইটঃ <URL> বাংলাদেশ সেনাবাহিনী।
ham,0,ইভিএম হ্যাক করা বা অনুমোদিত ব্যক্তি ব্যতীত ভোটদান এবং ভোটগ্রহন করা সম্ভব নয়- ইসি,ইভিএম হ্যাক করা বা অনুমোদিত ব্যক্তি ব্যতীত ভোটদান এবং ভোটগ্রহন করা সম্ভব নয়- ইসি
ham,0,আগামী ২৭/০৭/২০২১ সকাল ১০:৩০টায় ওসমানি স্মৃতি মিলনায়তনে জনপ্রশাসন পদক প্রদান করা হবে। মাননীয় প্রধানমন্ত্রী প্রধান অতিথি হিসেবে ভার্চুয়ালি সংযুক্ত থাকবেন। বিটিভি ও বাংলাদেশ বেতার অনুষ্ঠানটি সরাসরি সম্প্রচার করবে।,আগামী <NUMBER> / <NUMBER> / <NUMBER> সকাল <NUMBER> :৩০টায় ওসমানি স্মৃতি মিলনায়তনে জনপ্রশাসন পদক প্রদান করা হবে। মাননীয় প্রধানমন্ত্রী প্রধান অতিথি হিসেবে ভার্চুয়ালি সংযুক্ত থাকবেন। বিটিভি ও বাংলাদেশ বেতার অনুষ্ঠানটি সরাসরি সম্প্রচার করবে।
ham,0,শেখ হাসিনা সরকারের সাফল্যঃ,শেখ হাসিনা সরকারের সাফল্যঃ
ham,0,"“নিরাপদ মাছে ভরবো দেশ, গড়বো স্মার্ট বাংলাদেশ’’; ২৪ জুলাই-৩০ জুলাই, জাতীয় মৎস্য সপ্তাহ ২০২৩;","“নিরাপদ মাছে ভরবো দেশ, গড়বো স্মার্ট বাংলাদেশ’’; <NUMBER> জুলাই- <NUMBER> জুলাই, জাতীয় মৎস্য সপ্তাহ <NUMBER> ;"
ham,0,"“নিরাপদ মাছে ভরবো দেশ, বঙ্গবন্ধুর বাংলাদেশ’’; ২৩ জুলাই-২৯ জুলাই, জাতীয় মৎস্য সপ্তাহ ২০২২; মৎস্য অধিদপ্তর, মৎস্য ও প্রাণিসম্পদ মন্ত্রণালয়","“নিরাপদ মাছে ভরবো দেশ, বঙ্গবন্ধুর বাংলাদেশ’’; <NUMBER> জুলাই- <NUMBER> জুলাই, জাতীয় মৎস্য সপ্তাহ <NUMBER> ; মৎস্য অধিদপ্তর, মৎস্য ও প্রাণিসম্পদ মন্ত্রণালয়"
ham,0,"“নিরাপদ মাছে ভরবো দেশ, বঙ্গবন্ধুর বাংলাদেশ”; ২৩ জুলাই-২৯ জুলাই, জাতীয় মৎস্য সপ্তাহ ২০২২; মৎস্য অধিদপ্তর, মৎস্য ও প্রাণিসম্পদ মন্ত্রণালয়","“নিরাপদ মাছে ভরবো দেশ, বঙ্গবন্ধুর বাংলাদেশ”; <NUMBER> জুলাই- <NUMBER> জুলাই, জাতীয় মৎস্য সপ্তাহ <NUMBER> ; মৎস্য অধিদপ্তর, মৎস্য ও প্রাণিসম্পদ মন্ত্রণালয়"
ham,0,আগামী ২৩ জুলাই ২০২২ তারিখ রোজ শনিবার সকাল ১১ঃ০০ টায় মাননীয় প্রধানমন্ত্রী বঙ্গবন্ধু জনপ্রশাসন পদক ২০২২ প্রদান করবেন। অনুষ্ঠানটি বিটিভি ও বাংলাদেশ রেডিওতে সরাসরি সম্প্রচার করা হবে।,আগামী <NUMBER> জুলাই <NUMBER> তারিখ রোজ শনিবার সকাল <NUMBER> ঃ <NUMBER> টায় মাননীয় প্রধানমন্ত্রী বঙ্গবন্ধু জনপ্রশাসন পদক <NUMBER> প্রদান করবেন। অনুষ্ঠানটি বিটিভি ও বাংলাদেশ রেডিওতে সরাসরি সম্প্রচার করা হবে।
ham,0,"কোরবানির পশুর বর্জ্য নির্দিষ্ট স্থানে ফেলুন। আপনার শহরকে পরিচ্ছন্ন রাখুন। মেয়র, ঢাকা দক্ষিন সিটি কর্পোরেশন।","কোরবানির পশুর বর্জ্য নির্দিষ্ট স্থানে ফেলুন। আপনার শহরকে পরিচ্ছন্ন রাখুন। মেয়র, ঢাকা দক্ষিন সিটি কর্পোরেশন।"
ham,0,"“মূল্যবান সম্পদ কোরবানির চামড়া, লবন দিয়ে সংরক্ষণ করবো আমরা”। সবাইকে ঈদের শুভেচ্ছা -বাণিজ্য মন্ত্রণালয়।","“মূল্যবান সম্পদ কোরবানির চামড়া, লবন দিয়ে সংরক্ষণ করবো আমরা”। সবাইকে ঈদের শুভেচ্ছা -বাণিজ্য মন্ত্রণালয়।"
ham,0,"করোনাকালীন সময়ে যথাযথ স্বাস্থ্যবিধি মেনে কুরবানি করুন এবং কুরবানিকৃত পশুর বর্জ্য নির্ধারিত স্থানে ফেলে পরিবেশ সুরক্ষায় ধর্মীয় ও নৈতিক দায়িত্ব পালন করুন - পরিবেশ, বন ও জলবায়ু পরিবর্তন মন্ত্রণালয়।","করোনাকালীন সময়ে যথাযথ স্বাস্থ্যবিধি মেনে কুরবানি করুন এবং কুরবানিকৃত পশুর বর্জ্য নির্ধারিত স্থানে ফেলে পরিবেশ সুরক্ষায় ধর্মীয় ও নৈতিক দায়িত্ব পালন করুন - পরিবেশ, বন ও জলবায়ু পরিবর্তন মন্ত্রণালয়।"
ham,0,"কোরবানির পশু জবাই, মাংস প্রস্তুত, রান্না ও সংরক্ষণে খাদ্য নিরাপদতা নিশ্চিত করুন। পশুর বর্জ্য নির্দিষ্ট স্থানে ফেলুন । বাংলাদেশ নিরাপদ খাদ্য কর্তৃপক্ষ, খাদ্য মন্ত্রণালয়।","কোরবানির পশু জবাই, মাংস প্রস্তুত, রান্না ও সংরক্ষণে খাদ্য নিরাপদতা নিশ্চিত করুন। পশুর বর্জ্য নির্দিষ্ট স্থানে ফেলুন । বাংলাদেশ নিরাপদ খাদ্য কর্তৃপক্ষ, খাদ্য মন্ত্রণালয়।"
ham,0,"১৫ জুলাই বিশ্ব যুব দক্ষতা দিবস “পরিবর্তনশীল আগামীর জন্য দক্ষতা”-এনএসডিএ, প্রধানমন্ত্রীর কার্যালয়।","<NUMBER> জুলাই বিশ্ব যুব দক্ষতা দিবস “পরিবর্তনশীল আগামীর জন্য দক্ষতা”-এনএসডিএ, প্রধানমন্ত্রীর কার্যালয়।"
ham,0,“ট্রান্সফর্মিং ইয়োথ স্কিলস ফর দ্য ফিউচার” এই প্রতিপাদ্যে এনএসডিএ কর্তৃক আজ বিশ্ব যুব দক্ষতা দিবস-২০২২ পালন করা হচ্ছে।,“ট্রান্সফর্মিং ইয়োথ স্কিলস ফর দ্য ফিউচার” এই প্রতিপাদ্যে এনএসডিএ কর্তৃক আজ বিশ্ব যুব দক্ষতা দিবস- <NUMBER> পালন করা হচ্ছে।
ham,0,১৫ই জুলাই ২০২১ পার্বত্য চট্টগ্রাম বিষয়ক মন্ত্রণালয়ের ২৩তম প্রতিষ্ঠাবার্ষিকীতে শুভেচ্ছা। -পার্বত্য চট্টগ্রাম বিষয়ক মন্ত্রণালয়।,১৫ই জুলাই <NUMBER> পার্বত্য চট্টগ্রাম বিষয়ক মন্ত্রণালয়ের ২৩তম প্রতিষ্ঠাবার্ষিকীতে শুভেচ্ছা। -পার্বত্য চট্টগ্রাম বিষয়ক মন্ত্রণালয়।
ham,0,“মহামারী উত্তর যুব দক্ষতা বিষয়ে পূনর্ভাবনা” এই প্রতিপাদ্যে এনএসডিএ কর্তৃক আজ বিশ্ব যুব দক্ষতা দিবস -২০২১ উদযাপন করা হচ্ছে।,“মহামারী উত্তর যুব দক্ষতা বিষয়ে পূনর্ভাবনা” এই প্রতিপাদ্যে এনএসডিএ কর্তৃক আজ বিশ্ব যুব দক্ষতা দিবস - <NUMBER> উদযাপন করা হচ্ছে।
ham,0,১৫ জুলাই ২০২২ পার্বত্য চট্টগ্রাম বিষয়ক মন্ত্রণালয়ের ২৪তম প্রতিষ্ঠা বার্ষিকী উপলক্ষ্যে সবাইকে শুভেচ্ছা - পার্বত্য চট্টগ্রাম বিষয়ক মন্ত্রনালয়,<NUMBER> জুলাই <NUMBER> পার্বত্য চট্টগ্রাম বিষয়ক মন্ত্রণালয়ের ২৪তম প্রতিষ্ঠা বার্ষিকী উপলক্ষ্যে সবাইকে শুভেচ্ছা - পার্বত্য চট্টগ্রাম বিষয়ক মন্ত্রনালয়
ham,0,myGov: এক ঠিকানায় সরকারি সেবা । ১০০০ এর বেশী নাগরিক সেবা নিতে ভিজিট করুন mygov.bd বা ডাউনলোড করুন myGov অ্যাপ।,myGov: এক ঠিকানায় সরকারি সেবা । <NUMBER> এর বেশী নাগরিক সেবা নিতে ভিজিট করুন <URL> বা ডাউনলোড করুন myGov অ্যাপ।
ham,0,"আগামী ১৮-১৯ জুলাই, ২০২৪ বিআইসিসি, ঢাকায় বাংলাদেশ ইন্টারন্যাশনাল অ্যাকুয়াকালচার ও সি-ফুড শো ২০২৪ এ আপনারা আমন্ত্রিত। নিবন্ধন করুন: https://seafoodexpobd.com -মৎস্য ও প্রাণিসম্পদ মন্ত্রণালয়।","আগামী <NUMBER> - <NUMBER> জুলাই, <NUMBER> বিআইসিসি, ঢাকায় বাংলাদেশ ইন্টারন্যাশনাল অ্যাকুয়াকালচার ও সি-ফুড শো <NUMBER> এ আপনারা আমন্ত্রিত। নিবন্ধন করুন: <URL> -মৎস্য ও প্রাণিসম্পদ মন্ত্রণালয়।"
ham,0,"প্রিয় নগরবাসী, ডেঙ্গু হলে মৃত্যু ঝুঁকি আছে। এই সময়ে সচেতনতা ও সম্পৃক্ততা অত্যন্ত জরুরী।","প্রিয় নগরবাসী, ডেঙ্গু হলে মৃত্যু ঝুঁকি আছে। এই সময়ে সচেতনতা ও সম্পৃক্ততা অত্যন্ত জরুরী।"
ham,0,"“গতিসীমা মেনে চলি, সড়ক দুর্ঘটনা রোধ করি","“গতিসীমা মেনে চলি, সড়ক দুর্ঘটনা রোধ করি"
ham,0,"“গতিসীমা মেনে চলি, সড়ক দুর্ঘটনা রোধ করি”","“গতিসীমা মেনে চলি, সড়ক দুর্ঘটনা রোধ করি”"
ham,0,"আজ ১১ জুলাই ২০২৩, বিশ্ব জনসংখ্যা দিবস। প্রতিপাদ্য: “জেন্ডার সমতাই শক্তি: নারী ও কন্যাশিশুর মুক্ত উচ্চারণে হোক পৃথিবীর অবারিত সম্ভাবনার দ্বার উন্মোচন”- স্বাস্থ্য শিক্ষা ও পরিবার কল্যাণ বিভাগ","আজ <NUMBER> জুলাই <NUMBER> , বিশ্ব জনসংখ্যা দিবস। প্রতিপাদ্য: “জেন্ডার সমতাই শক্তি: নারী ও কন্যাশিশুর মুক্ত উচ্চারণে হোক পৃথিবীর অবারিত সম্ভাবনার দ্বার উন্মোচন”- স্বাস্থ্য শিক্ষা ও পরিবার কল্যাণ বিভাগ"
ham,0,"আজ ১১ জুলাই ২০২২, বিশ্ব জনসংখ্যা দিবস। এ বছরের প্রতিপাদ্য: ‘৮০০ কোটির পৃথিবী : সকলের সুযোগ, পছন্দ ও অধিকার নিশ্চিত করে প্রাণবন্ত ভবিষ্যৎ গড়ি’- স্বাস্থ্য শিক্ষা ও পরিবার কল্যাণ বিভাগ।","আজ <NUMBER> জুলাই <NUMBER> , বিশ্ব জনসংখ্যা দিবস। এ বছরের প্রতিপাদ্য: ‘ <NUMBER> কোটির পৃথিবী : সকলের সুযোগ, পছন্দ ও অধিকার নিশ্চিত করে প্রাণবন্ত ভবিষ্যৎ গড়ি’- স্বাস্থ্য শিক্ষা ও পরিবার কল্যাণ বিভাগ।"
ham,0,"আজ ১১ জুলাই ২০২১, বিশ্ব জনসংখ্যা দিবস। এবারের প্রতিপাদ্য “অধিকার ও পছন্দই মূল কথা: প্রজননস্বাস্থ্য ও অধিকার প্রাধান্য পেলে কাঙ্ক্ষিত জন্মহারে সমাধান মেলে”- স্বাস্থ্য শিক্ষা ও পরিবার কল্যাণ বিভাগ।","আজ <NUMBER> জুলাই <NUMBER> , বিশ্ব জনসংখ্যা দিবস। এবারের প্রতিপাদ্য “অধিকার ও পছন্দই মূল কথা: প্রজননস্বাস্থ্য ও অধিকার প্রাধান্য পেলে কাঙ্ক্ষিত জন্মহারে সমাধান মেলে”- স্বাস্থ্য শিক্ষা ও পরিবার কল্যাণ বিভাগ।"
ham,0,"সেনাবাহিনীতে ৫৯তম বিএমএ স্পেশাল (সিগন্যালস্/ইএমই/এইসি), ৫২তম আরভিএন্ডএফসি, ৩৬তম জেএজি, ৮২তম এএমসি এবং ৬৮তম এডিসি কোর্সে নির্বাচনের আবেদন আহবান করা হয়েছে।","সেনাবাহিনীতে ৫৯তম বিএমএ স্পেশাল (সিগন্যালস্/ইএমই/এইসি), ৫২তম আরভিএন্ডএফসি, ৩৬তম জেএজি, ৮২তম এএমসি এবং ৬৮তম এডিসি কোর্সে নির্বাচনের আবেদন আহবান করা হয়েছে।"
ham,0,বাংলাদেশ বিমান বাহিনীতে ৯০ বাফা কোর্সে অফিসার ক্যাডেট নিয়োগ চলছে। বিস্তারিতঃ https://joinairforce.baf.mil.bd,বাংলাদেশ বিমান বাহিনীতে <NUMBER> বাফা কোর্সে অফিসার ক্যাডেট নিয়োগ চলছে। বিস্তারিতঃ <URL>
ham,0,বাংলাদেশ পরিসংখ্যান ব্যুরো কর্তৃক প্রকাশিত সরকারের অগ্রগতি এবং উন্নয়নের চিত্রের গুরুত্বপূর্ণ প্রকাশনার লিংক- https://cutt.ly/0UjDTpk,বাংলাদেশ পরিসংখ্যান ব্যুরো কর্তৃক প্রকাশিত সরকারের অগ্রগতি এবং উন্নয়নের চিত্রের গুরুত্বপূর্ণ প্রকাশনার লিংক- <URL>
ham,0,বাংলাদেশ নৌবাহিনী জাহাজ ১০-১২ জানুয়ারি ২০২২ মহেশখালী-হাতিয়া মধ্যবর্তী সমুদ্র এলাকায় মিসাইল ফায়ারিং পরিচালনা করবে। সকল নৌযানসমূহকে উক্ত সময়ে ফায়ারিং এলাকা পরিহারের জন্য বলা হলো।-বাংলাদেশ নৌবাহিনী,বাংলাদেশ নৌবাহিনী জাহাজ <NUMBER> - <NUMBER> জানুয়ারি <NUMBER> মহেশখালী-হাতিয়া মধ্যবর্তী সমুদ্র এলাকায় মিসাইল ফায়ারিং পরিচালনা করবে। সকল নৌযানসমূহকে উক্ত সময়ে ফায়ারিং এলাকা পরিহারের জন্য বলা হলো।-বাংলাদেশ নৌবাহিনী
ham,0,"শুরু হয়েছে ১০০ দিনের বঙ্গবন্ধু শেখ মুজিব কুইজ। প্রতিদিন ১০০ জন করে মোট দশ হাজার বিজয়ী। জিতে নিন ল্যাপটপ, স্মার্টফোন এবং ইন্টারনেট ডাটা প্যাক। ভিজিট করুনঃ https://quiz.priyo.com","শুরু হয়েছে <NUMBER> দিনের বঙ্গবন্ধু শেখ মুজিব কুইজ। প্রতিদিন <NUMBER> জন করে মোট দশ হাজার বিজয়ী। জিতে নিন ল্যাপটপ, স্মার্টফোন এবং ইন্টারনেট ডাটা প্যাক। ভিজিট করুনঃ <URL>"
ham,0,বাংলাদেশ বিমান বাহিনীতে ৮৮ বাফা কোর্সে অফিসার ক্যাডেট নিয়োগ চলছে। বিস্তারিতঃ https://joinairforce.baf.mil.bd,বাংলাদেশ বিমান বাহিনীতে <NUMBER> বাফা কোর্সে অফিসার ক্যাডেট নিয়োগ চলছে। বিস্তারিতঃ <URL>
ham,0,"আগামী ০৫-০৮ জানুয়ারি ২০২২ পর্যন্ত ০৪ দিন ব্যাপী পার্বত্য মেলা-২০২২ শেখ হাসিনা পার্বত্য চট্টগ্রাম কমপ্লেক্স, বেইলী রোড, ঢাকায় অনুষ্ঠিত হবে। আপনারা সবাই আমন্ত্রিত। পার্বত্য চট্টগ্রাম বিষয়ক মন্ত্রণালয়।","আগামী <NUMBER> - <NUMBER> জানুয়ারি <NUMBER> পর্যন্ত <NUMBER> দিন ব্যাপী পার্বত্য মেলা- <NUMBER> শেখ হাসিনা পার্বত্য চট্টগ্রাম কমপ্লেক্স, বেইলী রোড, ঢাকায় অনুষ্ঠিত হবে। আপনারা সবাই আমন্ত্রিত। পার্বত্য চট্টগ্রাম বিষয়ক মন্ত্রণালয়।"
ham,0,বাংলাদেশ নৌবাহিনীতে অফিসার ক্যাডেট পদে নিয়োগ চলছে । ভিজিট করুন: www.joinnavy.navy.mil.bd,বাংলাদেশ নৌবাহিনীতে অফিসার ক্যাডেট পদে নিয়োগ চলছে । ভিজিট করুন: <URL>
ham,0,বাংলাদেশ সেনাবাহিনীর ৮৩তম ডিএসএসসি (এএমসি) এবং ৬৯তম ডিএসএসসি (এডিসি) কোর্সে অফিসার পদে যোগদানের জন্য আবেদন আহবান করা হয়েছে। বিস্তারিতঃ https://joinbangladesharmy.army.mil.bd,বাংলাদেশ সেনাবাহিনীর ৮৩তম ডিএসএসসি (এএমসি) এবং ৬৯তম ডিএসএসসি (এডিসি) কোর্সে অফিসার পদে যোগদানের জন্য আবেদন আহবান করা হয়েছে। বিস্তারিতঃ <URL>
ham,0,"“আপনার জীবন, স্বাস্থ্য ও সম্পদের অনাকাঙ্খিত/দুর্ঘটনাজনিত ক্ষতি লাঘবের ব্যবস্থা হলো বীমা। বীমা করুন, ঝুঁকিমুক্ত থাকুন”-বীমা উন্নয়ন ও নিয়ন্ত্রণ কর্তৃপক্ষ।","“আপনার জীবন, স্বাস্থ্য ও সম্পদের অনাকাঙ্খিত/দুর্ঘটনাজনিত ক্ষতি লাঘবের ব্যবস্থা হলো বীমা। বীমা করুন, ঝুঁকিমুক্ত থাকুন”-বীমা উন্নয়ন ও নিয়ন্ত্রণ কর্তৃপক্ষ।"
ham,0,"“ডাক ও টেলিযোগাযোগ বিভাগের উদ্যোগে ২৬-২৮ জানুয়ারি, সকাল ১০:০০ হতে রাত ০৮:০০ পর্যন্ত বঙ্গবন্ধু আন্তর্জাতিক সম্মেলন কেন্দ্রে আয়োজিত “ডিজিটাল বাংলাদেশ মেলা ২০২৩” এ সবাইকে আমন্ত্রণ।”","“ডাক ও টেলিযোগাযোগ বিভাগের উদ্যোগে <NUMBER> - <NUMBER> জানুয়ারি, সকাল <NUMBER> : <NUMBER> হতে রাত <NUMBER> : <NUMBER> পর্যন্ত বঙ্গবন্ধু আন্তর্জাতিক সম্মেলন কেন্দ্রে আয়োজিত “ডিজিটাল বাংলাদেশ মেলা <NUMBER> ” এ সবাইকে আমন্ত্রণ।”"
ham,0,‘‘২৯ জানুয়ারি মহামান্য রাষ্ট্রপতি জাতীয় শিশু পুরস্কার প্রতিযোগিতার বিজয়ী শিশুদের মাঝে পুরস্কার প্রদান করবেন”।,‘‘ <NUMBER> জানুয়ারি মহামান্য রাষ্ট্রপতি জাতীয় শিশু পুরস্কার প্রতিযোগিতার বিজয়ী শিশুদের মাঝে পুরস্কার প্রদান করবেন”।
ham,0,আপনার নিকটস্থ ভোট কেন্দ্রে ইভিএম এর প্রচারণায় এসে ভোট প্রদান পদ্ধতি সম্পর্কে জানুন-ইসি,আপনার নিকটস্থ ভোট কেন্দ্রে ইভিএম এর প্রচারণায় এসে ভোট প্রদান পদ্ধতি সম্পর্কে জানুন-ইসি
ham,0,বাংলাদেশ বিমান বাহিনীতে অফিসার ক্যাডেট পদে নিয়োগ চলছে। ভিজিট করুনঃ www.joinbangladeshairforce.mil.bd,বাংলাদেশ বিমান বাহিনীতে অফিসার ক্যাডেট পদে নিয়োগ চলছে। ভিজিট করুনঃ <URL>
ham,0,২৬ জানুয়ারি ২০২৪ আন্তর্জাতিক কাস্টমস দিবস উদযাপিত হচ্ছে। এবারের প্রতিপাদ্য বিষয় ‘‘মিলে নবীন-পুরনো অংশীজন/কাস্টমস করবে লক্ষ্য অর্জন”। জাতীয় রাজস্ব বোর্ড,<NUMBER> জানুয়ারি <NUMBER> আন্তর্জাতিক কাস্টমস দিবস উদযাপিত হচ্ছে। এবারের প্রতিপাদ্য বিষয় ‘‘মিলে নবীন-পুরনো অংশীজন/কাস্টমস করবে লক্ষ্য অর্জন”। জাতীয় রাজস্ব বোর্ড
ham,0,"২৬ জানুয়ারি, ২০২২ আন্তর্জাতিক কাস্টমস দিবস উদযাপিত হচ্ছে। এবারের প্রতিপাদ্য বিষয় “তথ্য-সংস্কৃতি বিকাশ এবং তথ্য-ইকোসিস্টেম বিনির্মাণের মাধ্যমে ডিজিটাল কাম্টমসের সম্প্রসারণ”-জাতীয় রাজস্ব বোর্ড","<NUMBER> জানুয়ারি, <NUMBER> আন্তর্জাতিক কাস্টমস দিবস উদযাপিত হচ্ছে। এবারের প্রতিপাদ্য বিষয় “তথ্য-সংস্কৃতি বিকাশ এবং তথ্য-ইকোসিস্টেম বিনির্মাণের মাধ্যমে ডিজিটাল কাম্টমসের সম্প্রসারণ”-জাতীয় রাজস্ব বোর্ড"
ham,0,"“আসুন জাটকা ও সামুদ্রিক প্রজাতির মাছের ডিম, লার্ভী ও পোনা রক্ষায় বেহুন্দি ও কারেন্ট জালসহ সকল অবৈধ জাল দিয়ে মাছ ধরা থেকে বিরত থাকি-মৎস্য অধিদপ্তর; মৎস্য ও প্রাণিসম্পদ মন্ত্রণালয়’’","“আসুন জাটকা ও সামুদ্রিক প্রজাতির মাছের ডিম, লার্ভী ও পোনা রক্ষায় বেহুন্দি ও কারেন্ট জালসহ সকল অবৈধ জাল দিয়ে মাছ ধরা থেকে বিরত থাকি-মৎস্য অধিদপ্তর; মৎস্য ও প্রাণিসম্পদ মন্ত্রণালয়’’"
ham,0,বাংলাদেশ নৌবাহিনীতে কমিশন্ড অফিসার পদে নিয়োগ চলছে। ভিজিট করুনঃ www.joinnavy.navy.mil.bd,বাংলাদেশ নৌবাহিনীতে কমিশন্ড অফিসার পদে নিয়োগ চলছে। ভিজিট করুনঃ <URL>
ham,0,আগামী ২৭ ফেব্রুয়ারি ২০২২ জাতীয় পরিসংখ্যান দিবস উদযাপন উপলক্ষ্যে স্লোগান ও লোগো ডিজাইন প্রতিযোগিতায় অংশ নিন। বিস্তারিত জানতে ভিজিট করুন: https://bit.ly/3Inwyh6,আগামী <NUMBER> ফেব্রুয়ারি <NUMBER> জাতীয় পরিসংখ্যান দিবস উদযাপন উপলক্ষ্যে স্লোগান ও লোগো ডিজাইন প্রতিযোগিতায় অংশ নিন। বিস্তারিত জানতে ভিজিট করুন: <URL>
ham,0,“ফায়ার সার্ভিসের সেবা গ্রহণের জন্য হটলাইন ১৬১৬৩ নম্বরে কল করুন’’,“ফায়ার সার্ভিসের সেবা গ্রহণের জন্য হটলাইন <PHONE> নম্বরে কল করুন’’
ham,0,ফায়ার সার্ভিসের সেবা গ্রহণের জন্য হটলাইন ১৬১৬৩ নম্বরে কল করুন,ফায়ার সার্ভিসের সেবা গ্রহণের জন্য হটলাইন <PHONE> নম্বরে কল করুন
ham,0,"মেডিকেল কলেজ হাসপাতাল, জেলা হাসপাতাল, উপজেলা স্বাস্থ্য কমপ্লেক্স, মা ও শিশু কল্যাণ কেন্দ্রে ভায়া ও সিবিই পরীক্ষা করুন-জাতীয় জরায়ু-মুখ ও স্তন ক্যান্সার স্ক্রীনিং এবং প্রশিক্ষণ কেন্দ্র, বিএসএমএমইউ।","মেডিকেল কলেজ হাসপাতাল, জেলা হাসপাতাল, উপজেলা স্বাস্থ্য কমপ্লেক্স, মা ও শিশু কল্যাণ কেন্দ্রে ভায়া ও সিবিই পরীক্ষা করুন-জাতীয় জরায়ু-মুখ ও স্তন ক্যান্সার স্ক্রীনিং এবং প্রশিক্ষণ কেন্দ্র, বিএসএমএমইউ।"
ham,0,"“ইএফডি/এসডিসি মেশিন হতে ইস্যুকৃত ভ্যাট চালানের ভিত্তিতে প্রথম লটারির ড্র ৫ই ফেব্রুয়ারি, ২০২১ তারিখে অনুষ্ঠিত হবে। আপনার চালানটি সংরক্ষণ করুন এবং প্রতি মাসে লটারিতে অংশগ্রহণ করুন।” -এনবিআর","“ইএফডি/এসডিসি মেশিন হতে ইস্যুকৃত ভ্যাট চালানের ভিত্তিতে প্রথম লটারির ড্র ৫ই ফেব্রুয়ারি, <NUMBER> তারিখে অনুষ্ঠিত হবে। আপনার চালানটি সংরক্ষণ করুন এবং প্রতি মাসে লটারিতে অংশগ্রহণ করুন।” -এনবিআর"
ham,0,"“মুজিব বর্ষের সফলতা, ঘরেই পাবেন সকল ভাতা”-এই প্রতিপাদ্যকে সামনে রেখে ২ জানুয়ারী সারা দেশে উদযাপিত হচ্ছে জাতীয় সমাজসেবা দিবস-২০২২। সমাজসেবা অধিদপ্তর, সমাজকল্যাণ মন্ত্রণালয়","“মুজিব বর্ষের সফলতা, ঘরেই পাবেন সকল ভাতা”-এই প্রতিপাদ্যকে সামনে রেখে <NUMBER> জানুয়ারী সারা দেশে উদযাপিত হচ্ছে জাতীয় সমাজসেবা দিবস- <NUMBER> । সমাজসেবা অধিদপ্তর, সমাজকল্যাণ মন্ত্রণালয়"
ham,0,সেনাবাহিনীতে সৈনিক পদে যোগদানের জন্য ১০ জানুয়ারি ২০২৪ হতে ১৫ ফেব্রুয়ারি ২০২৪ পর্যন্ত আবেদন আহবান করা হচ্ছে। নিয়োগ বিজ্ঞপ্তিতে প্রকাশিত নির্দেশনা অনুযায়ী টেলিটক সিমের মাধ্যমে আবেদন করতে হবে,সেনাবাহিনীতে সৈনিক পদে যোগদানের জন্য <NUMBER> জানুয়ারি <NUMBER> হতে <NUMBER> ফেব্রুয়ারি <NUMBER> পর্যন্ত আবেদন আহবান করা হচ্ছে। নিয়োগ বিজ্ঞপ্তিতে প্রকাশিত নির্দেশনা অনুযায়ী টেলিটক সিমের মাধ্যমে আবেদন করতে হবে
ham,0,"১৯-২৫ জানুয়ারী জরায়ু-মুখ ও স্তন ক্যান্সার প্রতিরোধ সপ্তাহে নিকটস্থ সরকারী হাসপাতালে ভায়া ও সিবিই পরীক্ষা করুন (NID আবশ্যক)-জাতীয় জরায়ু-মুখ ও স্তন ক্যান্সার স্ক্রীনিং এবং প্রশিক্ষণ কেন্দ্র, বিএসএমএমইউ।","<NUMBER> - <NUMBER> জানুয়ারী জরায়ু-মুখ ও স্তন ক্যান্সার প্রতিরোধ সপ্তাহে নিকটস্থ সরকারী হাসপাতালে ভায়া ও সিবিই পরীক্ষা করুন (NID আবশ্যক)-জাতীয় জরায়ু-মুখ ও স্তন ক্যান্সার স্ক্রীনিং এবং প্রশিক্ষণ কেন্দ্র, বিএসএমএমইউ।"
ham,0,সর্বশেষ সময় ১৮ জানুয়ারি ২০২৪ এর মধ্যে নিবন্ধন সম্পন্ন করে হজে গমন নিশ্চিত করুন। ধর্ম বিষয়ক মন্ত্রণালয়।,সর্বশেষ সময় <NUMBER> জানুয়ারি <NUMBER> এর মধ্যে নিবন্ধন সম্পন্ন করে হজে গমন নিশ্চিত করুন। ধর্ম বিষয়ক মন্ত্রণালয়।
ham,0,উড্ডয়নরত বিমানের দিকে লেজার নিক্ষেপ করা শাস্তিযোগ্য অপরাধ । এ ধরণের আচরণ থেকে বিরত থাকার জন্য সকলকে অনুরোধ করা হচ্ছে।,উড্ডয়নরত বিমানের দিকে লেজার নিক্ষেপ করা শাস্তিযোগ্য অপরাধ । এ ধরণের আচরণ থেকে বিরত থাকার জন্য সকলকে অনুরোধ করা হচ্ছে।
ham,0,“নির্বাচন সংক্রান্ত আইন-শৃঙ্খলা সমন্বয় সেলে অভিযোগ জানাতে ৯৯৯ এ কল করুন”,“নির্বাচন সংক্রান্ত আইন-শৃঙ্খলা সমন্বয় সেলে অভিযোগ জানাতে <PHONE> এ কল করুন”
ham,0,“বাংলাদেশ জাতীয় আরকাইভস দেশের কেন্দ্রীয় রেকর্ড সংরক্ষণাগার। ২৫ বছরের স্থায়ী মূল্যসম্পন্ন নথিপত্র/রেকর্ডপত্র স্থায়ী সংরক্ষণের জন্য জাতীয় আরকাইভসে প্রেরণ করুন এবং জাতীয় আরকাইভসকে সমৃদ্ধ করুন।”,“বাংলাদেশ জাতীয় আরকাইভস দেশের কেন্দ্রীয় রেকর্ড সংরক্ষণাগার। <NUMBER> বছরের স্থায়ী মূল্যসম্পন্ন নথিপত্র/রেকর্ডপত্র স্থায়ী সংরক্ষণের জন্য জাতীয় আরকাইভসে প্রেরণ করুন এবং জাতীয় আরকাইভসকে সমৃদ্ধ করুন।”
ham,0,এসো সবাই www.surokkha.gov.bd লিংকে রেজিস্ট্রেশন করি এবং নির্ধারিত কেন্দ্রে নির্দিষ্ট দিনে ভ্যাকসিন গ্রহণ করে নিজেকে ও দেশকে সুরক্ষিত রাখি।,এসো সবাই <URL> লিংকে রেজিস্ট্রেশন করি এবং নির্ধারিত কেন্দ্রে নির্দিষ্ট দিনে ভ্যাকসিন গ্রহণ করে নিজেকে ও দেশকে সুরক্ষিত রাখি।
ham,0,“বাংলা ইশারা ভাষার প্রসার করি,“বাংলা ইশারা ভাষার প্রসার করি
ham,0,৭ ফেব্রুয়ারি ২০২৩,<NUMBER> ফেব্রুয়ারি <NUMBER>
ham,0,০৭ ফেব্রুয়ারি ২০২২ বাংলা ইশারা ভাষা দিবস। দিবসের প্রতিপাদ্য:,<NUMBER> ফেব্রুয়ারি <NUMBER> বাংলা ইশারা ভাষা দিবস। দিবসের প্রতিপাদ্য:
ham,0,"‘শিক্ষার সর্বস্তরে বাংলা ইশারা ভাষা, দেখাবে আলোর দিশা’। ৭ ফেব্রুয়ারি ২০২১ বাংলা ইশারা ভাষা দিবস। - সমাজকল্যান মন্ত্রণালয়।","‘শিক্ষার সর্বস্তরে বাংলা ইশারা ভাষা, দেখাবে আলোর দিশা’। <NUMBER> ফেব্রুয়ারি <NUMBER> বাংলা ইশারা ভাষা দিবস। - সমাজকল্যান মন্ত্রণালয়।"
ham,0,বাংলাদেশ নৌবাহিনীতে অফিসার ক্যাডেট পদে নিয়োগ চলছে। ভিজিট করুন: www.joinnavy.navy.mil.bd,বাংলাদেশ নৌবাহিনীতে অফিসার ক্যাডেট পদে নিয়োগ চলছে। ভিজিট করুন: <URL>
ham,0,"‘সকল সরকারি এবং বেসরকারি মেরিটাইম প্রশিক্ষণ প্রতিষ্ঠানে প্রি-সী নাবিক (রেটিং) প্রশিক্ষণ কোর্সে ভর্তির আবেদনের শেষ তারিখ ১৬ ফেব্রুয়ারী ২০২৩। বিস্তারিত www.dos.gov.bd, নৌপরিবহন অধিদপ্তর’",‘সকল সরকারি এবং বেসরকারি মেরিটাইম প্রশিক্ষণ প্রতিষ্ঠানে প্রি-সী নাবিক (রেটিং) প্রশিক্ষণ কোর্সে ভর্তির আবেদনের শেষ তারিখ <NUMBER> ফেব্রুয়ারী <NUMBER> । বিস্তারিত <URL> নৌপরিবহন অধিদপ্তর’
ham,0,"গ্রন্থাগারে বই পড়ি, স্মার্ট বাংলাদেশ গড়ি এই প্রতিপাদ্য নিয়ে সংস্কৃতি বিষয়ক মন্ত্রণালয়ের অধীনস্থ গণগ্রন্থাগার অধিদপ্তরের আয়োজনে ০৫ ফেব্রুয়ারি সারাদেশে পালিত হচ্ছে &apos;জাতীয় গ্রন্থাগার দিবস ২০২৪&apos;।","গ্রন্থাগারে বই পড়ি, স্মার্ট বাংলাদেশ গড়ি এই প্রতিপাদ্য নিয়ে সংস্কৃতি বিষয়ক মন্ত্রণালয়ের অধীনস্থ গণগ্রন্থাগার অধিদপ্তরের আয়োজনে <NUMBER> ফেব্রুয়ারি সারাদেশে পালিত হচ্ছে &apos;জাতীয় গ্রন্থাগার দিবস <NUMBER> &apos;।"
ham,0,"‘স্মার্ট গ্রন্থাগার, স্মার্ট বাংলাদেশ’ এই প্রতিপাদ্য নিয়ে সংস্কৃতি বিষয়ক মন্ত্রণালয়ের অধীনস্ত গণগ্রন্থাগার অধিদপ্তরের আয়োজনে ০৫ ফেব্রুয়ারি সারাদেশে পালিত হচ্ছে ‘‘জাতীয় গ্রন্থাগার দিবস ২০২৩’।","‘স্মার্ট গ্রন্থাগার, স্মার্ট বাংলাদেশ’ এই প্রতিপাদ্য নিয়ে সংস্কৃতি বিষয়ক মন্ত্রণালয়ের অধীনস্ত গণগ্রন্থাগার অধিদপ্তরের আয়োজনে <NUMBER> ফেব্রুয়ারি সারাদেশে পালিত হচ্ছে ‘‘জাতীয় গ্রন্থাগার দিবস <NUMBER> ’।"
ham,0,বাংলাদেশ সেনাবাহিনীর ৮১তম ডিএসএসসি (এএমসি) কোর্সে যোগদানের জন্য আবেদনের সময়সীমা ২৭ জানুয়ারি ২০২৩ হতে ২৫ ফেব্রুয়ারি ২০২৩ তারিখ পর্যন্ত। বিস্তারিত: https://joinbangladesharmy.army.mil.bd,বাংলাদেশ সেনাবাহিনীর ৮১তম ডিএসএসসি (এএমসি) কোর্সে যোগদানের জন্য আবেদনের সময়সীমা <NUMBER> জানুয়ারি <NUMBER> হতে <NUMBER> ফেব্রুয়ারি <NUMBER> তারিখ পর্যন্ত। বিস্তারিত: <URL>
ham,0,করোনাকালীন যুব অবদানের স্বীকৃতিতে যুব ও ক্রীড়া মন্ত্রণালয় চালু করেছে ‘শেখ হাসিনা ইয়ুথ ভলান্টিয়ার অ্যাওয়ার্ড ২০২০’। ১০টি বিভাগে নিবন্ধনের মেয়াদ ১৫/০২/২০২১। ভিজিট করুনঃ www.youthpowerhouse.org/shyva,করোনাকালীন যুব অবদানের স্বীকৃতিতে যুব ও ক্রীড়া মন্ত্রণালয় চালু করেছে ‘শেখ হাসিনা ইয়ুথ ভলান্টিয়ার অ্যাওয়ার্ড <NUMBER> ’। ১০টি বিভাগে নিবন্ধনের মেয়াদ <NUMBER> / <NUMBER> / <NUMBER> । ভিজিট করুনঃ <URL>
ham,0,বাংলাদেশ নৌবাহিনী কর্তৃক মহেশখালী-হাতিয়া মধ্যবর্তী সমুদ্র এলাকায় ৭ ও ৮ ফেব্রুয়ারি ২০২৪ মিসাইল ফায়ারিং পরিচালিত হবে। এ সময় মাছ ধরা নৌকাসহ সকল নৌযানকে ফায়ারিং এলাকা পরিহারের জন্য অনুরোধ করা হলো।,বাংলাদেশ নৌবাহিনী কর্তৃক মহেশখালী-হাতিয়া মধ্যবর্তী সমুদ্র এলাকায় <NUMBER> ও <NUMBER> ফেব্রুয়ারি <NUMBER> মিসাইল ফায়ারিং পরিচালিত হবে। এ সময় মাছ ধরা নৌকাসহ সকল নৌযানকে ফায়ারিং এলাকা পরিহারের জন্য অনুরোধ করা হলো।
ham,0,"‘নিরাপদ খাবার খাই, রোগ থেকে মুক্তি পাই’ বারটান-কৃষি মন্ত্রণালয়।","‘নিরাপদ খাবার খাই, রোগ থেকে মুক্তি পাই’ বারটান-কৃষি মন্ত্রণালয়।"
ham,0,বাংলাদেশ নৌবাহিনীতে অফিসার ক্যাডেট পদে নিয়োগ চলছে ।,বাংলাদেশ নৌবাহিনীতে অফিসার ক্যাডেট পদে নিয়োগ চলছে ।
ham,0,"০২ মার্চ ২০২১ দেশব্যাপী তৃতীয় বারের মতো পালিত হতে যাচ্ছে, ‘জাতীয় ভোটার দিবস’। এবারের প্রতিপাদ্যঃ “বয়স যদি আঠার হয় ভোটার হতে দেরী নয়” -ইসি।","<NUMBER> মার্চ <NUMBER> দেশব্যাপী তৃতীয় বারের মতো পালিত হতে যাচ্ছে, ‘জাতীয় ভোটার দিবস’। এবারের প্রতিপাদ্যঃ “বয়স যদি আঠার হয় ভোটার হতে দেরী নয়” -ইসি।"
ham,0,"‘জাতীয় বস্ত্র দিবস’। এবারের প্রতিপাদ্য বিষয়- ‘স্মার্ট টেক্সটাইলে সমৃদ্ধ দেশ, বঙ্গবন্ধুর বাংলাদেশ’- বস্ত্র ও পাট মন্ত্রণালয়।","‘জাতীয় বস্ত্র দিবস’। এবারের প্রতিপাদ্য বিষয়- ‘স্মার্ট টেক্সটাইলে সমৃদ্ধ দেশ, বঙ্গবন্ধুর বাংলাদেশ’- বস্ত্র ও পাট মন্ত্রণালয়।"
ham,0,"২৭ ফেব্রুয়ারি ২০২৩ এ পালিত হচ্ছে জাতীয় পরিসংখ্যান ‍দিবস । এবারের প্রতিপাদ্য ‘পরিসংখ্যান ব্যবস্থার উন্নয়ন, স্মার্ট বাংলাদেশ গঠন’","<NUMBER> ফেব্রুয়ারি <NUMBER> এ পালিত হচ্ছে জাতীয় পরিসংখ্যান ‍দিবস । এবারের প্রতিপাদ্য ‘পরিসংখ্যান ব্যবস্থার উন্নয়ন, স্মার্ট বাংলাদেশ গঠন’"
ham,0,আজ ২৭ ফেব্রুয়ারি ২০২২ জাতীয় পরিসংখ্যান ‍দিবস উদযাপিত হচ্ছে। এ বছর দিবসটির প্রতিপাদ্য ‘গুণগত পরিসংখ্যান উন্নত জীবনের সোপান’- বাংলাদেশ পরিসংখ্যান ব্যুরো (বিবিএস)।,আজ <NUMBER> ফেব্রুয়ারি <NUMBER> জাতীয় পরিসংখ্যান ‍দিবস উদযাপিত হচ্ছে। এ বছর দিবসটির প্রতিপাদ্য ‘গুণগত পরিসংখ্যান উন্নত জীবনের সোপান’- বাংলাদেশ পরিসংখ্যান ব্যুরো (বিবিএস)।
ham,0,২৬ ফেব্রুয়ারি ‘এক দিনে এক কোটি’ কোভিড ভ্যাকসিন কর্মসূচীতে নিকটস্থ কেন্দ্র হতে ভ্যাকসিন নিন। - স্বাস্থ্য অধিদপ্তর।,<NUMBER> ফেব্রুয়ারি ‘এক দিনে এক কোটি’ কোভিড ভ্যাকসিন কর্মসূচীতে নিকটস্থ কেন্দ্র হতে ভ্যাকসিন নিন। - স্বাস্থ্য অধিদপ্তর।
ham,0,নৌবাহিনীতে নাবিক ভর্তি চলছে। ০৭ মার্চ এর মধ্যে www.joinnavy.navy.mil.bd তে আবেদন করুন।,নৌবাহিনীতে নাবিক ভর্তি চলছে। <NUMBER> মার্চ এর মধ্যে <URL> তে আবেদন করুন।
ham,0,"কারিগরি ও মাদ্রাসা শিক্ষা বিভাগের বিশেষ আর্থিক অনুদানের আবেদন গ্রহণ শুরু হয়েছে। শিক্ষার্থী, শিক্ষক-কর্মচারী ও শিক্ষা প্রতিষ্ঠানের জন্য আবেদন করতে ভিজিট করুন mygov.bd","কারিগরি ও মাদ্রাসা শিক্ষা বিভাগের বিশেষ আর্থিক অনুদানের আবেদন গ্রহণ শুরু হয়েছে। শিক্ষার্থী, শিক্ষক-কর্মচারী ও শিক্ষা প্রতিষ্ঠানের জন্য আবেদন করতে ভিজিট করুন <URL>"
ham,0,"“সাভার, ধামরাই, মোহাম্মদপুর, আদাবর, দারুস সালাম, শাহ আলী, হাজারীবাগ ও নিউমার্কেট থানার ই-পাসপোর্ট সেবা ১লা মার্চ ২০২৩ খ্রিঃ থেকে আঞ্চলিক পাসপোর্ট অফিস, ঢাকা পশ্চিম (মোহাম্মদপুর) হতে দেওয়া হবে।”","“সাভার, ধামরাই, মোহাম্মদপুর, আদাবর, দারুস সালাম, শাহ আলী, হাজারীবাগ ও নিউমার্কেট থানার ই-পাসপোর্ট সেবা ১লা মার্চ <NUMBER> খ্রিঃ থেকে আঞ্চলিক পাসপোর্ট অফিস, ঢাকা পশ্চিম (মোহাম্মদপুর) হতে দেওয়া হবে।”"
ham,0,"মাধ্যমিক ও উচ্চ শিক্ষা বিভাগের বিশেষ আর্থিক অনুদানের আবেদন গ্রহণ শুরু হয়েছে। শিক্ষার্থী, শিক্ষক-কর্মচারী ও শিক্ষা প্রতিষ্ঠানের জন্য আবেদন করতে ভিজিট করুন mygov.bd","মাধ্যমিক ও উচ্চ শিক্ষা বিভাগের বিশেষ আর্থিক অনুদানের আবেদন গ্রহণ শুরু হয়েছে। শিক্ষার্থী, শিক্ষক-কর্মচারী ও শিক্ষা প্রতিষ্ঠানের জন্য আবেদন করতে ভিজিট করুন <URL>"
ham,0,বাংলাদেশ সেনাবাহিনীর ৮১তম ডিএসএসসি (এএমসি) কোর্সে যোগদানের জন্য আবেদনের শেষ তারিখ ২৫ ফেব্রুয়ারি ২০২৩।,বাংলাদেশ সেনাবাহিনীর ৮১তম ডিএসএসসি (এএমসি) কোর্সে যোগদানের জন্য আবেদনের শেষ তারিখ <NUMBER> ফেব্রুয়ারি <NUMBER> ।
ham,0,“সাশ্রয়ে জ্বালানি,“সাশ্রয়ে জ্বালানি
ham,0,"আন্তর্জাতিক মাতৃভাষা দিবস উপলক্ষ্যে এখন হতে বাংলায় এসএমএস প্রেরণের চার্জ অর্ধেক (সর্বোচ্চ ২৫ পয়সা/ প্রতি এসএমএস ভ্যাট, এসসি ও এসডি ব্যতীত) করা হলো - বিটিআরসি।","আন্তর্জাতিক মাতৃভাষা দিবস উপলক্ষ্যে এখন হতে বাংলায় এসএমএস প্রেরণের চার্জ অর্ধেক (সর্বোচ্চ <NUMBER> পয়সা/ প্রতি এসএমএস ভ্যাট, এসসি ও এসডি ব্যতীত) করা হলো - বিটিআরসি।"
ham,0,"“সর্বজনীন পেনশন স্কিমের ‘প্রবাস’, ‘প্রগতি’, ‘সুরক্ষা’ ও ‘সমতা’ স্কিম থেকে আপনারটি বেছে নিন” -জাতীয় পেনশন কর্তৃপক্ষ।","“সর্বজনীন পেনশন স্কিমের ‘প্রবাস’, ‘প্রগতি’, ‘সুরক্ষা’ ও ‘সমতা’ স্কিম থেকে আপনারটি বেছে নিন” -জাতীয় পেনশন কর্তৃপক্ষ।"
ham,0,"২০ ফেব্রুয়ারি, ২০২৩, সোমবার সকাল ৮টা থেকে বিকাল ৪টা পর্যন্ত ৬ মাস থেকে ৫ বছর বয়সী শিশুকে নিকটস্থ স্বাস্থ্যসেবা কেন্দ্রে নিয়ে ভিটামিন ‘এ’ ক্যাপসুল খাওয়ান: জাতীয় পুষ্টিসেবা, ডিজিএইচএস","<NUMBER> ফেব্রুয়ারি, <NUMBER> , সোমবার সকাল ৮টা থেকে বিকাল ৪টা পর্যন্ত <NUMBER> মাস থেকে <NUMBER> বছর বয়সী শিশুকে নিকটস্থ স্বাস্থ্যসেবা কেন্দ্রে নিয়ে ভিটামিন ‘এ’ ক্যাপসুল খাওয়ান: জাতীয় পুষ্টিসেবা, ডিজিএইচএস"
ham,0,"“স্বাস্থ্য, পুষ্টি ও সমৃদ্ধি চাই, নিরাপদ খাদ্যের বিকল্প নাই”। ০২ ফেব্রুয়ারি জাতীয় নিরাপদ খাদ্য দিবস ২০২৪ সফল হোক। বাংলাদেশ নিরাপদ খাদ্য কর্তৃপক্ষ, খাদ্য মন্ত্রণালয়।","“স্বাস্থ্য, পুষ্টি ও সমৃদ্ধি চাই, নিরাপদ খাদ্যের বিকল্প নাই”। <NUMBER> ফেব্রুয়ারি জাতীয় নিরাপদ খাদ্য দিবস <NUMBER> সফল হোক। বাংলাদেশ নিরাপদ খাদ্য কর্তৃপক্ষ, খাদ্য মন্ত্রণালয়।"
ham,0,"“নিরাপদ খাদ্য, সমৃদ্ধ জাতি; স্মার্ট বাংলাদেশ গড়ার চাবিকাঠি”। ০২ ফেব্রুয়ারি জাতীয় নিরাপদ খাদ্য দিবস ২০২৩ সফল হোক। বাংলাদেশ নিরাপদ খাদ্য কর্তৃপক্ষ, খাদ্য মন্ত্রণালয়।","“নিরাপদ খাদ্য, সমৃদ্ধ জাতি; স্মার্ট বাংলাদেশ গড়ার চাবিকাঠি”। <NUMBER> ফেব্রুয়ারি জাতীয় নিরাপদ খাদ্য দিবস <NUMBER> সফল হোক। বাংলাদেশ নিরাপদ খাদ্য কর্তৃপক্ষ, খাদ্য মন্ত্রণালয়।"
ham,0,"০২ ফেব্রুয়ারি, ২০২২ জাতীয় নিরাপদ খাদ্য দিবস। এবারের প্রতিপাদ্য “সুস্বাস্থ্যের মূলনীতি, নিরাপদ খাদ্য ও স্বাস্থ্যবিধি”। বাংলাদেশ নিরাপদ খাদ্য কর্তৃপক্ষ, খাদ্য মন্ত্রণালয়।","<NUMBER> ফেব্রুয়ারি, <NUMBER> জাতীয় নিরাপদ খাদ্য দিবস। এবারের প্রতিপাদ্য “সুস্বাস্থ্যের মূলনীতি, নিরাপদ খাদ্য ও স্বাস্থ্যবিধি”। বাংলাদেশ নিরাপদ খাদ্য কর্তৃপক্ষ, খাদ্য মন্ত্রণালয়।"
ham,0,"“টেকসই উন্নয়ন সমৃদ্ধ দেশ, নিরাপদ খাদ্যের বাংলাদেশ। মুজিব বর্ষে এই হোক আমাদের অঙ্গীকার”- বাংলাদেশ নিরাপদ খাদ্য কর্তৃপক্ষ, খাদ্য মন্ত্রণালয়।","“টেকসই উন্নয়ন সমৃদ্ধ দেশ, নিরাপদ খাদ্যের বাংলাদেশ। মুজিব বর্ষে এই হোক আমাদের অঙ্গীকার”- বাংলাদেশ নিরাপদ খাদ্য কর্তৃপক্ষ, খাদ্য মন্ত্রণালয়।"
ham,0,“জ্বালানির অপচয় রোধ করি,“জ্বালানির অপচয় রোধ করি
ham,0,"মাধ্যমিক ও উচ্চশিক্ষা বিভাগ এবং কারিগরি ও মাদ্রাসা শিক্ষা বিভাগের বিশেষ আর্থিক অনুদানের আবেদন শুরু হয়েছে। শিক্ষার্থী, শিক্ষক-কর্মচারী ও শিক্ষা প্রতিষ্ঠান হতে আবেদনের জন্য ভিজিট করুন mygov.bd","মাধ্যমিক ও উচ্চশিক্ষা বিভাগ এবং কারিগরি ও মাদ্রাসা শিক্ষা বিভাগের বিশেষ আর্থিক অনুদানের আবেদন শুরু হয়েছে। শিক্ষার্থী, শিক্ষক-কর্মচারী ও শিক্ষা প্রতিষ্ঠান হতে আবেদনের জন্য ভিজিট করুন <URL>"
ham,0,"বোয়েসেল সরকারিভাবে জর্ডানে বিনাখরচে নারী গার্মেন্টস কর্মী নিয়োগ দিচ্ছে। সে লক্ষ্যে প্রতি শুক্রবার বিকেটিটিসি, বিজিটিটিসি ও শেখ ফজিলাতুন্নেছা মুজিব কারিগরি প্রশিক্ষণ কেন্দ্র, মিরপুরে কর্মী বাছাই করা হবে।","বোয়েসেল সরকারিভাবে জর্ডানে বিনাখরচে নারী গার্মেন্টস কর্মী নিয়োগ দিচ্ছে। সে লক্ষ্যে প্রতি শুক্রবার বিকেটিটিসি, বিজিটিটিসি ও শেখ ফজিলাতুন্নেছা মুজিব কারিগরি প্রশিক্ষণ কেন্দ্র, মিরপুরে কর্মী বাছাই করা হবে।"
ham,0,শুরু হয়েছে সুবর্ণজয়ন্তী অনলাইন কুইজ প্রতিযোগিতার রেজিস্ট্রেশন। কুইজে অংশ নিয়ে জিতে নিন উন্নতমানের ল্যাপটপসহ ১৫০ টি পুরস্কার! ভিজিট করুনঃ bangladesh50.gov.bd; তথ্য ও যোগাযোগ প্রযুক্তি বিভাগ,শুরু হয়েছে সুবর্ণজয়ন্তী অনলাইন কুইজ প্রতিযোগিতার রেজিস্ট্রেশন। কুইজে অংশ নিয়ে জিতে নিন উন্নতমানের ল্যাপটপসহ <NUMBER> টি পুরস্কার! ভিজিট করুনঃ <URL> ; তথ্য ও যোগাযোগ প্রযুক্তি বিভাগ
ham,0,“সর্বজনীন পেনশন স্কিমে অংশগ্রহন করি;,“সর্বজনীন পেনশন স্কিমে অংশগ্রহন করি;
ham,0,"বাংলাদেশ এনার্জি রেগুলেটরী কমিশন কর্তৃক ফেব্রুয়ারি ২০২২ এর জন্য সমন্বয়কৃত এলপিজি’র সর্ব্বোচ মূল্যহারঃ ১২ কেজি সিলিন্ডার ১,২৪০ টাকা, ৩৫ কেজি সিলিন্ডার ৩,৬১৭ টাকা, ৪৫ কেজি সিলিন্ডার ৪,৬৫০ টাকা।","বাংলাদেশ এনার্জি রেগুলেটরী কমিশন কর্তৃক ফেব্রুয়ারি <NUMBER> এর জন্য সমন্বয়কৃত এলপিজি’র সর্ব্বোচ মূল্যহারঃ <NUMBER> কেজি সিলিন্ডার <MONEY> , <NUMBER> কেজি সিলিন্ডার <MONEY> , <NUMBER> কেজি সিলিন্ডার <MONEY> ।"
ham,0,বৈধভাবে বিদেশে গেলে নিজের এবং পরিবারের ভবিষ্যৎ সুরক্ষিত হবে। মানব পাচারকারীদের চিহ্নিত করতে সহায়তা করুন। মানব পাচারকারীরা আমাদের আশেপাশেই আছে। তাদের সম্পর্কে সতর্ক থাকুন।,বৈধভাবে বিদেশে গেলে নিজের এবং পরিবারের ভবিষ্যৎ সুরক্ষিত হবে। মানব পাচারকারীদের চিহ্নিত করতে সহায়তা করুন। মানব পাচারকারীরা আমাদের আশেপাশেই আছে। তাদের সম্পর্কে সতর্ক থাকুন।
ham,0,“হজের প্রাক-নিবন্ধন কার্যক্রম চলমান থাকলেও করোনা পরিস্থিতির কারণে হজের নিবন্ধন এখনো শুরু হয়নি। এ বিষয়ে প্রতারণা হতে সতর্ক থাকার জন্য সর্বসাধারণকে অনুরোধ করা হলো’’-ধর্ম বিষয়ক মন্ত্রণালয়,“হজের প্রাক-নিবন্ধন কার্যক্রম চলমান থাকলেও করোনা পরিস্থিতির কারণে হজের নিবন্ধন এখনো শুরু হয়নি। এ বিষয়ে প্রতারণা হতে সতর্ক থাকার জন্য সর্বসাধারণকে অনুরোধ করা হলো’’-ধর্ম বিষয়ক মন্ত্রণালয়
ham,0,“হজের প্রাক-নিবন্ধন কার্যক্রম চলমান থাকলেও করোনা পরিস্থিতির কারণে হজের নিবন্ধন এখনো শুরু হয়নি। এ বিষয়ে প্রতারণা হতে সতর্ক থাকার জন্য সর্বসাধারণকে অনুরোধ করা হলো”-ধর্ম বিষয়ক মন্ত্রণালয়,“হজের প্রাক-নিবন্ধন কার্যক্রম চলমান থাকলেও করোনা পরিস্থিতির কারণে হজের নিবন্ধন এখনো শুরু হয়নি। এ বিষয়ে প্রতারণা হতে সতর্ক থাকার জন্য সর্বসাধারণকে অনুরোধ করা হলো”-ধর্ম বিষয়ক মন্ত্রণালয়
ham,0,ইভিএম এ ভোট দিতে পছন্দের প্রতীকের পাশের সাদা বোতামটি চাপুন ও ভোট নিশ্চিত করতে সবুজ বোতামটি চাপুন - ইসি।,ইভিএম এ ভোট দিতে পছন্দের প্রতীকের পাশের সাদা বোতামটি চাপুন ও ভোট নিশ্চিত করতে সবুজ বোতামটি চাপুন - ইসি।
ham,0,"‘১৪-১৭ ফেব্রুয়ারি ২০২৪ পর্যন্ত শেখ হাসিনা পার্বত্য চট্টগ্রাম ঐতিহ্য সংরক্ষণ ও গবেষণা কেন্দ্র, বেইলি রোড, ঢাকায় পার্বত্য মেলা অনুষ্ঠিত হবে। আপনারা সবাই আমন্ত্রিত। পার্বত্য চট্টগ্রাম বিষয়ক মন্ত্রণালয়।’","‘ <NUMBER> - <NUMBER> ফেব্রুয়ারি <NUMBER> পর্যন্ত শেখ হাসিনা পার্বত্য চট্টগ্রাম ঐতিহ্য সংরক্ষণ ও গবেষণা কেন্দ্র, বেইলি রোড, ঢাকায় পার্বত্য মেলা অনুষ্ঠিত হবে। আপনারা সবাই আমন্ত্রিত। পার্বত্য চট্টগ্রাম বিষয়ক মন্ত্রণালয়।’"
ham,0,"আগামী ১৪ফেব্রুয়ারি,২০২৩ তারিখ বঙ্গবন্ধু আন্তর্জাতিক সম্মেলন কেন্দ্রে ‘জাতীয় বস্ত্র দিবস-২০২২’ উদযাপিত হবে।এবারের প্রতিপাদ্য বিষয় ‘দেশীয় বস্ত্র ব্যবহার করি-সোনার বাংলা গড়ে তুলি’-বস্ত্র ও পাট মন্ত্রণালয়।","আগামী ১৪ফেব্রুয়ারি, <NUMBER> তারিখ বঙ্গবন্ধু আন্তর্জাতিক সম্মেলন কেন্দ্রে ‘জাতীয় বস্ত্র দিবস- <NUMBER> ’ উদযাপিত হবে।এবারের প্রতিপাদ্য বিষয় ‘দেশীয় বস্ত্র ব্যবহার করি-সোনার বাংলা গড়ে তুলি’-বস্ত্র ও পাট মন্ত্রণালয়।"
ham,0,"আগামী ১৪ ফেব্রুয়ারি, ২০২৩ তারিখ বঙ্গবন্ধু আন্তর্জাতিক সম্মেলন কেন্দ্রে ‘জাতীয় বস্ত্র দিবস-২০২২’ উদযাপিত হবে। এবারের প্রতিপাদ্য বিষয় ‘দেশীয় বস্ত্র ব্যবহার করি-সোনার বাংলা গড়ে তুলি’ -বস্ত্র ও পাট মন্ত্রণালয়।","আগামী <NUMBER> ফেব্রুয়ারি, <NUMBER> তারিখ বঙ্গবন্ধু আন্তর্জাতিক সম্মেলন কেন্দ্রে ‘জাতীয় বস্ত্র দিবস- <NUMBER> ’ উদযাপিত হবে। এবারের প্রতিপাদ্য বিষয় ‘দেশীয় বস্ত্র ব্যবহার করি-সোনার বাংলা গড়ে তুলি’ -বস্ত্র ও পাট মন্ত্রণালয়।"
ham,0,"“বিশ্ব বেতার দিবস ২০২২ উপলক্ষে আপনাকে শুভেচ্ছা। সবাই মিলে বেতার শুনি, বেতারেই আস্থা রাখি”","“বিশ্ব বেতার দিবস <NUMBER> উপলক্ষে আপনাকে শুভেচ্ছা। সবাই মিলে বেতার শুনি, বেতারেই আস্থা রাখি”"
ham,0,"বিশ্ব বেতার দিবস ২০২২ উপলক্ষে আপনাকে শুভেচ্ছা। সবাই মিলে বেতার শুনি, বেতারেই আস্থা রাখি","বিশ্ব বেতার দিবস <NUMBER> উপলক্ষে আপনাকে শুভেচ্ছা। সবাই মিলে বেতার শুনি, বেতারেই আস্থা রাখি"
ham,0,"“নতুন বিশ্ব, নতুন বেতার” প্রতিপাদ্য নিয়ে ১৩ ফেব্রুয়ারি ২০২১ বিশ্ব বেতার দিবস পালিত হচ্ছে। আসুন সবাই বেতার শুনি – বাংলাদেশ বেতার।","“নতুন বিশ্ব, নতুন বেতার” প্রতিপাদ্য নিয়ে <NUMBER> ফেব্রুয়ারি <NUMBER> বিশ্ব বেতার দিবস পালিত হচ্ছে। আসুন সবাই বেতার শুনি – বাংলাদেশ বেতার।"
ham,0,০৯ ডিসেম্বর ২০২২ ওসমানী স্মৃতি মিলনায়তনে মহিলা ও শিশু বিষয়ক মন্ত্রণালয়ের আয়োজনে বেগম রোকেয়া দিবস ও পদক প্রদান অনুষ্ঠানে প্রধান অতিথি হিসেবে উপস্থিত থাকবেন মাননীয় প্রধানমন্ত্রী শেখ হাসিনা।’’,<NUMBER> ডিসেম্বর <NUMBER> ওসমানী স্মৃতি মিলনায়তনে মহিলা ও শিশু বিষয়ক মন্ত্রণালয়ের আয়োজনে বেগম রোকেয়া দিবস ও পদক প্রদান অনুষ্ঠানে প্রধান অতিথি হিসেবে উপস্থিত থাকবেন মাননীয় প্রধানমন্ত্রী শেখ হাসিনা।’’
ham,0,০৯ ডিসেম্বর ২০২২ ওসমানী স্মৃতি মিলনায়তনে মহিলা ও শিশু বিষয়ক মন্ত্রণালয়ের আয়োজনে বেগম রোকেয়া দিবস ও পদক প্রদান অনুষ্ঠানে প্রধান অতিথি হিসেবে উপস্থিত থাকবেন মাননীয় প্রধানমন্ত্রী শেখ হাসিনা।,<NUMBER> ডিসেম্বর <NUMBER> ওসমানী স্মৃতি মিলনায়তনে মহিলা ও শিশু বিষয়ক মন্ত্রণালয়ের আয়োজনে বেগম রোকেয়া দিবস ও পদক প্রদান অনুষ্ঠানে প্রধান অতিথি হিসেবে উপস্থিত থাকবেন মাননীয় প্রধানমন্ত্রী শেখ হাসিনা।
ham,0,"‘‘আপনার অধিকার, আপনার দায়িত্ব:","‘‘আপনার অধিকার, আপনার দায়িত্ব:"
ham,0,"“আপনার অধিকার, আপনার দায়িত্ব:","“আপনার অধিকার, আপনার দায়িত্ব:"
ham,0,“বেগম রোকেয়া পদক বিতরণ ও বেগম রোকেয়া দিবস ২০২১ এর অনুষ্ঠান আগামী ০৯/১২/২০২১ তারিখ সকাল ০৯.৩০ টায় ডিজিটাল পদ্ধতিতে টেলিভিশন /অনলাইনে উপভোগ করুন”- মহিলা ও শিশু বিষয়ক মন্ত্রণালয়।,“বেগম রোকেয়া পদক বিতরণ ও বেগম রোকেয়া দিবস <NUMBER> এর অনুষ্ঠান আগামী <NUMBER> / <NUMBER> / <NUMBER> তারিখ সকাল <NUMBER> টায় ডিজিটাল পদ্ধতিতে টেলিভিশন /অনলাইনে উপভোগ করুন”- মহিলা ও শিশু বিষয়ক মন্ত্রণালয়।
ham,0,"ডিজিটাল বাংলাদেশ দিবস, ২০২০ অনলাইন কুইজ প্রতিযোগিতায় অংশগ্রহণ করে জিতে নিন আকর্ষণীয় পুরস্কার। বিস্তারিতঃ https://quiz.digitalbangladesh.gov.bd","ডিজিটাল বাংলাদেশ দিবস, <NUMBER> অনলাইন কুইজ প্রতিযোগিতায় অংশগ্রহণ করে জিতে নিন আকর্ষণীয় পুরস্কার। বিস্তারিতঃ <URL>"
ham,0,“বেগম রোকেয়া দিবস ২০২০ এর অনুষ্ঠান আগামী ৯/১২/২০২০ তারিখ সকাল ১০.০০টায় ডিজিটাল পদ্ধতিতে টেলিভিশন/অনলাইনে উপভোগ করুন” - মহিলা ও শিশু বিষয়ক মন্ত্রণালয়।,“বেগম রোকেয়া দিবস <NUMBER> এর অনুষ্ঠান আগামী <NUMBER> / <NUMBER> / <NUMBER> তারিখ সকাল <NUMBER> .০০টায় ডিজিটাল পদ্ধতিতে টেলিভিশন/অনলাইনে উপভোগ করুন” - মহিলা ও শিশু বিষয়ক মন্ত্রণালয়।
ham,0,বাংলাদেশ শিল্পকলা একাডেমির আয়োজনে ১১৩টি দেশের অংশগ্রহণে ৮ ডিসেম্বর থেকে মাসব্যাপী শুরু হচ্ছে ১৯তম দ্বিবার্ষিক এশীয় চারুকলা প্রদর্শনী ২০২২।,বাংলাদেশ শিল্পকলা একাডেমির আয়োজনে ১১৩টি দেশের অংশগ্রহণে <NUMBER> ডিসেম্বর থেকে মাসব্যাপী শুরু হচ্ছে ১৯তম দ্বিবার্ষিক এশীয় চারুকলা প্রদর্শনী <NUMBER> ।
ham,0,ডিজিটাল বাংলাদেশ দিবস ২০২১ উপলক্ষ্যে শুরু হয়েছে ‘‘অনলাইন কুইজ প্রতিযোগিতা! কুইজে অংশ নিয়ে জিতে নিন ১২টি অত্যাধুনিক ল্যাপটপ ও ৯ টি স্মার্টফোন! বিস্তারিত জানতে ভিজিট করুনঃ quiz.digitalbangladesh.gov.bd,ডিজিটাল বাংলাদেশ দিবস <NUMBER> উপলক্ষ্যে শুরু হয়েছে ‘‘অনলাইন কুইজ প্রতিযোগিতা! কুইজে অংশ নিয়ে জিতে নিন ১২টি অত্যাধুনিক ল্যাপটপ ও <NUMBER> টি স্মার্টফোন! বিস্তারিত জানতে ভিজিট করুনঃ <URL>
ham,0,বাংলাদেশ পুলিশে ক্যাডেট এসআই (নিরস্ত্র) পদে নিয়োগের লক্ষ্যে শারীরিক মাপ ও শারীরিক সক্ষমতা যাচাই পরীক্ষা ৮-১৯ ডিসেম্বর ২০২১ এবং লিখিত ও মনস্তও্ব পরীক্ষা ৩-৫ জানুয়ারি ২০২২ অনুষ্ঠিত হবে। বিস্তারিত: www.police.gov.bd,বাংলাদেশ পুলিশে ক্যাডেট এসআই (নিরস্ত্র) পদে নিয়োগের লক্ষ্যে শারীরিক মাপ ও শারীরিক সক্ষমতা যাচাই পরীক্ষা <NUMBER> - <NUMBER> ডিসেম্বর <NUMBER> এবং লিখিত ও মনস্তও্ব পরীক্ষা <NUMBER> - <NUMBER> জানুয়ারি <NUMBER> অনুষ্ঠিত হবে। বিস্তারিত: <URL>
ham,0,"ভোটদানে বাধা, কেন্দ্র হতে এজেন্টকে বের করে দেয়া দণ্ডনীয়","ভোটদানে বাধা, কেন্দ্র হতে এজেন্টকে বের করে দেয়া দণ্ডনীয়"
ham,0,"“আজ বিকেল ৩টায় ঢাকা ওআইসি ইয়্যুথ ক্যাপিটাল ২০২০ এর সমাপনী অনুষ্ঠানে প্রধান অতিথি হিসেবে উপস্থিত থাকবেন গণপ্রজাতন্ত্রী বাংলাদেশের মহামান্য রাষ্ট্রপতি মোঃ আবদুল হামিদ”। - প্রতিমন্ত্রী, যুব ও ক্রীড়া মন্ত্রণালয়","“আজ বিকেল ৩টায় ঢাকা ওআইসি ইয়্যুথ ক্যাপিটাল <NUMBER> এর সমাপনী অনুষ্ঠানে প্রধান অতিথি হিসেবে উপস্থিত থাকবেন গণপ্রজাতন্ত্রী বাংলাদেশের মহামান্য রাষ্ট্রপতি মোঃ আবদুল হামিদ”। - প্রতিমন্ত্রী, যুব ও ক্রীড়া মন্ত্রণালয়"
ham,0,"০৩ ডিসেম্বর ২০২১, ৩০ তম আন্তর্জাতিক প্রতিবন্ধী দিবস ও ২৩ তম জাতীয় প্রতিবন্ধী দিবস। দিবসের প্রতিপাদ্য “কোভিডোত্তর বিশ্বের টেকসই উন্নয়ন প্রতিবন্ধী ব্যক্তির নেতৃত্ব ও অংশগ্রহণ”।","<NUMBER> ডিসেম্বর <NUMBER> , <NUMBER> তম আন্তর্জাতিক প্রতিবন্ধী দিবস ও <NUMBER> তম জাতীয় প্রতিবন্ধী দিবস। দিবসের প্রতিপাদ্য “কোভিডোত্তর বিশ্বের টেকসই উন্নয়ন প্রতিবন্ধী ব্যক্তির নেতৃত্ব ও অংশগ্রহণ”।"
ham,0,"কোভিড-১৯ প্রেক্ষাপটে প্রতিবন্ধী ব্যক্তিকে সম্পৃক্ত করি, নতুনভাবে টেকসই বিশ্ব গড়ি। ২৯তম আন্তর্জাতিক প্রতিবন্ধি দিবস এবং ২২তম জাতীয় প্রতিবন্ধি দিবস ২০২০- সমাজ কল্যান মন্ত্রণালয়","কোভিড- <NUMBER> প্রেক্ষাপটে প্রতিবন্ধী ব্যক্তিকে সম্পৃক্ত করি, নতুনভাবে টেকসই বিশ্ব গড়ি। ২৯তম আন্তর্জাতিক প্রতিবন্ধি দিবস এবং ২২তম জাতীয় প্রতিবন্ধি দিবস <NUMBER> - সমাজ কল্যান মন্ত্রণালয়"
ham,0,নির্বাচনে সার্বিক নিরাপত্তা নিশ্চিত করা হচ্ছে;,নির্বাচনে সার্বিক নিরাপত্তা নিশ্চিত করা হচ্ছে;
ham,0,কক্সবাজারসহ অন্য যে কোন পর্যটন গন্তব্যে যেতে চাইলে আপনার আবাসন নিশ্চিত করে যাবেন। পর্যটন কেন্দ্রে অবশ্যই স্বাস্থ্যবিধি মেনে চলবেন। -বাংলাদেশ ট্যুরিজম বোর্ড।,কক্সবাজারসহ অন্য যে কোন পর্যটন গন্তব্যে যেতে চাইলে আপনার আবাসন নিশ্চিত করে যাবেন। পর্যটন কেন্দ্রে অবশ্যই স্বাস্থ্যবিধি মেনে চলবেন। -বাংলাদেশ ট্যুরিজম বোর্ড।
ham,0,"জোড় করে কেন্দ্র দখল করা, জাল ভোট দেয়া বা ভোটারদের হুমকি বা ভয় দেখানো দন্ডনীয় অপরাধ, এ সকল কাজ হতে বিরত থাকুন","জোড় করে কেন্দ্র দখল করা, জাল ভোট দেয়া বা ভোটারদের হুমকি বা ভয় দেখানো দন্ডনীয় অপরাধ, এ সকল কাজ হতে বিরত থাকুন"
ham,0,ডিজিটাল বাংলাদেশ মেলা ২০২৩ উদযাপন উপলক্ষে অনলাইন রচনা প্রতিযোগিতার আয়োজন করা হয়েছে। www.telecomdept.gov.bd ও http://digitalbangladeshmela.org.bd/ নামক ওয়েবসাইটে এতদসংক্রান্ত নিয়মাবলী পাওয়া যাবে।,ডিজিটাল বাংলাদেশ মেলা <NUMBER> উদযাপন উপলক্ষে অনলাইন রচনা প্রতিযোগিতার আয়োজন করা হয়েছে। <URL> ও <URL> নামক ওয়েবসাইটে এতদসংক্রান্ত নিয়মাবলী পাওয়া যাবে।
ham,0,২৩ ডিসেম্বর ২০২০ তারিখে লেজিসলেটিভ ও সংসদ বিষয়ক বিভাগের প্রতিষ্ঠাবার্ষিকীতে উষ্ণ অভিনন্দন। বাংলাদেশের প্রচলিত আইন জানতে ভিজিট করুন http://bdlaws.minlaw.gov.bd,<NUMBER> ডিসেম্বর <NUMBER> তারিখে লেজিসলেটিভ ও সংসদ বিষয়ক বিভাগের প্রতিষ্ঠাবার্ষিকীতে উষ্ণ অভিনন্দন। বাংলাদেশের প্রচলিত আইন জানতে ভিজিট করুন <URL>
ham,0,মোবাইল গ্রাহকগণ অননেট কলের ক্ষেত্রে দৈনিক ১ম-২য় কল ড্রপের জন্য ৩০ সেকেন্ড করে এবং ৩য়-৭ম কল ড্রপের জন্য ৪০ সেকেন্ড করে ক্ষতিপূরণ পাবেন। কলড্রপ ও ক্ষতিপূরণের তথ্য জানতে *121*765# ডায়াল করুন-বিটিআরসি।,মোবাইল গ্রাহকগণ অননেট কলের ক্ষেত্রে দৈনিক ১ম-২য় কল ড্রপের জন্য <NUMBER> সেকেন্ড করে এবং ৩য়-৭ম কল ড্রপের জন্য <NUMBER> সেকেন্ড করে ক্ষতিপূরণ পাবেন। কলড্রপ ও ক্ষতিপূরণের তথ্য জানতে * <NUMBER> * <NUMBER> # ডায়াল করুন-বিটিআরসি।
ham,0,“বাংলাদেশ বিমান বাহিনীতে অফিসার ক্যাডেট পদে নিয়োগ চলছে। ভিজিট করুনঃ www.joinbangladeshairforce.mil.bd,“বাংলাদেশ বিমান বাহিনীতে অফিসার ক্যাডেট পদে নিয়োগ চলছে। ভিজিট করুনঃ <URL>
ham,0,‘০২ ডিসেম্বর ২০২৩ পার্বত্য চট্রগ্রাম শান্তি চুক্তির ২৬ বছর পূর্তি উপলক্ষ্যে সবাইকে শুভেচ্ছা-পার্বত্য চট্রগ্রাম বিষয়ক মন্ত্রণালয়’,‘ <NUMBER> ডিসেম্বর <NUMBER> পার্বত্য চট্রগ্রাম শান্তি চুক্তির <NUMBER> বছর পূর্তি উপলক্ষ্যে সবাইকে শুভেচ্ছা-পার্বত্য চট্রগ্রাম বিষয়ক মন্ত্রণালয়’
ham,0,পার্বত্য চট্টগ্রাম শান্তি চুক্তির ২৫ বছর পূর্তি উপলক্ষ্যে পার্বত্য চট্টগ্রাম বিষয়ক মন্ত্রণালয়ের পক্ষ হতে সকলকে শুভেচ্ছা।,পার্বত্য চট্টগ্রাম শান্তি চুক্তির <NUMBER> বছর পূর্তি উপলক্ষ্যে পার্বত্য চট্টগ্রাম বিষয়ক মন্ত্রণালয়ের পক্ষ হতে সকলকে শুভেচ্ছা।
ham,0,‘‘অন্তর্ভুক্তিমূলক উন্নয়নের জন্য পরিবর্তনমুখী পদক্ষেপ:,‘‘অন্তর্ভুক্তিমূলক উন্নয়নের জন্য পরিবর্তনমুখী পদক্ষেপ:
ham,0,"ডিজিটাল অপরাধ বিষয়ে ডিএমপি ডিবি’র পেইজ:https://www.facebook.com/cybercrimedb ও নাম্বার-০১৩২০০৪৬২২১-২২,-২৪০১৩২০০৪৬২৩৪-৩৬ এ অভিযোগ জানাতে পারবেন-ডাক ও টেলিযোগাযোগ বিভাগ।","ডিজিটাল অপরাধ বিষয়ে ডিএমপি ডিবি’র পেইজ: <URL> ও নাম্বার- <PHONE> ,- <NUMBER> <PHONE> এ অভিযোগ জানাতে পারবেন-ডাক ও টেলিযোগাযোগ বিভাগ।"
ham,0,“প্রবাসী কর্মীরা উন্নয়নের অংশীদার,“প্রবাসী কর্মীরা উন্নয়নের অংশীদার
ham,0,"১৮ ডিসেম্বর ‘‘আন্তর্জাতিক অভিবাসী দিবস, ২০২২’’। দিবসটির এবারের প্রতিপাদ্য ‘থাকব ভালো, রাখব ভালো দেশ; বৈধপথে প্রবাসী আয়-গড়ব বাংলাদেশ’-প্রবাসী কল্যাণ ও বৈদেশিক কর্মসংস্থান মন্ত্রণালয়।","<NUMBER> ডিসেম্বর ‘‘আন্তর্জাতিক অভিবাসী দিবস, <NUMBER> ’’। দিবসটির এবারের প্রতিপাদ্য ‘থাকব ভালো, রাখব ভালো দেশ; বৈধপথে প্রবাসী আয়-গড়ব বাংলাদেশ’-প্রবাসী কল্যাণ ও বৈদেশিক কর্মসংস্থান মন্ত্রণালয়।"
ham,0,"১৮ ডিসেম্বর ‘‘আন্তর্জাতিক অভিবাসী দিবস, ২০২১’’। দিবসটির এবারের প্রতিপাদ্য ‘‘শতবর্ষে জাতির পিতা, সুবর্ণে স্বাধীনতা ; অভিবাসনে আনবো মর্যাদা ও নৈতিকতা’’ -প্রবাসী কল্যাণ ও বৈদেশিক কর্মসংস্থান মন্ত্রণালয়","<NUMBER> ডিসেম্বর ‘‘আন্তর্জাতিক অভিবাসী দিবস, <NUMBER> ’’। দিবসটির এবারের প্রতিপাদ্য ‘‘শতবর্ষে জাতির পিতা, সুবর্ণে স্বাধীনতা ; অভিবাসনে আনবো মর্যাদা ও নৈতিকতা’’ -প্রবাসী কল্যাণ ও বৈদেশিক কর্মসংস্থান মন্ত্রণালয়"
ham,0,"১৮ ডিসেম্বর “আন্তর্জাতিক অভিবাসী দিবস, ২০২১”। দিবসটির এবারের প্রতিপাদ্য “শতবর্ষে জাতির পিতা, সুবর্ণে স্বাধীনতা; অভিবাসনে আনবো মর্যাদা ও নৈতিকতা” -প্রবাসী কল্যাণ ও বৈদেশিক কর্মসংস্থান মন্ত্রণালয়","<NUMBER> ডিসেম্বর “আন্তর্জাতিক অভিবাসী দিবস, <NUMBER> ”। দিবসটির এবারের প্রতিপাদ্য “শতবর্ষে জাতির পিতা, সুবর্ণে স্বাধীনতা; অভিবাসনে আনবো মর্যাদা ও নৈতিকতা” -প্রবাসী কল্যাণ ও বৈদেশিক কর্মসংস্থান মন্ত্রণালয়"
ham,0,"আজ ১৮ ডিসেম্বর “আন্তর্জাতিক অভিবাসী দিবস, ২০২০”। দিবসটির এবারের প্রতিপাদ্য “মুজিব বর্ষের আহবান, দক্ষ হয়ে বিদেশ যান”।","আজ <NUMBER> ডিসেম্বর “আন্তর্জাতিক অভিবাসী দিবস, <NUMBER> ”। দিবসটির এবারের প্রতিপাদ্য “মুজিব বর্ষের আহবান, দক্ষ হয়ে বিদেশ যান”।"
ham,0,মহান বিজয় দিবসের অঙ্গীকার বঙ্গবন্ধুর আদর্শে সুখী-সমৃদ্ধ ও স্মার্ট বাংলাদেশ বিনির্মাণ-মুক্তিযুদ্ধ বিষয়ক মন্ত্রণালয়,মহান বিজয় দিবসের অঙ্গীকার বঙ্গবন্ধুর আদর্শে সুখী-সমৃদ্ধ ও স্মার্ট বাংলাদেশ বিনির্মাণ-মুক্তিযুদ্ধ বিষয়ক মন্ত্রণালয়
ham,0,চেতনায় মুক্তিযুদ্ধ,চেতনায় মুক্তিযুদ্ধ
ham,0,“সুখি সমৃদ্ধ বাংলাদেশ গড়ার প্রত্যয় হোক মহান বিজয় দিবস-২০২১ ও স্বাধীনতার সুবর্ণজয়ন্তীর অঙ্গীকার”-মুক্তিযুদ্ধ বিষয়ক মন্ত্রণালয়,“সুখি সমৃদ্ধ বাংলাদেশ গড়ার প্রত্যয় হোক মহান বিজয় দিবস- <NUMBER> ও স্বাধীনতার সুবর্ণজয়ন্তীর অঙ্গীকার”-মুক্তিযুদ্ধ বিষয়ক মন্ত্রণালয়
ham,0,‘‘সুখি সমৃদ্ধ বাংলাদেশ গড়ার প্রত্যয় হোক মহান বিজয় দিবস-২০২১ ও স্বাধীনতার সুবর্ণজয়ন্তীর অঙ্গীকার’’-মুক্তিযুদ্ধ বিষয়ক মন্ত্রণালয়,‘‘সুখি সমৃদ্ধ বাংলাদেশ গড়ার প্রত্যয় হোক মহান বিজয় দিবস- <NUMBER> ও স্বাধীনতার সুবর্ণজয়ন্তীর অঙ্গীকার’’-মুক্তিযুদ্ধ বিষয়ক মন্ত্রণালয়
ham,0,“অপ্রতিরোধ্য অগ্রযাত্রায় বঙ্গবন্ধুর স্বপ্নের সোনার বাংলা গড়ার প্রত্যয় হোক মুজিববর্ষে মহান বিজয় দিবসের অঙ্গীকার” - মুক্তিযুদ্ধ বিষয়ক মন্ত্রণালয়।,“অপ্রতিরোধ্য অগ্রযাত্রায় বঙ্গবন্ধুর স্বপ্নের সোনার বাংলা গড়ার প্রত্যয় হোক মুজিববর্ষে মহান বিজয় দিবসের অঙ্গীকার” - মুক্তিযুদ্ধ বিষয়ক মন্ত্রণালয়।
ham,0,শেখ হাসিনা ইয়ুথ ভলান্টিয়ার অ্যাওয়ার্ড’-২০২৩ প্রদানের লক্ষ্যে ১৮-৪৫ বছরের যুবদের নিকট হতে দরখাস্ত আহবান করা হয়েছে । এ বিষয়ে সকল তথ্য যুব ও ক্রীড়া মন্ত্রণালয়ের ওয়েব সাইটে www.moysports.gov.bd পাওয়া যাবে।,শেখ হাসিনা ইয়ুথ ভলান্টিয়ার অ্যাওয়ার্ড’- <NUMBER> প্রদানের লক্ষ্যে <NUMBER> - <NUMBER> বছরের যুবদের নিকট হতে দরখাস্ত আহবান করা হয়েছে । এ বিষয়ে সকল তথ্য যুব ও ক্রীড়া মন্ত্রণালয়ের ওয়েব সাইটে <URL> পাওয়া যাবে।
ham,0,১৬ই ডিসেম্বর বিকাল ৪:৩০টায় জাতীয় সংসদ ভবনের দক্ষিণপ্লাজা থেকে মাননীয় প্রধানমন্ত্রী শেখ হাসিনা দেশবাসীকে নিয়ে সমৃদ্ধ বাংলাদেশ গড়ার প্রত্যয়ে শপথ পাঠ করবেন। আপনিও অংশ নিন। -মুজিববর্ষ জাতীয় বাস্তবায়ন কমিটি,১৬ই ডিসেম্বর বিকাল <NUMBER> :৩০টায় জাতীয় সংসদ ভবনের দক্ষিণপ্লাজা থেকে মাননীয় প্রধানমন্ত্রী শেখ হাসিনা দেশবাসীকে নিয়ে সমৃদ্ধ বাংলাদেশ গড়ার প্রত্যয়ে শপথ পাঠ করবেন। আপনিও অংশ নিন। -মুজিববর্ষ জাতীয় বাস্তবায়ন কমিটি
ham,0,একুশ সালের বিজয় দিবসে বাংলাদেশের বিজয়ের সুবর্ণ জয়ন্তীর শুভেচ্ছা -ডাক ও টেলিযোগাযোগ বিভাগ,একুশ সালের বিজয় দিবসে বাংলাদেশের বিজয়ের সুবর্ণ জয়ন্তীর শুভেচ্ছা -ডাক ও টেলিযোগাযোগ বিভাগ
ham,0,পন্য বা সেবা ক্রয়ের সময় ইএফডি চালান বুঝে নিন ও লটারীতে অংশ নিন। লটারীতে আছে ১ লক্ষ হতে ১০ হাজার টাকা পর্যন্ত ১০১ টি পুরস্কার -এনবিআর,পন্য বা সেবা ক্রয়ের সময় ইএফডি চালান বুঝে নিন ও লটারীতে অংশ নিন। লটারীতে আছে <NUMBER> লক্ষ হতে <NUMBER> হাজার টাকা পর্যন্ত <NUMBER> টি পুরস্কার -এনবিআর
ham,0,শহিদ বু্দ্ধিজীবীর রক্তে বঙ্গবন্ধুর সোনার বাংলার স্বপ্নে সমৃদ্ধ হোক বাংলাদেশ।-মুক্তিযুদ্ধ বিষয়ক মন্ত্রণালয়।,শহিদ বু্দ্ধিজীবীর রক্তে বঙ্গবন্ধুর সোনার বাংলার স্বপ্নে সমৃদ্ধ হোক বাংলাদেশ।-মুক্তিযুদ্ধ বিষয়ক মন্ত্রণালয়।
ham,0,শহিদের স্বপ্ন,শহিদের স্বপ্ন
ham,0,শহিদ বু্দ্ধিজীবীদের আত্নত্যাগ আমরা শ্রদ্ধার সাথে স্মরণ করছি -মুক্তিযুদ্ধ বিষয়ক মন্ত্রণালয়,শহিদ বু্দ্ধিজীবীদের আত্নত্যাগ আমরা শ্রদ্ধার সাথে স্মরণ করছি -মুক্তিযুদ্ধ বিষয়ক মন্ত্রণালয়
ham,0,"অনুদানের দিন শেষ, ভ্যাট দিয়ে গড়ব দেশ - জাতীয় রাজস্ব বোর্ড।","অনুদানের দিন শেষ, ভ্যাট দিয়ে গড়ব দেশ - জাতীয় রাজস্ব বোর্ড।"
ham,0,"EFD তে ভ্যাট দিব, ভ্যাট চালান বুঝে নিব।-জাতীয় রাজস্ব বোর্ড","EFD তে ভ্যাট দিব, ভ্যাট চালান বুঝে নিব।-জাতীয় রাজস্ব বোর্ড"
ham,0,"স্বচ্ছভাবে ভ্যাট দিন, EFD-তে চালান নিন -জাতীয় রাজস্ব বোর্ড।","স্বচ্ছভাবে ভ্যাট দিন, EFD-তে চালান নিন -জাতীয় রাজস্ব বোর্ড।"
ham,0,১২ ডিসেম্বর ২০২১ বাংলাদেশের ৫জি যুগে প্রবেশে ডাক ও টেলিযোগাযোগ বিভাগ ও টেলিকম শিল্পের সকলের পক্ষ থেকে শুভেচ্ছা ও অভিনন্দন।,<NUMBER> ডিসেম্বর <NUMBER> বাংলাদেশের ৫জি যুগে প্রবেশে ডাক ও টেলিযোগাযোগ বিভাগ ও টেলিকম শিল্পের সকলের পক্ষ থেকে শুভেচ্ছা ও অভিনন্দন।
ham,0,"আমার ভ্যাট আমি দেবো, কেনা কাটায় চালান নেবো - জাতীয় রাজস্ব বোর্ড।","আমার ভ্যাট আমি দেবো, কেনা কাটায় চালান নেবো - জাতীয় রাজস্ব বোর্ড।"
ham,0,"১২ ডিসেম্বর জাতীয়ভাবে দেশব্যাপী ‘ডিজিটাল বাংলাদেশ দিবস ২০২২’ উদ্‌যাপিত হবে। দিবসের প্রতিপাদ্য “প্রগতিশীল প্রযুক্তি, অন্তর্ভুক্তিমূলক উন্নতি”। বিস্তারিত- www.digitalbangladesh.gov.bd","<NUMBER> ডিসেম্বর জাতীয়ভাবে দেশব্যাপী ‘ডিজিটাল বাংলাদেশ দিবস <NUMBER> ’ উদ্‌যাপিত হবে। দিবসের প্রতিপাদ্য “প্রগতিশীল প্রযুক্তি, অন্তর্ভুক্তিমূলক উন্নতি”। বিস্তারিত- <URL>"
ham,0,"আজ ১২ ডিসেম্বর জাতীয়ভাবে দেশব্যাপী ‘ডিজিটাল বাংলাদেশ দিবস ২০২১’ উদ্‌যাপিত হচ্ছে। দিবসের প্রতিপাদ্য ‘‘ডিজিটাল বাংলাদেশের অর্জন, উপকৃত সকল জনগণ”।বিস্তারিত-www.digitalbangladesh.gov.bd","আজ <NUMBER> ডিসেম্বর জাতীয়ভাবে দেশব্যাপী ‘ডিজিটাল বাংলাদেশ দিবস <NUMBER> ’ উদ্‌যাপিত হচ্ছে। দিবসের প্রতিপাদ্য ‘‘ডিজিটাল বাংলাদেশের অর্জন, উপকৃত সকল জনগণ”।বিস্তারিত <URL>"
ham,0,"ভ্যাট দিয়ে গড়বো দেশ, বঙ্গবন্ধুর বাংলাদেশ -জাতীয় রাজস্ব বোর্ড।","ভ্যাট দিয়ে গড়বো দেশ, বঙ্গবন্ধুর বাংলাদেশ -জাতীয় রাজস্ব বোর্ড।"
ham,0,"“যদিও মানছি দুরত্ব, তবুও আছি সংযুক্ত” প্রতিপাদ্য নিয়ে আগামী ১২ ডিসেম্বর, ২০২০ দেশব্যাপী উদযাপিত হবে “ডিজিটাল বাংলাদেশ দিবস ২০২০”। বিস্তারিতঃ www.digitalbangladesh.gov.bd","“যদিও মানছি দুরত্ব, তবুও আছি সংযুক্ত” প্রতিপাদ্য নিয়ে আগামী <NUMBER> ডিসেম্বর, <NUMBER> দেশব্যাপী উদযাপিত হবে “ডিজিটাল বাংলাদেশ দিবস <NUMBER> ”। বিস্তারিতঃ <URL>"
ham,0,"১২ ডিসেম্বর, ২০২৩ মঙ্গলবার সকাল ৮ টা থেকে বিকাল ৪ টা পর্যন্ত ৬ মাস থেকে ৫ বছর বয়সী ‍শিশুকে নিকটস্থ স্বাস্থ্যসেবা কেন্দ্রে নিয়ে ভিটামিন ‘এ’ ক্যাপসুল খাওয়ান : জাতীয় পুষ্টিসেবা, ডিজিএইচএস","<NUMBER> ডিসেম্বর, <NUMBER> মঙ্গলবার সকাল <NUMBER> টা থেকে বিকাল <NUMBER> টা পর্যন্ত <NUMBER> মাস থেকে <NUMBER> বছর বয়সী ‍শিশুকে নিকটস্থ স্বাস্থ্যসেবা কেন্দ্রে নিয়ে ভিটামিন ‘এ’ ক্যাপসুল খাওয়ান : জাতীয় পুষ্টিসেবা, ডিজিএইচএস"
ham,0,"‘‘দুর্নীতির বিরুদ্ধে ঐক্যবদ্ধ বিশ্ব”এই প্রতিপাদ্যকে সামনে রেখে ০৯ ডিসেম্বর ২০২২ পালিত হচ্ছে ‘‘আন্তর্জাতিক দুর্নীতিবিরোধী দিবস ২০২২”। আসুন, দুর্নীতিকে না বলি -দুদক।","‘‘দুর্নীতির বিরুদ্ধে ঐক্যবদ্ধ বিশ্ব”এই প্রতিপাদ্যকে সামনে রেখে <NUMBER> ডিসেম্বর <NUMBER> পালিত হচ্ছে ‘‘আন্তর্জাতিক দুর্নীতিবিরোধী দিবস <NUMBER> ”। আসুন, দুর্নীতিকে না বলি -দুদক।"
ham,0,"ভ্যাট দিচ্ছে জনগণ, দেশের হচ্ছে উন্নয়ন - জাতীয় রাজস্ব বোর্ড।","ভ্যাট দিচ্ছে জনগণ, দেশের হচ্ছে উন্নয়ন - জাতীয় রাজস্ব বোর্ড।"
ham,0,"১১-১৪ ডিসেম্বর ২০২১ সকাল ৯ টা থেকে বিকাল ৪ টা পর্যন্ত স্বাস্থ্যবিধি মেনে ৬ মাস থেকে ৫ বছর বয়সী শিশুকে নিকটস্থ ইপিআই ও স্বাস্থ্য সেবা কেন্দ্রে নিয়ে ভিটামিন এ ক্যাপসুল খাওয়ান: জাতীয় পুষ্টিসেবা, ডিজিএইচএস","<NUMBER> - <NUMBER> ডিসেম্বর <NUMBER> সকাল <NUMBER> টা থেকে বিকাল <NUMBER> টা পর্যন্ত স্বাস্থ্যবিধি মেনে <NUMBER> মাস থেকে <NUMBER> বছর বয়সী শিশুকে নিকটস্থ ইপিআই ও স্বাস্থ্য সেবা কেন্দ্রে নিয়ে ভিটামিন এ ক্যাপসুল খাওয়ান: জাতীয় পুষ্টিসেবা, ডিজিএইচএস"
ham,0,"ভ্যাট দিচ্ছে জনগণ, দেশের হচ্ছে উন্নয়ন। ১০ ডিসেম্বর জাতীয় ভ্যাট দিবস ও ১০-১৫ ডিসেম্বর ভ্যাট সপ্তাহ ২০২০ - জাতীয় রাজস্ব বোর্ড।","ভ্যাট দিচ্ছে জনগণ, দেশের হচ্ছে উন্নয়ন। <NUMBER> ডিসেম্বর জাতীয় ভ্যাট দিবস ও <NUMBER> - <NUMBER> ডিসেম্বর ভ্যাট সপ্তাহ <NUMBER> - জাতীয় রাজস্ব বোর্ড।"
ham,0,"১০ ডিসেম্বর-জাতীয় ভ্যাট দিবস, উন্নয়নের ভ্যাট নীতি, ভ্যাট দিয়ে গড়ব জাতি-জাতীয় রাজস্ব বোর্ড।","<NUMBER> ডিসেম্বর-জাতীয় ভ্যাট দিবস, উন্নয়নের ভ্যাট নীতি, ভ্যাট দিয়ে গড়ব জাতি-জাতীয় রাজস্ব বোর্ড।"
ham,0,"মানবাধিকার দিবস-২০২২ এবারের প্রতিপাদ্য ‘‘মানব-মর্যাদা, স্বাধীনতা আর ন্যায়পরায়ণতায় দাঁড়াবো সবাই মানবাধিকার সুরক্ষায়’’-জাতীয় মানবাধিকার কমিশন","মানবাধিকার দিবস- <NUMBER> এবারের প্রতিপাদ্য ‘‘মানব-মর্যাদা, স্বাধীনতা আর ন্যায়পরায়ণতায় দাঁড়াবো সবাই মানবাধিকার সুরক্ষায়’’-জাতীয় মানবাধিকার কমিশন"
ham,0,মানবাধিকার দিবস ২০২১,মানবাধিকার দিবস <NUMBER>
ham,0,"অনলাইনে ভ্যাট দিন, দেশ গড়ায় অংশ নিন। ১০ ডিসেম্বর জাতীয় ভ্যাট দিবস ও ১০-১৫ ডিসেম্বর ভ্যাট সপ্তাহ ২০২১ -জাতীয় রাজস্ব বোর্ড।","অনলাইনে ভ্যাট দিন, দেশ গড়ায় অংশ নিন। <NUMBER> ডিসেম্বর জাতীয় ভ্যাট দিবস ও <NUMBER> - <NUMBER> ডিসেম্বর ভ্যাট সপ্তাহ <NUMBER> -জাতীয় রাজস্ব বোর্ড।"
ham,0,"মুজিব বর্ষের অঙ্গীকার, ইএফডি তে এনবিআর - জাতীয় রাজস্ব বোর্ড।","মুজিব বর্ষের অঙ্গীকার, ইএফডি তে এনবিআর - জাতীয় রাজস্ব বোর্ড।"
ham,0,"“সারা বিশ্বের ঐক্য, এইডস প্রতিরোধে সবাই নিব দায়িত্ব”: বিশ্ব এইডস দিবস-২০২০ - এইডস/এসটিডিপ্রোগাম, স্বাস্থ্য অধিদপ্তর, স্বাস্থ্য ও পরিবার কল্যান মন্ত্রণালয়।","“সারা বিশ্বের ঐক্য, এইডস প্রতিরোধে সবাই নিব দায়িত্ব”: বিশ্ব এইডস দিবস- <NUMBER> - এইডস/এসটিডিপ্রোগাম, স্বাস্থ্য অধিদপ্তর, স্বাস্থ্য ও পরিবার কল্যান মন্ত্রণালয়।"
ham,0,"“মুজিববর্ষে জ্বালানি খাত,","“মুজিববর্ষে জ্বালানি খাত,"
ham,0,“বঙ্গমাতা বেগম ফজিলাতুন নেছা মুজিব এঁর ৯১ তম জন্মবার্ষিকী ও পদক প্রদান অনুষ্ঠান আগামী ০৮/০৮/২০২১ তারিখ সকাল ১০.০০ টায় ডিজিটাল পদ্ধতিতে টেলিভিশন/অনলাইনে উপভোগ করুন”- মহিলা ও শিশু বিষয়ক মন্ত্রণালয়।,“বঙ্গমাতা বেগম ফজিলাতুন নেছা মুজিব এঁর <NUMBER> তম জন্মবার্ষিকী ও পদক প্রদান অনুষ্ঠান আগামী <NUMBER> / <NUMBER> / <NUMBER> তারিখ সকাল <NUMBER> টায় ডিজিটাল পদ্ধতিতে টেলিভিশন/অনলাইনে উপভোগ করুন”- মহিলা ও শিশু বিষয়ক মন্ত্রণালয়।
ham,0,"জাতীয় ও জেলা পর্যায়ে শ্রেষ্ঠ ব্যক্তি, দল ও প্রতিষ্ঠানকে ‘স্মার্ট বাংলাদেশ পুরস্কার’ প্রদানের আবেদনপত্র অনলাইনে আহবান করা হয়েছে। আবেদনের শেষ সময় ২২ আগস্ট ২০২৩। বিস্তারিতঃ award.smartbangladesh.gov.bd","জাতীয় ও জেলা পর্যায়ে শ্রেষ্ঠ ব্যক্তি, দল ও প্রতিষ্ঠানকে ‘স্মার্ট বাংলাদেশ পুরস্কার’ প্রদানের আবেদনপত্র অনলাইনে আহবান করা হয়েছে। আবেদনের শেষ সময় <NUMBER> আগস্ট <NUMBER> । বিস্তারিতঃ <URL>"
ham,0,‘স্মার্ট মোবাইল ফোনে প্রদর্শন করে ই-ড্রাইভিং লাইসেন্স ব্যবহার করা যাবে।’-বিআরটিএ,‘স্মার্ট মোবাইল ফোনে প্রদর্শন করে ই-ড্রাইভিং লাইসেন্স ব্যবহার করা যাবে।’-বিআরটিএ
ham,0,"বিশ্ব মাতৃদুগ্ধ সপ্তাহ ২০২১ এর প্রতিপাদ্য, “মাতৃদুগ্ধ দান সুরক্ষায়ঃ সকলের সম্মিলিত দায়।”","বিশ্ব মাতৃদুগ্ধ সপ্তাহ <NUMBER> এর প্রতিপাদ্য, “মাতৃদুগ্ধ দান সুরক্ষায়ঃ সকলের সম্মিলিত দায়।”"
ham,0,"শোক হোক শক্তি। স্বাধীনতার মহান স্থপতি জাতির পিতা বঙ্গবন্ধু শেখ মুজিবুর রহমানসহ ১৫ই আগস্টের সকল শহিদের প্রতি বিনম্র শ্রদ্ধা। বাংলাদেশ নিরাপদ খাদ্য কর্তৃপক্ষ, খাদ্য মন্ত্রণালয়।","শোক হোক শক্তি। স্বাধীনতার মহান স্থপতি জাতির পিতা বঙ্গবন্ধু শেখ মুজিবুর রহমানসহ ১৫ই আগস্টের সকল শহিদের প্রতি বিনম্র শ্রদ্ধা। বাংলাদেশ নিরাপদ খাদ্য কর্তৃপক্ষ, খাদ্য মন্ত্রণালয়।"
ham,0,"“বেশি বেশি মাছ চাষ করি, বেকারত্ব দূর করি”। ২৮-০৩ সেপ্টেম্বর ‘জাতীয় মৎস্য সপ্তাহ-২০২১’ -মৎস্য ও প্রাণি সম্পদ মন্ত্রণালয়।","“বেশি বেশি মাছ চাষ করি, বেকারত্ব দূর করি”। <NUMBER> - <NUMBER> সেপ্টেম্বর ‘জাতীয় মৎস্য সপ্তাহ- <NUMBER> ’ -মৎস্য ও প্রাণি সম্পদ মন্ত্রণালয়।"
ham,0,“বাংলাদেশ বিমান বাহিনীতে বিমানসেনা নিয়োগ চলছে। ভিজিট করুনঃ www.joinbangladeshairforce.mil.bd,“বাংলাদেশ বিমান বাহিনীতে বিমানসেনা নিয়োগ চলছে। ভিজিট করুনঃ <URL>
ham,0,বাংলাদেশ বিমান বাহিনীতে বিমানসেনা নিয়োগ চলছে। ভিজিট করুনঃ www.joinbangladeshairforce.mil.bd,বাংলাদেশ বিমান বাহিনীতে বিমানসেনা নিয়োগ চলছে। ভিজিট করুনঃ <URL>
ham,0,"জানুয়ারি হতে ডিসেম্বর, মশক নিধন বছর ভর- স্থানীয় সরকার বিভাগ","জানুয়ারি হতে ডিসেম্বর, মশক নিধন বছর ভর- স্থানীয় সরকার বিভাগ"
ham,0,নৌবাহিনীতে নাবিক ভর্তি চলছে। ০৫ সেপ্টেম্বর এর মধ্যে www.joinnavy.navy.mil.bd তে আবেদন করুন।,নৌবাহিনীতে নাবিক ভর্তি চলছে। <NUMBER> সেপ্টেম্বর এর মধ্যে <URL> তে আবেদন করুন।
ham,0,"জমা পানি সর্বনাশা, এডিস মশা বাঁধে বাসা- স্থানীয় সরকার বিভাগ","জমা পানি সর্বনাশা, এডিস মশা বাঁধে বাসা- স্থানীয় সরকার বিভাগ"
ham,0,"নিজ আঙিনা পরিষ্কার রাখি, ডেঙ্গু মুক্ত দেশ গড়ি- স্থানীয় সরকার বিভাগ","নিজ আঙিনা পরিষ্কার রাখি, ডেঙ্গু মুক্ত দেশ গড়ি- স্থানীয় সরকার বিভাগ"
ham,0,"তিন দিনে একদিন, জমা পানি ফেলে দিন-স্থানীয় সরকার বিভাগ","তিন দিনে একদিন, জমা পানি ফেলে দিন-স্থানীয় সরকার বিভাগ"
ham,0,২৫ আগস্ট বৃহস্পতিবার থেকে সকল সিটি কর্পোরেশনে ০৫ থেকে ১১ বছর বয়সী রেজিস্ট্রেশনকৃত শিশুদের স্কুলের নির্ধারিত তারিখে কোভিড-১৯ ভ্যাকসিনেশন শুরু হবে।-স্বাস্থ্য অধিদপ্তর,<NUMBER> আগস্ট বৃহস্পতিবার থেকে সকল সিটি কর্পোরেশনে <NUMBER> থেকে <NUMBER> বছর বয়সী রেজিস্ট্রেশনকৃত শিশুদের স্কুলের নির্ধারিত তারিখে কোভিড- <NUMBER> ভ্যাকসিনেশন শুরু হবে।-স্বাস্থ্য অধিদপ্তর
ham,0,“মাননীয় প্রধানমন্ত্রী আগামী ২০ আগস্ট ২০২৩ এ বাংলাদেশ টেলিযোগাযোগ নিয়ন্ত্রণ কমিশন (বিটিআরসি) এর নবনির্মিত ভবন শুভ উদ্বোধন করবেন”-বিটিআরসি,“মাননীয় প্রধানমন্ত্রী আগামী <NUMBER> আগস্ট <NUMBER> এ বাংলাদেশ টেলিযোগাযোগ নিয়ন্ত্রণ কমিশন (বিটিআরসি) এর নবনির্মিত ভবন শুভ উদ্বোধন করবেন”-বিটিআরসি
ham,0,“সংস্কৃতি বিষয়ক মন্ত্রণালয়ের আয়োজনে ‘বঙ্গবন্ধু ও বাংলাদেশ’ শীর্ষক চিত্রাংকন প্রতিযোগিতা ২০২১। বিস্তারিত www.moca.gov.bd ও www.shilpakala.gov.bd আবেদনের শেষ সময় ১০ সেপ্টেম্বর ২০২১।,“সংস্কৃতি বিষয়ক মন্ত্রণালয়ের আয়োজনে ‘বঙ্গবন্ধু ও বাংলাদেশ’ শীর্ষক চিত্রাংকন প্রতিযোগিতা <NUMBER> । বিস্তারিত <URL> ও <URL> আবেদনের শেষ সময় <NUMBER> সেপ্টেম্বর <NUMBER> ।
ham,0,সংস্কৃতি বিষয়ক মন্ত্রণালয়ের আয়োজনে ‘বঙ্গবন্ধু ও বাংলাদেশ’ শীর্ষক চিত্রাংকন প্রতিযোগিতা ২০২১। বিস্তারিত www.moca.gov.bd ও www.shilpakala.gov.bd আবেদনের শেষ সময় ১০ সেপ্টেম্বর ২০২১।,সংস্কৃতি বিষয়ক মন্ত্রণালয়ের আয়োজনে ‘বঙ্গবন্ধু ও বাংলাদেশ’ শীর্ষক চিত্রাংকন প্রতিযোগিতা <NUMBER> । বিস্তারিত <URL> ও <URL> আবেদনের শেষ সময় <NUMBER> সেপ্টেম্বর <NUMBER> ।
ham,0,"“গণগ্রন্থাগার অধিদপ্তর, সংস্কৃতি বিষয়ক মন্ত্রণালয়ের উদ্যোগে ইঞ্জিনিয়ারিং ইনষ্টিটিউট অব বাংলাদেশ, রমনা প্রাঙ্গনে ১৮-২০ আগস্ট তিন দিনব্যাপী বঙ্গবন্ধুর জীবনীভিত্তিক পুস্তক প্রদর্শনী চলছে”।","“গণগ্রন্থাগার অধিদপ্তর, সংস্কৃতি বিষয়ক মন্ত্রণালয়ের উদ্যোগে ইঞ্জিনিয়ারিং ইনষ্টিটিউট অব বাংলাদেশ, রমনা প্রাঙ্গনে <NUMBER> - <NUMBER> আগস্ট তিন দিনব্যাপী বঙ্গবন্ধুর জীবনীভিত্তিক পুস্তক প্রদর্শনী চলছে”।"
ham,0,“শোক হোক শক্তি। জাতির পিতা বঙ্গবন্ধু শেখ মুজিবুর রহমান ও বঙ্গমাতা শেখ ফজিলাতুন্নেছা মুজিবসহ ১৫ই আগস্টের শহিদদের স্মরণ করি বিনম্র শ্রদ্ধায়। প্রবাসী কল্যাণ ও বৈদেশিক কর্মসংস্থান মন্ত্রণালয়।”,“শোক হোক শক্তি। জাতির পিতা বঙ্গবন্ধু শেখ মুজিবুর রহমান ও বঙ্গমাতা শেখ ফজিলাতুন্নেছা মুজিবসহ ১৫ই আগস্টের শহিদদের স্মরণ করি বিনম্র শ্রদ্ধায়। প্রবাসী কল্যাণ ও বৈদেশিক কর্মসংস্থান মন্ত্রণালয়।”
ham,0,শোক হোক শক্তি। জাতির পিতা বঙ্গবন্ধু শেখ মুজিবুর রহমান ও বঙ্গমাতা শেখ ফজিলাতুন্নেছা মুজিবসহ ১৫ই আগস্টের শহিদদের স্মরণ করি বিনম্র শ্রদ্ধায়। প্রবাসী কল্যাণ ও বৈদেশিক কর্মসংস্থান মন্ত্রণালয়।,শোক হোক শক্তি। জাতির পিতা বঙ্গবন্ধু শেখ মুজিবুর রহমান ও বঙ্গমাতা শেখ ফজিলাতুন্নেছা মুজিবসহ ১৫ই আগস্টের শহিদদের স্মরণ করি বিনম্র শ্রদ্ধায়। প্রবাসী কল্যাণ ও বৈদেশিক কর্মসংস্থান মন্ত্রণালয়।
ham,0,‘সর্বকালের সর্বশ্রেষ্ঠ বাঙ্গালি জাতির পিতা বঙ্গবন্ধু শেখ মুজিবুর রহমান এঁর ৪৮তম শাহাদত বার্ষিকীতে বঙ্গবন্ধু ও তাঁর পরিবারের শহিদ সদস্যদের পূণ্য স্মৃতিতে গভীর শ্রদ্ধা’-ডাক ও টেলিযোগাযোগ বিভাগ,‘সর্বকালের সর্বশ্রেষ্ঠ বাঙ্গালি জাতির পিতা বঙ্গবন্ধু শেখ মুজিবুর রহমান এঁর ৪৮তম শাহাদত বার্ষিকীতে বঙ্গবন্ধু ও তাঁর পরিবারের শহিদ সদস্যদের পূণ্য স্মৃতিতে গভীর শ্রদ্ধা’-ডাক ও টেলিযোগাযোগ বিভাগ
ham,0,“সর্বকালের সর্বশ্রেষ্ঠ বাঙালি জাতির পিতা বঙ্গবন্ধু শেখ মুজিবুর রহমান এর ৪৭তম শাহাদত বার্ষিকীতে বিনম্র শ্রদ্ধা”-ডাক ও টেলিযোগাযোগ বিভাগ।,“সর্বকালের সর্বশ্রেষ্ঠ বাঙালি জাতির পিতা বঙ্গবন্ধু শেখ মুজিবুর রহমান এর ৪৭তম শাহাদত বার্ষিকীতে বিনম্র শ্রদ্ধা”-ডাক ও টেলিযোগাযোগ বিভাগ।
ham,0,“সর্বকালের সর্বশ্রেষ্ঠ বাঙ্গালী স্বাধীনতার মহান স্থপতি জাতির পিতা বঙ্গবন্ধু শেখ মুজিবুর রহমান এর ৪৬তম শাহাদত বার্ষিকীতে বিনম্র শ্রদ্ধা”- ডাক ও টেলিযোগাযোগ বিভাগ।,“সর্বকালের সর্বশ্রেষ্ঠ বাঙ্গালী স্বাধীনতার মহান স্থপতি জাতির পিতা বঙ্গবন্ধু শেখ মুজিবুর রহমান এর ৪৬তম শাহাদত বার্ষিকীতে বিনম্র শ্রদ্ধা”- ডাক ও টেলিযোগাযোগ বিভাগ।
ham,0,"গণগ্রন্থাগার অধিদপ্তর, সংস্কৃতি বিষয়ক মন্ত্রণালয়ের উদ্যোগে ইন্জিনিয়ারিং ইনস্টিটিউট অব বাংলাদেশ, রমনা প্রাঙ্গনে ১২-১৪ আগস্ট তিন দিনব্যাপী বঙ্গবন্ধুর জীবনীভিত্তিক পুস্তক প্রদর্শনী চলছে।","গণগ্রন্থাগার অধিদপ্তর, সংস্কৃতি বিষয়ক মন্ত্রণালয়ের উদ্যোগে ইন্জিনিয়ারিং ইনস্টিটিউট অব বাংলাদেশ, রমনা প্রাঙ্গনে <NUMBER> - <NUMBER> আগস্ট তিন দিনব্যাপী বঙ্গবন্ধুর জীবনীভিত্তিক পুস্তক প্রদর্শনী চলছে।"
ham,0,"আইন, বিচার ও সংসদ বিষয়ক মন্ত্রণালয়ের পক্ষ হতে জাতির পিতা বঙ্গবন্ধু শেখ মুজিবুর রহমান, বঙ্গমাতা শেখ ফজিলাতুন্নেছা ও ১৫ই আগস্টের সকল শহিদের প্রতি গভীর শ্রদ্ধা।","আইন, বিচার ও সংসদ বিষয়ক মন্ত্রণালয়ের পক্ষ হতে জাতির পিতা বঙ্গবন্ধু শেখ মুজিবুর রহমান, বঙ্গমাতা শেখ ফজিলাতুন্নেছা ও ১৫ই আগস্টের সকল শহিদের প্রতি গভীর শ্রদ্ধা।"
ham,0,“আকাশে উড্ডয়নরত বিমানকে লক্ষ্য করে লেজার রশ্মি নিক্ষেপ না করার জন্য অনুরোধ করা হলো। এটি বিমানের নিরাপত্তার জন্য ঝুঁকিপূর্ণ এবং বিপদজনক।”,“আকাশে উড্ডয়নরত বিমানকে লক্ষ্য করে লেজার রশ্মি নিক্ষেপ না করার জন্য অনুরোধ করা হলো। এটি বিমানের নিরাপত্তার জন্য ঝুঁকিপূর্ণ এবং বিপদজনক।”
ham,0,আকাশে উড্ডয়নরত বিমানকে লক্ষ্য করে লেজার রশ্মি নিক্ষেপ না করার জন্য অনুরোধ করা হলো। এটি বিমানের নিরাপত্তার জন্য ঝুঁকিপূর্ণ এবং বিপদজনক।,আকাশে উড্ডয়নরত বিমানকে লক্ষ্য করে লেজার রশ্মি নিক্ষেপ না করার জন্য অনুরোধ করা হলো। এটি বিমানের নিরাপত্তার জন্য ঝুঁকিপূর্ণ এবং বিপদজনক।
ham,0,“ডায়াবেটিস রোগীগণ ডাক্তারের সাথে পরামর্শ করে রমজানের রোজা রাখুন”।-এনসিডিসি এবং,“ডায়াবেটিস রোগীগণ ডাক্তারের সাথে পরামর্শ করে রমজানের রোজা রাখুন”।-এনসিডিসি এবং
ham,0,"সেহরি ও ইফতারে নিরাপদ ও সুষম খাবার গ্রহণ করুন। অস্বাস্থ্যকর ও অতিরিক্ত ভাজা-পোড়া খাবার পরিহার করুন- বাংলাদেশ নিরাপদ খাদ্য কর্তৃপক্ষ, খাদ্য মন্ত্রণালয়।","সেহরি ও ইফতারে নিরাপদ ও সুষম খাবার গ্রহণ করুন। অস্বাস্থ্যকর ও অতিরিক্ত ভাজা-পোড়া খাবার পরিহার করুন- বাংলাদেশ নিরাপদ খাদ্য কর্তৃপক্ষ, খাদ্য মন্ত্রণালয়।"
ham,0,"“৮ এপ্রিল ‘বাংলাদেশ স্কাউটস দিবস’। “স্মার্ট স্কাউটিং, স্মার্ট সিটিজেন” থিমে তৃতীয়বারের মতো দেশব্যাপী উদ্যাপিত হচ্ছে এ দিবস। সকলকে বাংলাদেশ স্কাউটস দিবসের শুভেচ্ছা”","“ <NUMBER> এপ্রিল ‘বাংলাদেশ স্কাউটস দিবস’। “স্মার্ট স্কাউটিং, স্মার্ট সিটিজেন” থিমে তৃতীয়বারের মতো দেশব্যাপী উদ্যাপিত হচ্ছে এ দিবস। সকলকে বাংলাদেশ স্কাউটস দিবসের শুভেচ্ছা”"
ham,0,৮ এপ্রিল ‘বাংলাদেশ স্কাউটস দিবস’। ‘প্রত্যেকে আমরা পরের তরে’ থিমে প্রথমবারের মতো দেশব্যাপী উদযাপিত হচ্ছে এ দিবস। সকলকে বাংলাদেশ স্কাউটস দিবসের শুভেচ্ছা।,<NUMBER> এপ্রিল ‘বাংলাদেশ স্কাউটস দিবস’। ‘প্রত্যেকে আমরা পরের তরে’ থিমে প্রথমবারের মতো দেশব্যাপী উদযাপিত হচ্ছে এ দিবস। সকলকে বাংলাদেশ স্কাউটস দিবসের শুভেচ্ছা।
ham,0,"৮ এপ্রিল ২০২১ কোভিড-১৯ টিকার ২য় ডোজ শুরু। ২য় ডোজের জন্য এসএমএস এ প্রাপ্ত নির্ধারিত তারিখে টিকা-কার্ডসহ নির্দিষ্ট কেন্দ্রে ২য় ডোজের টিকা নিন। - এমআইএস, স্বাস্থ্য অধিদপ্তর।","<NUMBER> এপ্রিল <NUMBER> কোভিড- <NUMBER> টিকার ২য় ডোজ শুরু। ২য় ডোজের জন্য এসএমএস এ প্রাপ্ত নির্ধারিত তারিখে টিকা-কার্ডসহ নির্দিষ্ট কেন্দ্রে ২য় ডোজের টিকা নিন। - এমআইএস, স্বাস্থ্য অধিদপ্তর।"
ham,0,"“আজ ৭ এপ্রিল, বিশ্ব স্বাস্থ্য দিবস। এবারের প্রতিপাদ্য “My health, my right” ভাবানুবাদ “স্বাস্থ্য অধিকার নিশ্চিতে: কাজ করি একসাথে”।- স্বাস্থ্য ও পরিবার কল্যাণ মন্ত্রণালয়”।","“আজ <NUMBER> এপ্রিল, বিশ্ব স্বাস্থ্য দিবস। এবারের প্রতিপাদ্য “My health, my right” ভাবানুবাদ “স্বাস্থ্য অধিকার নিশ্চিতে: কাজ করি একসাথে”।- স্বাস্থ্য ও পরিবার কল্যাণ মন্ত্রণালয়”।"
ham,0,"আজ ৭ এপ্রিল বিশ্ব স্বাস্থ্য দিবস। এবারের প্রতিপাদ্যের ভাবানুবাদ- ‘সুরক্ষিত বিশ্ব, নিশ্চিত স্বাস্থ্য’। স্বাস্থ্য অধিদপ্তর, স্বাস্থ্য সেবা বিভাগ, স্বাস্থ্য ও পরিবার কল্যাণ মন্ত্রণালয়।","আজ <NUMBER> এপ্রিল বিশ্ব স্বাস্থ্য দিবস। এবারের প্রতিপাদ্যের ভাবানুবাদ- ‘সুরক্ষিত বিশ্ব, নিশ্চিত স্বাস্থ্য’। স্বাস্থ্য অধিদপ্তর, স্বাস্থ্য সেবা বিভাগ, স্বাস্থ্য ও পরিবার কল্যাণ মন্ত্রণালয়।"
ham,0,"আজ ৭ এপ্রিল বিশ্ব স্বাস্থ্য দিবস। এবারের প্রতিপাদ্য “সকলের জন্য সুন্দর ও স্বাস্থ্যকর বিশ্ব গড়ি”। - স্বাস্থ্য শিক্ষা ব্যুরো, স্বাস্থ্য অধিদপ্তর, স্বাস্থ্য সেবা বিভাগ, স্বাস্থ্য ও পরিবার কল্যান মন্ত্রণালয়।","আজ <NUMBER> এপ্রিল বিশ্ব স্বাস্থ্য দিবস। এবারের প্রতিপাদ্য “সকলের জন্য সুন্দর ও স্বাস্থ্যকর বিশ্ব গড়ি”। - স্বাস্থ্য শিক্ষা ব্যুরো, স্বাস্থ্য অধিদপ্তর, স্বাস্থ্য সেবা বিভাগ, স্বাস্থ্য ও পরিবার কল্যান মন্ত্রণালয়।"
ham,0,"“মুজিব বর্ষের শপথ, নিরাপদ রবে নৌপথ”। এ প্রত্যয়ে দেশব্যাপী ০৭ এপ্রিল ২০২১খ্রিঃ হতে সপ্তাহব্যাপী উদযাপিত হচ্ছে নৌ নিরাপত্তা সপ্তাহ-২০২১। - নৌ পরিবহন অধিদপ্তর।","“মুজিব বর্ষের শপথ, নিরাপদ রবে নৌপথ”। এ প্রত্যয়ে দেশব্যাপী <NUMBER> এপ্রিল ২০২১খ্রিঃ হতে সপ্তাহব্যাপী উদযাপিত হচ্ছে নৌ নিরাপত্তা সপ্তাহ- <NUMBER> । - নৌ পরিবহন অধিদপ্তর।"
ham,0,"“০৬ এপ্রিল জাতীয় ও আন্তর্জাতিক ক্রীড়া দিবস”। এ বছরের প্রতিপাদ্য হলো “ক্রীড়াঙ্গনের উন্নয়ন, শেখ হাসিনার দর্শন।” যুব ও ক্রীড়া মন্ত্রণালয়।","“ <NUMBER> এপ্রিল জাতীয় ও আন্তর্জাতিক ক্রীড়া দিবস”। এ বছরের প্রতিপাদ্য হলো “ক্রীড়াঙ্গনের উন্নয়ন, শেখ হাসিনার দর্শন।” যুব ও ক্রীড়া মন্ত্রণালয়।"
ham,0,শেখ হাসিনা ইয়ুথ ভলান্টিয়ার অ্যাওয়ার্ড-২০২২ প্রদানের লক্ষ্যে ১৮-৪৫ (সংশোধিত) বছর বয়সের যুবদের নিকট দরখাস্ত আহবান করা হয়েছে। সকল তথ্য যুব ও ক্রীড়া মন্ত্রণালয়ের ওয়েবসাইটে www.moysports.gov.bd পাওয়া যাবে।,শেখ হাসিনা ইয়ুথ ভলান্টিয়ার অ্যাওয়ার্ড- <NUMBER> প্রদানের লক্ষ্যে <NUMBER> - <NUMBER> (সংশোধিত) বছর বয়সের যুবদের নিকট দরখাস্ত আহবান করা হয়েছে। সকল তথ্য যুব ও ক্রীড়া মন্ত্রণালয়ের ওয়েবসাইটে <URL> পাওয়া যাবে।
ham,0,বিমান বাহিনীর জঙ্গী বিমান হতে হাতিয়া দ্বীপের ডুমাচর ফায়ারিং রেঞ্জে ৫-৮ এপ্রিল ২০২১ পর্যন্ত বোমা নিক্ষেপ করা হবে। এ সময়ে সকলকে উক্ত এলাকা পরিহার করার জন্য অনুরোধ করা হলো।,বিমান বাহিনীর জঙ্গী বিমান হতে হাতিয়া দ্বীপের ডুমাচর ফায়ারিং রেঞ্জে <NUMBER> - <NUMBER> এপ্রিল <NUMBER> পর্যন্ত বোমা নিক্ষেপ করা হবে। এ সময়ে সকলকে উক্ত এলাকা পরিহার করার জন্য অনুরোধ করা হলো।
ham,0,"“মুজিববর্ষে গড়ব দেশ, বিশ্ব ক্রীড়ায় বাংলাদেশ” - যুব ও ক্রীড়া মন্ত্রণালয়।","“মুজিববর্ষে গড়ব দেশ, বিশ্ব ক্রীড়ায় বাংলাদেশ” - যুব ও ক্রীড়া মন্ত্রণালয়।"
ham,0,"“আসল নোট চিনে নিন, জাল নোট প্রতিরোধে সচেতন হোন। ব্যাংক নোটের নিরাপত্তা বৈশিষ্ট্য সম্পর্কে বিস্তারিত জানার জন্য ওয়েবসাইট ভিজিট করুন www.bb.org.bd/en/index.php/currency/securityfeature-বাংলাদেশ ব্যাংক","“আসল নোট চিনে নিন, জাল নোট প্রতিরোধে সচেতন হোন। ব্যাংক নোটের নিরাপত্তা বৈশিষ্ট্য সম্পর্কে বিস্তারিত জানার জন্য ওয়েবসাইট ভিজিট করুন <URL> ব্যাংক"
ham,0,"“ইদ যাত্রায় সড়ক ও জনপথ অধিদপ্তরের ১১ টি টোল প্লাজায় ইটিসি/ফাস্ট ট্র্যাক ব্যবহার করে ১০% সাশ্রয় করুন, দ্রুত গন্তব্যে পৌঁছান”","“ইদ যাত্রায় সড়ক ও জনপথ অধিদপ্তরের <NUMBER> টি টোল প্লাজায় ইটিসি/ফাস্ট ট্র্যাক ব্যবহার করে <NUMBER> % সাশ্রয় করুন, দ্রুত গন্তব্যে পৌঁছান”"
ham,0,‘শ্রমিক- মালিক গড়বো দেশ,‘শ্রমিক- মালিক গড়বো দেশ
ham,0,"আগামী ০৪-১০ এপ্রিল জাটকা সংরক্ষণ সপ্তাহ। আসুন, আমরা জাটকা ধরা, ক্রয়-বিক্রয়, পরিবহন, মজুদ করা ও খাওয়া থেকে বিরত থাকি। জাতীয় মাছ ইলিশ উৎপাদন বৃদ্ধিতে সহায়তা করি - মৎস ও প্রানি সম্পদ মন্ত্রণালয়।","আগামী <NUMBER> - <NUMBER> এপ্রিল জাটকা সংরক্ষণ সপ্তাহ। আসুন, আমরা জাটকা ধরা, ক্রয়-বিক্রয়, পরিবহন, মজুদ করা ও খাওয়া থেকে বিরত থাকি। জাতীয় মাছ ইলিশ উৎপাদন বৃদ্ধিতে সহায়তা করি - মৎস ও প্রানি সম্পদ মন্ত্রণালয়।"
ham,0,"২৮ এপ্রিল ২০২৪ জাতীয় পেশাগত স্বাস্থ্য ও সেইফটি দিবস। এবারের প্রতিপাদ্য ‘সুস্থ শ্রমিক, শোভন কর্মপরিবেশ গড়ে তুলবে স্মার্ট বাংলাদেশ। শ্রম ও কর্মসংস্থান মন্ত্রণালয়।","<NUMBER> এপ্রিল <NUMBER> জাতীয় পেশাগত স্বাস্থ্য ও সেইফটি দিবস। এবারের প্রতিপাদ্য ‘সুস্থ শ্রমিক, শোভন কর্মপরিবেশ গড়ে তুলবে স্মার্ট বাংলাদেশ। শ্রম ও কর্মসংস্থান মন্ত্রণালয়।"
ham,0,"২৮ এপ্রিল ২০২২ জাতীয় পেশাগত স্বাস্থ্য ও সেইফটি দিবস। এবারের প্রতিপাদ্য ‘‘নিশ্চিত করি শোভন কর্মপরিবেশ, সমৃদ্ধ হবে বাংলাদেশ’’। কলকারখানা ও প্রতিষ্ঠান পরিদর্শন অধিদপ্তর, শ্রম ও কর্মসংস্থান মন্ত্রণালয়।","<NUMBER> এপ্রিল <NUMBER> জাতীয় পেশাগত স্বাস্থ্য ও সেইফটি দিবস। এবারের প্রতিপাদ্য ‘‘নিশ্চিত করি শোভন কর্মপরিবেশ, সমৃদ্ধ হবে বাংলাদেশ’’। কলকারখানা ও প্রতিষ্ঠান পরিদর্শন অধিদপ্তর, শ্রম ও কর্মসংস্থান মন্ত্রণালয়।"
ham,0,"২৮ এপ্রিল ২০২১ জাতীয় পেশাগত ও স্বাস্থ্য সেইফটি দিবস। এ বছরের প্রতিপাদ্য “মুজিববর্ষের অঙ্গীকার, নিরাপদ কর্মপরিবেশ হোক সবার”। - কলকারখানা ও প্রতিষ্ঠান পরিদর্শন অধিদপ্তর, শ্রম ও কর্মসংস্থান মন্ত্রণালয়।","<NUMBER> এপ্রিল <NUMBER> জাতীয় পেশাগত ও স্বাস্থ্য সেইফটি দিবস। এ বছরের প্রতিপাদ্য “মুজিববর্ষের অঙ্গীকার, নিরাপদ কর্মপরিবেশ হোক সবার”। - কলকারখানা ও প্রতিষ্ঠান পরিদর্শন অধিদপ্তর, শ্রম ও কর্মসংস্থান মন্ত্রণালয়।"
ham,0,২৮ এপ্রিল জাতীয় আইনগত সহায়তা দিবস। দিবসটির প্রতিপাদ্য,<NUMBER> এপ্রিল জাতীয় আইনগত সহায়তা দিবস। দিবসটির প্রতিপাদ্য
ham,0,"সরকার কোভিডের বিস্তার রোধে লকডাউন দিয়েছে। এ সময়ে ঘরে থেকেই মোবাইল রিচার্জ, গ্যাস, বিদ্যুৎ, পানি, ইন্টারনেটসহ সকল পরিষেবার বিল চার্জ ফ্রি-তে পরিশোধ করুন ডাক বিভাগের সেবা ‘নগদ’-এ।","সরকার কোভিডের বিস্তার রোধে লকডাউন দিয়েছে। এ সময়ে ঘরে থেকেই মোবাইল রিচার্জ, গ্যাস, বিদ্যুৎ, পানি, ইন্টারনেটসহ সকল পরিষেবার বিল চার্জ ফ্রি-তে পরিশোধ করুন ডাক বিভাগের সেবা ‘নগদ’-এ।"
ham,0,"২৪-৩০ এপ্রিল, ২০২১ বিশ্ব টিকাদান সপ্তাহ। আপনার শিশুকে টিকা দিন। দেশের সব শিশুকে টিকা প্রদানে সহোযোগিতা করুন। টিকা শিশুকে সুরক্ষিত রাখে - ইপিআই, স্বাস্থ্য অধিদপ্তর।","<NUMBER> - <NUMBER> এপ্রিল, <NUMBER> বিশ্ব টিকাদান সপ্তাহ। আপনার শিশুকে টিকা দিন। দেশের সব শিশুকে টিকা প্রদানে সহোযোগিতা করুন। টিকা শিশুকে সুরক্ষিত রাখে - ইপিআই, স্বাস্থ্য অধিদপ্তর।"
ham,0,"২৬ এপ্রিল বিশ্ব মেধাসম্পদ দিবসের প্রতিপাদ্য- ‘মেধাসম্পদ ও তারুণ্যঃ একটি সুন্দর আগামীর জন্য উদ্ভাবন’।-ডিপিডিটি, শিল্প মন্ত্রণালয়।","<NUMBER> এপ্রিল বিশ্ব মেধাসম্পদ দিবসের প্রতিপাদ্য- ‘মেধাসম্পদ ও তারুণ্যঃ একটি সুন্দর আগামীর জন্য উদ্ভাবন’।-ডিপিডিটি, শিল্প মন্ত্রণালয়।"
ham,0,"২৩-২৯ এপ্রিল,২০২১ জাতীয় পুষ্টি সপ্তাহ পালিত হচ্ছে। এবারের প্রতিপাদ্য বিষয়ঃ খাদ্যের কথা ভাবলে, পুষ্টির কথাও ভাবুন- স্বাস্থ্য ও পরিবার কল্যাণ মন্ত্রণালয়।","<NUMBER> - <NUMBER> এপ্রিল, <NUMBER> জাতীয় পুষ্টি সপ্তাহ পালিত হচ্ছে। এবারের প্রতিপাদ্য বিষয়ঃ খাদ্যের কথা ভাবলে, পুষ্টির কথাও ভাবুন- স্বাস্থ্য ও পরিবার কল্যাণ মন্ত্রণালয়।"
ham,0,অনিবার্য কারণবশতঃ ৮৯তম বিএমএ দীর্ঘমেয়াদী কোর্সের লিখিত পরীক্ষা আগামী ১০ জুন ২০২২ তারিখের পরিবর্তে ১৮ জুন ২০২২ তারিখে অনুষ্ঠিত হবে । বিস্তারিত জানতে লগইন করুনঃ https://joinbangladesharmy.army.mil.bd,অনিবার্য কারণবশতঃ ৮৯তম বিএমএ দীর্ঘমেয়াদী কোর্সের লিখিত পরীক্ষা আগামী <NUMBER> জুন <NUMBER> তারিখের পরিবর্তে <NUMBER> জুন <NUMBER> তারিখে অনুষ্ঠিত হবে । বিস্তারিত জানতে লগইন করুনঃ <URL>
ham,0,"“আমাদের গন্তব্য - ম্যালেরিয়া মুক্ত বাংলাদেশ”। বিশ্ব ম্যালেরিয়া দিবসে এই হোক আমাদের অঙ্গীকার। -রোগ নিয়ন্ত্রণ শাখা, স্বাস্থ্য অধিদপ্তর।","“আমাদের গন্তব্য - ম্যালেরিয়া মুক্ত বাংলাদেশ”। বিশ্ব ম্যালেরিয়া দিবসে এই হোক আমাদের অঙ্গীকার। -রোগ নিয়ন্ত্রণ শাখা, স্বাস্থ্য অধিদপ্তর।"
ham,0,"“আজ আন্তর্জাতিক শব্দসচেতনতা দিবস। শব্দদূষণ একটি নীরব ঘাতক। আসুন আমরা শব্দদূষণ হ্রাসে সচেষ্ট হই। পরিবেশ অধিদপ্তর, পরিবেশ, বন ও জলবায়ু পরিবর্তন মন্ত্রণালয়”","“আজ আন্তর্জাতিক শব্দসচেতনতা দিবস। শব্দদূষণ একটি নীরব ঘাতক। আসুন আমরা শব্দদূষণ হ্রাসে সচেষ্ট হই। পরিবেশ অধিদপ্তর, পরিবেশ, বন ও জলবায়ু পরিবর্তন মন্ত্রণালয়”"
ham,0,বিআরটিসি “ঈদ স্পেশাল বাস সার্ভিস’’ এর সেবা গ্রহণ করুন।,বিআরটিসি “ঈদ স্পেশাল বাস সার্ভিস’’ এর সেবা গ্রহণ করুন।
ham,0,"ঈদ মোবারক। “আইন মেনে সড়কে চলি, নিরাপদে ঘরে ফিরি”","ঈদ মোবারক। “আইন মেনে সড়কে চলি, নিরাপদে ঘরে ফিরি”"
ham,0,এখন থেকে ‘নামজারি ফি’ নগদ অর্থের পরিবর্তে শুধুমাত্র অনলাইনে প্রদান করতে হবে -ভূমি মন্ত্রণালয়।,এখন থেকে ‘নামজারি ফি’ নগদ অর্থের পরিবর্তে শুধুমাত্র অনলাইনে প্রদান করতে হবে -ভূমি মন্ত্রণালয়।
ham,0,‘সচেতনতা-স্বীকৃতি-মূল্যায়ন: শুধু বেঁচে থাকা থেকে সমৃদ্ধির পথে যাত্রা’,‘সচেতনতা-স্বীকৃতি-মূল্যায়ন: শুধু বেঁচে থাকা থেকে সমৃদ্ধির পথে যাত্রা’
ham,0,০২ এপ্রিল “১৭ তম বিশ্ব অটিজম সচেতনতা দিবস ২০২৪”,<NUMBER> এপ্রিল “ <NUMBER> তম বিশ্ব অটিজম সচেতনতা দিবস <NUMBER> ”
ham,0,"০২ এপ্রিল ২০২২, ১৫তম বিশ্ব অটিজম সচেতনতা দিবস, এবারের প্রতিপাদ্য বিষয় -“এমন বিশ্ব গড়ি অটিজম বৈশিষ্ট্যসম্পন্ন ব্যক্তির প্রতিভা বিকশিত করি”- সমাজকল্যাণ মন্ত্রণালয়।","<NUMBER> এপ্রিল <NUMBER> , ১৫তম বিশ্ব অটিজম সচেতনতা দিবস, এবারের প্রতিপাদ্য বিষয় -“এমন বিশ্ব গড়ি অটিজম বৈশিষ্ট্যসম্পন্ন ব্যক্তির প্রতিভা বিকশিত করি”- সমাজকল্যাণ মন্ত্রণালয়।"
ham,0,"মহামারিত্তোর বিশ্বে ঝুঁকি প্রশমন, কর্ম ক্ষেত্রে সুযোগ হবে প্রসারণ - সমাজ কল্যান মন্ত্রণালয়।","মহামারিত্তোর বিশ্বে ঝুঁকি প্রশমন, কর্ম ক্ষেত্রে সুযোগ হবে প্রসারণ - সমাজ কল্যান মন্ত্রণালয়।"
ham,0,"“লাইসেন্সবিহীন কুরিয়ার ব্যবসা পরিচালনা অবৈধ। অবৈধ কুরিয়ার সার্ভিসের মাধ্যমে ডাক ও পণ্য প্রেরণ থেকে বিরত থাকুন”-মেইলিং অপারেটর ও কুরিয়ার সার্ভিস লাইসেন্সিং কর্তৃপক্ষ, ডাক ও টেলিযোগাযোগ বিভাগ।","“লাইসেন্সবিহীন কুরিয়ার ব্যবসা পরিচালনা অবৈধ। অবৈধ কুরিয়ার সার্ভিসের মাধ্যমে ডাক ও পণ্য প্রেরণ থেকে বিরত থাকুন”-মেইলিং অপারেটর ও কুরিয়ার সার্ভিস লাইসেন্সিং কর্তৃপক্ষ, ডাক ও টেলিযোগাযোগ বিভাগ।"
ham,0,বাংলাদেশ নৌবাহিনীতে সরাসরি কমিশন্ড অফিসার পদে ২০২৩ এ ডিইও ব্যাচে নিয়োগ চলছে। অনলাইনে আবেদনের শেষ তারিখ ৩১ মে ২০২২। ভিজিট করুনঃ www.joinnavy.navy.mil.bd,বাংলাদেশ নৌবাহিনীতে সরাসরি কমিশন্ড অফিসার পদে <NUMBER> এ ডিইও ব্যাচে নিয়োগ চলছে। অনলাইনে আবেদনের শেষ তারিখ <NUMBER> মে <NUMBER> । ভিজিট করুনঃ <URL>
ham,0,দুস্থ ও মানবতার সেবায় আঞ্জুমান মুফিদুল ইসলামকে আপনার যাকাত ও সাদকা দান করুন।,দুস্থ ও মানবতার সেবায় আঞ্জুমান মুফিদুল ইসলামকে আপনার যাকাত ও সাদকা দান করুন।
ham,0,১৪২৮-এ বিশ্ব হোক করোনা মুক্ত। এই কামনায় সবাইকে জানাই বাংলা নববর্ষের অনেক অনেক শুভেচ্ছা।,<NUMBER> -এ বিশ্ব হোক করোনা মুক্ত। এই কামনায় সবাইকে জানাই বাংলা নববর্ষের অনেক অনেক শুভেচ্ছা।
ham,0,"‘১২ এপ্রিল ২০২৪ পার্বত্যবাসীর সামাজিক উৎসব বৈসাবি উপলক্ষ্যে সকলকে শুভেচ্ছা। বাংলা নববর্ষ ও বৈসাবি বয়ে আনুক শান্তি, সম্প্রীতি ও সমৃদ্ধি’- পার্বত্য চট্টগ্রাম বিষয়ক মন্ত্রণালয়।","‘ <NUMBER> এপ্রিল <NUMBER> পার্বত্যবাসীর সামাজিক উৎসব বৈসাবি উপলক্ষ্যে সকলকে শুভেচ্ছা। বাংলা নববর্ষ ও বৈসাবি বয়ে আনুক শান্তি, সম্প্রীতি ও সমৃদ্ধি’- পার্বত্য চট্টগ্রাম বিষয়ক মন্ত্রণালয়।"
ham,0,রমজানে নিরাপদ ও সুষম খাবার গ্রহণ করুন। অস্বাস্থ্যকর ও অতিরিক্ত ভাজা-পোড়া খাবার পরিহার করুন -বাংলাদেশ নিরাপদ খাদ্য কর্তৃপক্ষ।,রমজানে নিরাপদ ও সুষম খাবার গ্রহণ করুন। অস্বাস্থ্যকর ও অতিরিক্ত ভাজা-পোড়া খাবার পরিহার করুন -বাংলাদেশ নিরাপদ খাদ্য কর্তৃপক্ষ।
ham,0,"১২ এপ্রিল ২০২২ পার্বত্যবাসীর সামাজিক উৎসব বৈসাবি উপলক্ষ্যে সকলকে শুভেচ্ছা। বাংলা নববর্ষ ও বৈসাবি বয়ে আনুক শান্তি, সম্প্রীতি ও সমৃদ্ধি। পার্বত্য চট্টগ্রাম বিষয়ক মন্ত্রণালয়","<NUMBER> এপ্রিল <NUMBER> পার্বত্যবাসীর সামাজিক উৎসব বৈসাবি উপলক্ষ্যে সকলকে শুভেচ্ছা। বাংলা নববর্ষ ও বৈসাবি বয়ে আনুক শান্তি, সম্প্রীতি ও সমৃদ্ধি। পার্বত্য চট্টগ্রাম বিষয়ক মন্ত্রণালয়"
ham,0,"১২ই এপ্রিল ২০২১ পার্বত্যবাসীর সামাজিক উৎসব বৈসাবি উপলক্ষ্যে সকলকে শুভেচ্ছা। বাংলা নববর্ষ ও বৈসাবি বয়ে আনুক শান্তি, সম্প্রীতি ও সমৃদ্ধি। -পার্বত্য চট্টগ্রাম বিষয়ক মন্ত্রনালয়","১২ই এপ্রিল <NUMBER> পার্বত্যবাসীর সামাজিক উৎসব বৈসাবি উপলক্ষ্যে সকলকে শুভেচ্ছা। বাংলা নববর্ষ ও বৈসাবি বয়ে আনুক শান্তি, সম্প্রীতি ও সমৃদ্ধি। -পার্বত্য চট্টগ্রাম বিষয়ক মন্ত্রনালয়"
ham,0,“১১ই এপ্রিল থেকে ফায়ার সার্ভিস কেন্দ্রীয় নিয়ন্ত্রণ কক্ষের ফোন নম্বর ৯৫৫৫৫৫৫ এর পরিবর্তে হবে ০২২২ ৩৩ ৫৫৫৫৫”,“১১ই এপ্রিল থেকে ফায়ার সার্ভিস কেন্দ্রীয় নিয়ন্ত্রণ কক্ষের ফোন নম্বর <NUMBER> এর পরিবর্তে হবে <NUMBER> <NUMBER> <NUMBER> ”
ham,0,১১ই এপ্রিল থেকে ফায়ার সার্ভিস কেন্দ্রীয় নিয়ন্ত্রণ কক্ষের ফোন নম্বর ৯৫৫৫৫৫৫ এর পরিবর্তে হবে ০২২২ ৩৩ ৫৫৫৫৫,১১ই এপ্রিল থেকে ফায়ার সার্ভিস কেন্দ্রীয় নিয়ন্ত্রণ কক্ষের ফোন নম্বর <NUMBER> এর পরিবর্তে হবে <NUMBER> <NUMBER> <NUMBER>
spam,1,আজকের অফার! অ্যাপ থেকে ৩০টাকা রিচার্জে ৫০% ক্যাশব্যাক!,আজকের অফার! অ্যাপ থেকে <MONEY> রিচার্জে <NUMBER> % ক্যাশব্যাক!
spam,1,শেষ দিন! অ্যাপ থেকে ৩০টাকা রিচার্জে ৫০%ক্যাশব্যাক! https://bKa.sh/8app,শেষ দিন! অ্যাপ থেকে <MONEY> রিচার্জে <NUMBER> %ক্যাশব্যাক! <URL>
spam,1,বিকাশ অ্যাপ থেকে ৩০ টাকা রিচার্জে ৫০% ক্যাশব্যাক! https://bKa.sh/8app,বিকাশ অ্যাপ থেকে <MONEY> রিচার্জে <NUMBER> % ক্যাশব্যাক! <URL>
spam,1,"কার্ড থেকে বিকাশ-এ ১,০৫০ টাকা অ্যাড মানি করলেই ২৫ টাকা ক্যাশব্যাক! TCA",কার্ড থেকে বিকাশ-এ <MONEY> অ্যাড মানি করলেই <MONEY> ক্যাশব্যাক! TCA
spam,1,কার্ড থেকে বিকাশ-এ ৩০০ টাকা অ্যাড মানি করলেই ৬০ টাকা ক্যাশব্যাক! TCA,কার্ড থেকে বিকাশ-এ <MONEY> অ্যাড মানি করলেই <MONEY> ক্যাশব্যাক! TCA
spam,1,কার্ড থেকে বিকাশ-এ ৪৫০ টাকা অ্যাড মানি করলেই ৫০ টাকা ক্যাশব্যাক! TCA,কার্ড থেকে বিকাশ-এ <MONEY> অ্যাড মানি করলেই <MONEY> ক্যাশব্যাক! TCA
spam,1,কার্ড থেকে বিকাশ-এ ৪৪৫ টাকা অ্যাড মানি করলেই ৪৫ টাকা ক্যাশব্যাক! TCA,কার্ড থেকে বিকাশ-এ <MONEY> অ্যাড মানি করলেই <MONEY> ক্যাশব্যাক! TCA
spam,1,কার্ড থেকে বিকাশ-এ ৪৪০ টাকা অ্যাড মানি করলেই ৪০ টাকা ক্যাশব্যাক! TCA,কার্ড থেকে বিকাশ-এ <MONEY> অ্যাড মানি করলেই <MONEY> ক্যাশব্যাক! TCA
spam,1,"বিকাশ অ্যাপ দিয়ে কার্ড থেকে ১০০০টাকা বা বেশি অ্যাড মানি করলে, ১০০টাকা ক্যাশব্যাক!","বিকাশ অ্যাপ দিয়ে কার্ড থেকে <MONEY> বা বেশি অ্যাড মানি করলে, <MONEY> ক্যাশব্যাক!"
spam,1,"বিল বিকাশ করুন কোনো চার্জ ছাড়াই (মাসে ২টা)TCA, কল 16247","বিল বিকাশ করুন কোনো চার্জ ছাড়াই (মাসে ২টা)TCA, কল <PHONE>"
spam,1,বিকাশ অ্যাপ থেকে নিজ নাম্বারে ১৫ টাকা রিচার্জ করলে ১০০% ক্যাশব্যাক!TCA,বিকাশ অ্যাপ থেকে নিজ নাম্বারে <MONEY> রিচার্জ করলে <NUMBER> % ক্যাশব্যাক!TCA
spam,1,"বিকাশ অ্যাপ দিয়ে কার্ড থেকে ১০০০টাকা বা বেশি অ্যাড মানি করলে, ১০০টাকা ক্যাশব্যাক! TCA","বিকাশ অ্যাপ দিয়ে কার্ড থেকে <MONEY> বা বেশি অ্যাড মানি করলে, <MONEY> ক্যাশব্যাক! TCA"
spam,1,"বিদ্যুৎ,পানি,গ্যাস বা টেলিফোন বিল বিকাশ করুন চার্জ ছাড়াই(মাসে ২টা)TCA","বিদ্যুৎ,পানি,গ্যাস বা টেলিফোন বিল বিকাশ করুন চার্জ ছাড়াই(মাসে ২টা)TCA"
spam,1,"ডেবিট/ এটিএম কার্ড থেকে বিকাশ-এ ৩,০০০টাকা অ্যাড মানি-তে ১০০টাকা বোনাস! TCA",ডেবিট/ এটিএম কার্ড থেকে বিকাশ-এ <MONEY> অ্যাড মানি-তে <MONEY> বোনাস! TCA
spam,1,"ডেবিট/ এটিএম কার্ড থেকে বিকাশ-এ ৩,০০০ টাকা অ্যাড মানি-তে ১০০ টাকা বোনাস! TCA",ডেবিট/ এটিএম কার্ড থেকে বিকাশ-এ <MONEY> অ্যাড মানি-তে <MONEY> বোনাস! TCA
spam,1,"ব্যাংক থেকে বিকাশ-এ ৩,০০০টাকা অ্যাড মানি-তে ১০০টাকা বোনাস! TCA",ব্যাংক থেকে বিকাশ-এ <MONEY> অ্যাড মানি-তে <MONEY> বোনাস! TCA
spam,1,শেষ দিন! অ্যাপ থেকে নিজ নাম্বারে ৫০ টাকা রিচার্জে ২০ টাকা ক্যাশব্যাক।,শেষ দিন! অ্যাপ থেকে নিজ নাম্বারে <MONEY> রিচার্জে <MONEY> ক্যাশব্যাক।
spam,1,"বিকাশ এ ১০ টাকা ক্যাশব্যাক, ২৫ টাকা মোবাইল রিচার্জে ১বার, TCA কল ১৬২৪৭","বিকাশ এ <MONEY> ক্যাশব্যাক, <MONEY> মোবাইল রিচার্জে ১বার, TCA কল <PHONE>"
spam,1,অ্যাড মানি&apos;তে আকর্ষণীয় অফার! জানতে এখনি ট্যাপ করুন https://bka.sh/bmy,অ্যাড মানি&apos;তে আকর্ষণীয় অফার! জানতে এখনি ট্যাপ করুন <URL>
spam,1,কার্ড থেকে বিকাশ-এ ৳৬৫০ আনলেই ৳৫০ ক্যাশব্যাক! TCA https://bka.sh/bmy,কার্ড থেকে বিকাশ-এ <MONEY> আনলেই <MONEY> ক্যাশব্যাক! TCA <URL>
spam,1,কার্ড থেকে বিকাশ-এ ২০২২ টাকা অ্যাড মানি করলেই ২২ টাকা ক্যাশব্যাক! TCA,কার্ড থেকে বিকাশ-এ <MONEY> অ্যাড মানি করলেই <MONEY> ক্যাশব্যাক! TCA
spam,1,অ্যাপ দিয়ে কার্ড থেকে ৯৯৯ টাকা অ্যাড মানি করলে ২১ টাকা ক্যাশব্যাক! TCA,অ্যাপ দিয়ে কার্ড থেকে <PHONE> টাকা অ্যাড মানি করলে <MONEY> ক্যাশব্যাক! TCA
spam,1,কার্ড থেকে বিকাশ-এ প্রতি ৬৫০০টাকা অ্যাড মানিতে ৫০টাকা বোনাস! ২ বার TCA,কার্ড থেকে বিকাশ-এ প্রতি <MONEY> অ্যাড মানিতে <MONEY> বোনাস! <NUMBER> বার TCA
spam,1,অ্যাপ থেকে ২০ টাকা রিচার্জে ২১ টাকা ক্যাশব্যাক!TCA https://bKa.sh/8app,অ্যাপ থেকে <MONEY> রিচার্জে <MONEY> ক্যাশব্যাক!TCA <URL>
spam,1,"বিকাশ এ ১০ টাকা ক্যাশব্যাক, ১০০০ টাকা ক্যাশ আউট করলে TCA - কল ১৬২৪৭","বিকাশ এ <MONEY> ক্যাশব্যাক, <MONEY> ক্যাশ আউট করলে TCA - কল <PHONE>"
spam,1,কার্ড থেকে বিকাশ-এ ৫৫০ টাকা অ্যাড মানি করলেই ৫০ টাকা ক্যাশব্যাক! TCA,কার্ড থেকে বিকাশ-এ <MONEY> অ্যাড মানি করলেই <MONEY> ক্যাশব্যাক! TCA
spam,1,শেষ ২ দিন! কার্ড থেকে বিকাশ-এ অ্যাড মানি করলেই ৫১ টাকা ক্যাশব্যাক। TCA,শেষ <NUMBER> দিন! কার্ড থেকে বিকাশ-এ অ্যাড মানি করলেই <MONEY> ক্যাশব্যাক। TCA
spam,1,বিজয়ের ৫১! আপনার অফার জানতে বিকাশ অ্যাপে My Offers ট্যাপ করুন। TCA,বিজয়ের <NUMBER> ! আপনার অফার জানতে বিকাশ অ্যাপে My Offers ট্যাপ করুন। TCA
spam,1,বিকাশ অ্যাপে ১১টাকা রিচার্জে ১৬টাকা ক্যাশব্যাক TCA https://bKa.sh/8app,বিকাশ অ্যাপে <MONEY> রিচার্জে <MONEY> ক্যাশব্যাক TCA <URL>
spam,1,"কার্ড থেকে বিকাশ-এ ৳১,৯০০ বা বেশি অ্যাড মানি করলে ৳৭১ ক্যাশব্যাক! TCA",কার্ড থেকে বিকাশ-এ <MONEY> বা বেশি অ্যাড মানি করলে <MONEY> ক্যাশব্যাক! TCA
spam,1,বিকাশ অ্যাপ থেকে ৫০০ টাকার বেশি পেমেন্ট করলেই ৫০ টাকা ক্যাশব্যাক! TCA,বিকাশ অ্যাপ থেকে <MONEY> র বেশি পেমেন্ট করলেই <MONEY> ক্যাশব্যাক! TCA
spam,1,আজ বিকাল ৪.০০ থেকে বিকাল ৫.৫৯ পর্যন্ত প্রতি ঘন্টায় প্রথম ১০০ জন ফুডপ্যান্ডা-তে বিকাশ পেমেন্টে ১০০% ক্যাশব্যাক-২০০ টাকা পর্যন্ত! TCA,আজ বিকাল <NUMBER> থেকে বিকাল <NUMBER> পর্যন্ত প্রতি ঘন্টায় প্রথম <NUMBER> জন ফুডপ্যান্ডা-তে বিকাশ পেমেন্টে <NUMBER> % ক্যাশব্যাক- <MONEY> পর্যন্ত! TCA
spam,1,কার্ড থেকে অ্যাড মানি&apos;তে নিশ্চিত ক্যাশব্যাক! ভিজিট: https://bka.sh/bmy,কার্ড থেকে অ্যাড মানি&apos;তে নিশ্চিত ক্যাশব্যাক! ভিজিট: <URL>
spam,1,৳১০০ ফুডপ্যান্ডা ভাউচার কার্ড থেকে বিকাশ-এ ৳৩৫০০ অ্যাড মানি’তে! TCA,<MONEY> ফুডপ্যান্ডা ভাউচার কার্ড থেকে বিকাশ-এ <MONEY> অ্যাড মানি’তে! TCA
spam,1,৫০টাকা বোনাসের সাথে স্বপ্ন’তে ১০০টাকা ডিসকাউন্ট কুপন! আজই আপনার ব্যাংক থেকে ২বার বিকাশ-এ ১৫০০ টাকা অ্যাড মানি করুন।TCA,<MONEY> বোনাসের সাথে স্বপ্ন’তে <MONEY> ডিসকাউন্ট কুপন! আজই আপনার ব্যাংক থেকে ২বার বিকাশ-এ <MONEY> অ্যাড মানি করুন।TCA
spam,1,শুক্রবারে ৫০টাকা বোনাসের সাথে স্বপ্ন’তে ১০০টাকা ডিসকাউন্ট কুপন! শুক্রবারে আপনার ব্যাংক থেকে ২বার বিকাশ-এ ১৫০০ টাকা অ্যাড মানি করুন।TCA,শুক্রবারে <MONEY> বোনাসের সাথে স্বপ্ন’তে <MONEY> ডিসকাউন্ট কুপন! শুক্রবারে আপনার ব্যাংক থেকে ২বার বিকাশ-এ <MONEY> অ্যাড মানি করুন।TCA
spam,1,"আপনার কাছের সুপারস্টোরে চলছে বিকাশ ১টাকার অফার!*TCA, বিস্তারিত:https://bka.sh/dec1tkoffr","আপনার কাছের সুপারস্টোরে চলছে বিকাশ <MONEY> র অফার!*TCA, বিস্তারিত: <URL>"
spam,1,"বিকাশ-এ ব্যালেন্স শেষ? বিকাশ অ্যাপ দিয়ে ডেবিট কার্ড থেকে অ্যাড মানি করুন কোনো চার্জ ছাড়াই, নিজের বা প্রিয়জনের বিকাশ একাউন্টে! TCA","বিকাশ-এ ব্যালেন্স শেষ? বিকাশ অ্যাপ দিয়ে ডেবিট কার্ড থেকে অ্যাড মানি করুন কোনো চার্জ ছাড়াই, নিজের বা প্রিয়জনের বিকাশ একাউন্টে! TCA"
spam,1,১০০ টাকা ইনস্ট্যান্ট বোনাস! আজই ব্যাংক বা কার্ড থেকে বিকাশ-এ ২বার ৭৫০০ টাকা অ্যাড মানি-তে পেয়ে যান মোট ১০০ টাকা বোনাস! TCA,<MONEY> ইনস্ট্যান্ট বোনাস! আজই ব্যাংক বা কার্ড থেকে বিকাশ-এ ২বার <MONEY> অ্যাড মানি-তে পেয়ে যান মোট <MONEY> বোনাস! TCA
spam,1,"কার্ড থেকে বিকাশ-এ ৯৩০ টাকা আনলেই ২০ টাকা ক্যাশব্যাক, ১ বার! TCA","কার্ড থেকে বিকাশ-এ <MONEY> আনলেই <MONEY> ক্যাশব্যাক, <NUMBER> বার! TCA"
spam,1,"ব্যাংক থেকে বিকাশ-এ ৪৪০ টাকা আনলেই ২৫ টাকা ক্যাশব্যাক, ১ বার! TCA","ব্যাংক থেকে বিকাশ-এ <MONEY> আনলেই <MONEY> ক্যাশব্যাক, <NUMBER> বার! TCA"
spam,1,"কার্ড থেকে বিকাশ-এ ২৩০ টাকা আনলেই ১০ টাকা ক্যাশব্যাক, ১ বার! TCA","কার্ড থেকে বিকাশ-এ <MONEY> আনলেই <MONEY> ক্যাশব্যাক, <NUMBER> বার! TCA"
spam,1,"কার্ড থেকে বিকাশ-এ ২৩০ টাকা আনলেই ২০ টাকা ক্যাশব্যাক, ১ বার! TCA","কার্ড থেকে বিকাশ-এ <MONEY> আনলেই <MONEY> ক্যাশব্যাক, <NUMBER> বার! TCA"
spam,1,"ব্যাংক থেকে বিকাশ-এ ২৪০ টাকা আনলেই ১৫ টাকা ক্যাশব্যাক, ১ বার! TCA","ব্যাংক থেকে বিকাশ-এ <MONEY> আনলেই <MONEY> ক্যাশব্যাক, <NUMBER> বার! TCA"
spam,1,"ব্যাংক থেকে বিকাশ-এ ৩৫০ টাকা আনলেই ১৫ টাকা ক্যাশব্যাক, ১ বার! TCA","ব্যাংক থেকে বিকাশ-এ <MONEY> আনলেই <MONEY> ক্যাশব্যাক, <NUMBER> বার! TCA"
spam,1,"কার্ড থেকে বিকাশ-এ ৬৫০ টাকা আনলেই ২০ টাকা ক্যাশব্যাক, ১ বার! TCA","কার্ড থেকে বিকাশ-এ <MONEY> আনলেই <MONEY> ক্যাশব্যাক, <NUMBER> বার! TCA"
spam,1,"কার্ড থেকে বিকাশ-এ ৫,০৫০ টাকা আনলেই ৫০ টাকা ক্যাশব্যাক, ১ বার! TCA","কার্ড থেকে বিকাশ-এ <MONEY> আনলেই <MONEY> ক্যাশব্যাক, <NUMBER> বার! TCA"
spam,1,স্বাস্থ্য টিপস এখন ২.৬৭/দিন টাকায়! ডায়াল করুন ২০৫৪০,স্বাস্থ্য টিপস এখন <NUMBER> /দিন টাকায়! ডায়াল করুন <NUMBER>
spam,1,"রবি ট্র্যাকার এর মাধ্যমে খুব সাশ্রয়ী মূল্যে পাচ্ছেন আপনার গাড়ি ট্র্যাকিং, খরচের হিসাব ও নিরাপত্তা নিশ্চিত করার সুযোগ। বিস্তারিত 09612445555","রবি ট্র্যাকার এর মাধ্যমে খুব সাশ্রয়ী মূল্যে পাচ্ছেন আপনার গাড়ি ট্র্যাকিং, খরচের হিসাব ও নিরাপত্তা নিশ্চিত করার সুযোগ। বিস্তারিত <NUMBER>"
spam,1,"Voice Offer: রিচার্জে কম রেট আর বেশি মেয়াদ। কিনতে November 23 এর মধ্যে রিচার্জ করুন 47টাকা, 47প/মি(+tax) রেটে কথা বলুন ৩০দিন","Voice Offer: রিচার্জে কম রেট আর বেশি মেয়াদ। কিনতে November <NUMBER> এর মধ্যে রিচার্জ করুন <MONEY> , 47প/মি(+tax) রেটে কথা বলুন ৩০দিন"
spam,1,"প্রথমবার ৮২ টাকা রিচার্জে পাচ্ছেন ১০০ মিনিট এবং ৩ জিবি ডাটা , মেয়াদ ৩০ দিন অথবা প্রথমবার ৪৩ টাকা রিচার্জে পাচ্ছেন ৬০ মিনিট, মেয়াদ ৭ দিন এবং যেকোনো নম্বরে ৬০ পয়সা প্রতি মিনিট কলরেট |ভ্যাট +SD","প্রথমবার <MONEY> রিচার্জে পাচ্ছেন <NUMBER> মিনিট এবং <NUMBER> জিবি ডাটা , মেয়াদ <NUMBER> দিন অথবা প্রথমবার <MONEY> রিচার্জে পাচ্ছেন <NUMBER> মিনিট, মেয়াদ <NUMBER> দিন এবং যেকোনো নম্বরে <NUMBER> পয়সা প্রতি মিনিট কলরেট |ভ্যাট +SD"
spam,1,"69Tk.: 3 GB, 3 Days – Dial *123*069#","<MONEY> : <NUMBER> GB, <NUMBER> Days – Dial * <NUMBER> * <NUMBER> #"
spam,1,রবির আরও অফার জানতে ডায়াল *৮৮৮#,রবির আরও অফার জানতে ডায়াল * <NUMBER> #
spam,1,আপনি ডাটা বোনাস পেয়েছেন। আরো স্পেশাল অফার পেতে cutt.ly/inr,আপনি ডাটা বোনাস পেয়েছেন। আরো স্পেশাল অফার পেতে <URL>
spam,1,আপনি ডাটা প্যাক+মিনিট পেয়েছেন! চেক করতে ডায়াল করুন *3# ও *222*8#,আপনি ডাটা প্যাক+মিনিট পেয়েছেন! চেক করতে ডায়াল করুন * <NUMBER> # ও * <NUMBER> * <NUMBER> #
spam,1,ডাটা(*3#) ও মিনিট(*222*8#) পেয়েছেন।,ডাটা(* <NUMBER> #) ও মিনিট(* <NUMBER> * <NUMBER> #) পেয়েছেন।
spam,1,আপনার ডাটা (*3#)+ মিনিট (*222*8#) প্যাক ক্রয় সফল হয়েছে।,আপনার ডাটা (* <NUMBER> #)+ মিনিট (* <NUMBER> * <NUMBER> #) প্যাক ক্রয় সফল হয়েছে।
spam,1,"পেয়ে গেছেন ৫০প/সে(+ট্যাক্স) রেট,আরো অফার জানতে ডায়াল *৮৮৮#","পেয়ে গেছেন ৫০প/সে(+ট্যাক্স) রেট,আরো অফার জানতে ডায়াল * <NUMBER> #"
spam,1,রেট+ইন্টারনেট পেয়ে গেছেন। আরও অফার জানতে ডায়াল *৮৮৮#,রেট+ইন্টারনেট পেয়ে গেছেন। আরও অফার জানতে ডায়াল * <NUMBER> #
spam,1,মিনিট ও রেট পেয়ে গেছেন; আরও অফার জানতে ডায়াল *৮৮৮#,মিনিট ও রেট পেয়ে গেছেন; আরও অফার জানতে ডায়াল * <NUMBER> #
spam,1,পেয়ে গেছেন ১প/সে(+tax) রেট ১৫ দিন ও ৪৯ MB ইন্টারনেট ৩ দিন মেয়াদ,পেয়ে গেছেন ১প/সে(+tax) রেট <NUMBER> দিন ও <NUMBER> MB ইন্টারনেট <NUMBER> দিন মেয়াদ
spam,1,আপনি ডাটা প্যাক পেয়েছেন। চেক করতে ডায়াল করুন *৩#,আপনি ডাটা প্যাক পেয়েছেন। চেক করতে ডায়াল করুন * <NUMBER> #
spam,1,কল ড্রপের জন্য রবি থেকে আপনি পেয়েছেন ১ মিনিট ০ সেকেন্ড (মেয়াদ ১৫দিন)। ব্যবহার করতে পারবেন যেকোনো রবি নম্বর এ। ব্যালান্স চেক করতে ডায়াল *222*2# কলড্রপের বিস্তারিত জানতে ডায়াল *121*765#,কল ড্রপের জন্য রবি থেকে আপনি পেয়েছেন <NUMBER> মিনিট <NUMBER> সেকেন্ড (মেয়াদ ১৫দিন)। ব্যবহার করতে পারবেন যেকোনো রবি নম্বর এ। ব্যালান্স চেক করতে ডায়াল * <NUMBER> * <NUMBER> # কলড্রপের বিস্তারিত জানতে ডায়াল * <NUMBER> * <NUMBER> #
spam,1,কল ড্রপের জন্য রবি থেকে আপনি পেয়েছেন ৩০ সেকেন্ড (মেয়াদ ১৫দিন)। ব্যবহার করতে পারবেন যেকোনো রবি নম্বর এ। ব্যালান্স চেক করতে ডায়াল *222*2# কলড্রপের বিস্তারিত জানতে ডায়াল *121*765#,কল ড্রপের জন্য রবি থেকে আপনি পেয়েছেন <NUMBER> সেকেন্ড (মেয়াদ ১৫দিন)। ব্যবহার করতে পারবেন যেকোনো রবি নম্বর এ। ব্যালান্স চেক করতে ডায়াল * <NUMBER> * <NUMBER> # কলড্রপের বিস্তারিত জানতে ডায়াল * <NUMBER> * <NUMBER> #
spam,1,কল ড্রপের জন্য রবি থেকে আপনি পেয়েছেন ১ মিনিট ৪০ সেকেন্ড (মেয়াদ ১৫দিন)। ব্যবহার করতে পারবেন যেকোনো রবি নম্বর এ। ব্যালান্স চেক করতে ডায়াল *222*2# কলড্রপের বিস্তারিত জানতে ডায়াল *121*765#,কল ড্রপের জন্য রবি থেকে আপনি পেয়েছেন <NUMBER> মিনিট <NUMBER> সেকেন্ড (মেয়াদ ১৫দিন)। ব্যবহার করতে পারবেন যেকোনো রবি নম্বর এ। ব্যালান্স চেক করতে ডায়াল * <NUMBER> * <NUMBER> # কলড্রপের বিস্তারিত জানতে ডায়াল * <NUMBER> * <NUMBER> #
spam,1,কল ড্রপ এর জন্য আপনি ফ্রি মিনিট পেয়েছেন। ব্যালেন্স চেক *222*2#,কল ড্রপ এর জন্য আপনি ফ্রি মিনিট পেয়েছেন। ব্যালেন্স চেক * <NUMBER> * <NUMBER> #
spam,1,কল ড্রপের জন্য রবি থেকে আপনি পেয়েছেন ২ মিনিট ২০ সেকেন্ড (মেয়াদ ১৫দিন)। ব্যবহার করতে পারবেন যেকোনো রবি নম্বর এ। ব্যালান্স চেক করতে ডায়াল *222*2# কলড্রপের বিস্তারিত জানতে ডায়াল *121*765#,কল ড্রপের জন্য রবি থেকে আপনি পেয়েছেন <NUMBER> মিনিট <NUMBER> সেকেন্ড (মেয়াদ ১৫দিন)। ব্যবহার করতে পারবেন যেকোনো রবি নম্বর এ। ব্যালান্স চেক করতে ডায়াল * <NUMBER> * <NUMBER> # কলড্রপের বিস্তারিত জানতে ডায়াল * <NUMBER> * <NUMBER> #
spam,1,কল ড্রপ এর জন্য আপনি ফ্রি টকটাইম পেয়েছেন। ব্যালেন্স চেক *222*2#,কল ড্রপ এর জন্য আপনি ফ্রি টকটাইম পেয়েছেন। ব্যালেন্স চেক * <NUMBER> * <NUMBER> #
spam,1,আজ ১জিবি ফেসবুক ৭ দিনের জন্য ১১টাকায়! ডায়াল *21291*91#,আজ ১জিবি ফেসবুক <NUMBER> দিনের জন্য <MONEY> য়! ডায়াল * <NUMBER> * <NUMBER> #
spam,1,আজ ৩০ জিবি+৫০০ মিনিট ৩০ দিনের জন্য ৪৪৫ টাকায়! ডায়াল *21291*61#,আজ <NUMBER> জিবি+ <NUMBER> মিনিট <NUMBER> দিনের জন্য <MONEY> য়! ডায়াল * <NUMBER> * <NUMBER> #
spam,1,শুধুমাত্র মাই অ্যাপে অবিশ্বাস্য অফার! ৫০জিবি+৯০০মিঃ ৭০০৳ cutt.ly/cor,শুধুমাত্র মাই অ্যাপে অবিশ্বাস্য অফার! ৫০জিবি+৯০০মিঃ <MONEY> <URL>
spam,1,রবিতে আজ ২৫জিবি(২৩+২ 4G)+৩০০মি ২৮দিনের জন্য ৳৩৩৯ ঘ্যাচাংরিচার্জে,রবিতে আজ ২৫জিবি( <NUMBER> + <NUMBER> 4G)+৩০০মি ২৮দিনের জন্য <MONEY> ঘ্যাচাংরিচার্জে
spam,1,রবিতে চলছে স্বাধীনতার উৎসব ৫০জিবি(৪৭+৩ 4G) ২৮ দিন ৳৫০১ ঘ্যাচাংরিচার্জে,রবিতে চলছে স্বাধীনতার উৎসব ৫০জিবি( <NUMBER> + <NUMBER> 4G) <NUMBER> দিন <MONEY> ঘ্যাচাংরিচার্জে
spam,1,রবিতে আজ পাচ্ছেন ১২জিবি(১০+২ 4G) ৭দিন ৳১৪৮ ঘ্যাচাংরিচার্জে,রবিতে আজ পাচ্ছেন ১২জিবি( <NUMBER> + <NUMBER> 4G) ৭দিন <MONEY> ঘ্যাচাংরিচার্জে
spam,1,রবি দারুন অফার মিস নাহয়ে যায় ১২জিবি ২৮দিনের জন্য ৳১২৮ ঘ্যাচাংরিচার্জে,রবি দারুন অফার মিস নাহয়ে যায় ১২জিবি ২৮দিনের জন্য <MONEY> ঘ্যাচাংরিচার্জে
spam,1,রবি ধামাকা অফার আজ ২০জিবি ২৮ দিনের জন্য ৳২৪৯ ঘ্যাচাং রিচার্জে,রবি ধামাকা অফার আজ ২০জিবি <NUMBER> দিনের জন্য <MONEY> ঘ্যাচাং রিচার্জে
spam,1,রবিতে উইকেন্ড অফার আজ ২০জিবি ২৮ দিনের জন্য ৳২৪৯ ঘ্যাচাং রিচার্জে,রবিতে উইকেন্ড অফার আজ ২০জিবি <NUMBER> দিনের জন্য <MONEY> ঘ্যাচাং রিচার্জে
spam,1,রবিতে উইকেন্ড অফারে ১২জিবি ২৮দিনের জন্য ৳১২৮ ঘ্যাচাংরিচার্জে,রবিতে উইকেন্ড অফারে ১২জিবি ২৮দিনের জন্য <MONEY> ঘ্যাচাংরিচার্জে
spam,1,রবির বিশেষ উপহার! আজ পাচ্ছেন ১২জিবি ২৮দিনের জন্য ৳১২৮ ঘ্যাচাংরিচার্জে,রবির বিশেষ উপহার! আজ পাচ্ছেন ১২জিবি ২৮দিনের জন্য <MONEY> ঘ্যাচাংরিচার্জে
spam,1,রবিতে ডাটা অফার ১০জিবি ৭দিনের জন্য ৳১১৪ ঘ্যাচাং রিচার্জে,রবিতে ডাটা অফার ১০জিবি ৭দিনের জন্য <MONEY> ঘ্যাচাং রিচার্জে
spam,1,সেরা অফার রবিতেই! আজ ২০জিবি ২৮ দিনের জন্য ৳২৪৯ ঘ্যাচাং রিচার্জে,সেরা অফার রবিতেই! আজ ২০জিবি <NUMBER> দিনের জন্য <MONEY> ঘ্যাচাং রিচার্জে
spam,1,সেরা অফার রবিতে! ৪০জিবি(২৫+১৫ 4G)+৮০০মি ৩০দিন ৳৭৪৯ ঘ্যাচাংরিচার্জে,সেরা অফার রবিতে! ৪০জিবি( <NUMBER> + <NUMBER> 4G)+৮০০মি ৩০দিন <MONEY> ঘ্যাচাংরিচার্জে
spam,1,রবিতে উইকেন্ড অফারে ১৪জিবি ২৮দিনের জন্য ৳১২৮ ঘ্যাচাংরিচার্জে,রবিতে উইকেন্ড অফারে ১৪জিবি ২৮দিনের জন্য <MONEY> ঘ্যাচাংরিচার্জে
spam,1,রবিতে আজ ৭জিবি ৩০দিন মাত্র ১৫০টাকায়! ডায়াল *21291*976#,রবিতে আজ ৭জিবি ৩০দিন মাত্র <MONEY> য়! ডায়াল * <NUMBER> * <NUMBER> #
spam,1,আজ ২৫ জিবি ৩০ দিনের জন্য ৩৪০ টাকায়! ডায়াল *21291*62#,আজ <NUMBER> জিবি <NUMBER> দিনের জন্য <MONEY> য়! ডায়াল * <NUMBER> * <NUMBER> #
spam,1,৪জিবি+২জিবি 4G ও ২৫০মিনিট(৩০দিন) পেতে রিচার্জ করুন ৩১৯টাকা।,৪জিবি+২জিবি 4G ও ২৫০মিনিট(৩০দিন) পেতে রিচার্জ করুন <MONEY> ।
spam,1,৪জিবি ও ২২৫মিনিট(২৮দিন) পেতে ঘরে বসে বিকাশ/রকেট রিচার্জ করুন ২৯৯টাকা,৪জিবি ও ২২৫মিনিট(২৮দিন) পেতে ঘরে বসে বিকাশ/রকেট রিচার্জ করুন <MONEY>
spam,1,মাসের সেরা অফার আজ রবিতে! ২০জিবি+৬০০মি ২৮দিন ৳৫৯৯ ঘ্যাচাংরিচার্জে,মাসের সেরা অফার আজ রবিতে! ২০জিবি+৬০০মি ২৮দিন <MONEY> ঘ্যাচাংরিচার্জে
spam,1,অফার শেষের আগেই বুঝে নিন ২০জিবি ২৮ দিনের জন্য ৳২৪৯ ঘ্যাচাং রিচার্জে,অফার শেষের আগেই বুঝে নিন ২০জিবি <NUMBER> দিনের জন্য <MONEY> ঘ্যাচাং রিচার্জে
spam,1,লকডাউনের আগেই রবিতে আজ ৫০জিবি(৪৭+৩ 4G) ২৮ দিন ৳৫০১ ঘ্যাচাংরিচার্জে,লকডাউনের আগেই রবিতে আজ ৫০জিবি( <NUMBER> + <NUMBER> 4G) <NUMBER> দিন <MONEY> ঘ্যাচাংরিচার্জে
spam,1,আজ ৩১৫মি(মেয়াদ ৩০দিন)+৬০প/মি(+tax) রেট(৪৫দিন) কিনুন ৳১৯৪ রিচার্জে,আজ ৩১৫মি(মেয়াদ ৩০দিন)+৬০প/মি(+tax) রেট(৪৫দিন) কিনুন <MONEY> রিচার্জে
spam,1,৬জিবি+২জিবি 4G ও ২৫০মিনিট (২৮দিন) পেতে রিচার্জ করুন ৩৩৯টাকা।,৬জিবি+২জিবি 4G ও ২৫০মিনিট (২৮দিন) পেতে রিচার্জ করুন <MONEY> ।
spam,1,আকর্ষণীয় অফার! ৫০০মিনিট+৫১২এমবি(৩০দিন) পেতে রিচার্জ করুন ৩০৭টাকা।,আকর্ষণীয় অফার! ৫০০মিনিট+৫১২এমবি(৩০দিন) পেতে রিচার্জ করুন <MONEY> ।
spam,1,৬জিবি+২জিবি4G+২৫০মিনিট (২৮দিন) পেতে বিকাশ/রকেটে রিচার্জ করুন ৩৩৯টাকা,৬জিবি+২জিবি4G+২৫০মিনিট (২৮দিন) পেতে বিকাশ/রকেটে রিচার্জ করুন <MONEY>
spam,1,আজ ৫৫মিনিটের সাথে ১জিবি(৭ দিন) মাত্র ৫৫টাকায় কিনতে ডায়াল *21291*272#,আজ ৫৫মিনিটের সাথে ১জিবি( <NUMBER> দিন) মাত্র <MONEY> য় কিনতে ডায়াল * <NUMBER> * <NUMBER> #
spam,1,সেরা অফার রবিতে! আজ ২০জিবি+৬০০মি ২৮দিন ৳৫৯৯ ঘ্যাচাংরিচার্জে,সেরা অফার রবিতে! আজ ২০জিবি+৬০০মি ২৮দিন <MONEY> ঘ্যাচাংরিচার্জে
spam,1,আজ ৫জিবি ফেসবুক ৩০ দিনের জন্য ১০০টাকায়! ডায়াল *21291*67#,আজ ৫জিবি ফেসবুক <NUMBER> দিনের জন্য <MONEY> য়! ডায়াল * <NUMBER> * <NUMBER> #
spam,1,"আপনার বাসায় যাওয়ার আগেই এয়ার-কুলার অথবা গীজার অন-করে দিন মোবাইল ফোন দিয়ে, কল করুন 09612445555","আপনার বাসায় যাওয়ার আগেই এয়ার-কুলার অথবা গীজার অন-করে দিন মোবাইল ফোন দিয়ে, কল করুন <NUMBER>"
spam,1,Daraz-এ ৯৯৯টাকার শপিং-এ ৯৯টাকা ছাড়! click.daraz.com.bd/e/_eB2UT,Daraz-এ <MONEY> র শপিং-এ <MONEY> ছাড়! <URL>
spam,1,Daraz-এ ৯৯৯টাকার শপিং-এ ৯৯টাকা ছাড়! click.daraz.com.bd/e/_eBvSR,Daraz-এ <MONEY> র শপিং-এ <MONEY> ছাড়! <URL>
spam,1,"রবির ব্যাবস্থাপনা পরিচালক এবং প্রধান নির্বাহী কর্মকর্তা মাহতাব উদ্দিন আহমেদের সঞ্চালনায় নির্বাচিত রবি এলিটদের নিয়ে &quot;Meet the Robi Elite&quot; শো-টি দেখতে চোখ রাখুন প্রথম আলোর ফেসবুক পেজ এবং ইউটিউব চ্যানেলে,২৬ ডিসেম্বর ঠিক রাত ৯টায়","রবির ব্যাবস্থাপনা পরিচালক এবং প্রধান নির্বাহী কর্মকর্তা মাহতাব উদ্দিন আহমেদের সঞ্চালনায় নির্বাচিত রবি এলিটদের নিয়ে &quot;Meet the Robi Elite&quot; শো-টি দেখতে চোখ রাখুন প্রথম আলোর ফেসবুক পেজ এবং ইউটিউব চ্যানেলে, <NUMBER> ডিসেম্বর ঠিক রাত ৯টায়"
spam,1,"প্রিয় এলিট, রঙ বাংলাদেশ থেকে অনলাইনে কেনাকাটায় পাচ্ছেন ১০% ডিস্কাউন্ট! প্রোমো কোড পেতে REW&lt;SPACE&gt;RANG লিখে পাঠান 1213 এ।","প্রিয় এলিট, রঙ বাংলাদেশ থেকে অনলাইনে কেনাকাটায় পাচ্ছেন <NUMBER> % ডিস্কাউন্ট! প্রোমো কোড পেতে REW&lt;SPACE&gt;RANG লিখে পাঠান <NUMBER> এ।"
spam,1,Walton ও Marcel পণ্যে ১০% ডিস্কাউন্ট! &quot;REW WLT01&quot; লিখে পাঠান 1213-এ,Walton ও Marcel পণ্যে <NUMBER> % ডিস্কাউন্ট! &quot;REW WLT01&quot; লিখে পাঠান <NUMBER> -এ
spam,1,প্রতিদিন প্রতি ৫ টাকা খরচেই Robi Coins!জয়েন করতে freeডায়াল *1213*2*2#,প্রতিদিন প্রতি <MONEY> খরচেই Robi Coins!জয়েন করতে freeডায়াল * <NUMBER> * <NUMBER> * <NUMBER> #
spam,1,Robi Coinsভাঙিয়ে ফ্রি ড্যাটাপ্যাক ওআরো বোনাস পেতে freeডায়াল *1213*2*2#,Robi Coinsভাঙিয়ে ফ্রি ড্যাটাপ্যাক ওআরো বোনাস পেতে freeডায়াল * <NUMBER> * <NUMBER> * <NUMBER> #
spam,1,"আপনার ঘর থাকুক নিরাপদ রবির অ্যাডভান্সড ক্যামেরা দিয়ে ,","আপনার ঘর থাকুক নিরাপদ রবির অ্যাডভান্সড ক্যামেরা দিয়ে ,"
spam,1,৯০% ছাড়ে ঘরে বসেই করে ফেলুন স্পোকেন ইংলিশ এর কোর্স!,<NUMBER> % ছাড়ে ঘরে বসেই করে ফেলুন স্পোকেন ইংলিশ এর কোর্স!
spam,1,সুলভ মূল্যে ভার্সিটি ভর্তি কোর্স করো ঘরে বসেই,সুলভ মূল্যে ভার্সিটি ভর্তি কোর্স করো ঘরে বসেই
spam,1,"বিকাশ থেকে রবিতে ১০টাকা রিচার্জে ২০০% ক্যাশব্যাক ২৮সেপ্টেম্বর পর্যন্ত। ক্যাশব্যাক পাবেন ১বার, সকাল ১০টা - বিকাল ৩:৫৯মিনিট পর্যন্ত প্রতি মিনিটে ১ম ২০জন রিচার্জকারী। ডাউনলোড- https://bka.sh/bkblnet","বিকাশ থেকে রবিতে <MONEY> রিচার্জে <NUMBER> % ক্যাশব্যাক ২৮সেপ্টেম্বর পর্যন্ত। ক্যাশব্যাক পাবেন ১বার, সকাল ১০টা - বিকাল <NUMBER> :৫৯মিনিট পর্যন্ত প্রতি মিনিটে ১ম ২০জন রিচার্জকারী। ডাউনলোড- <URL>"
spam,1,"৳৩৬০,৫৮০মি+২জিবি,৩০দিন ডায়াল*১২৩*০৩৬০# ক্লিক https://bit.ly/2YBHO5U","<MONEY> মি+২জিবি,৩০দিন ডায়াল* <NUMBER> * <NUMBER> # ক্লিক <URL>"
spam,1,বিকাশ থেকে ৳৩১৯ রিচার্জে ৪জিবি+২জিবি 4G+২৫০মিঃ ৩০দিন!,বিকাশ থেকে <MONEY> রিচার্জে ৪জিবি+২জিবি 4G+২৫০মিঃ ৩০দিন!
spam,1,"প্রিয় গ্রাহক,বান্দরবান সদর-এ রবি 4.5G ও এয়ারটেল 4G+ নেটওয়ার্ক এখন আরও শক্তিশালী। এক্সপেরিয়েন্স করুন আজই। আপনার রবি বা এয়ারটেল এর যেকোনো প্রয়োজনে ব্যবহার করুন মাই রবি/এয়ারটেল অ্যাপ অথবা রবি সেবা কেন্দ্রে ভিজিট করুন  সপ্তাহে ৭ দিন সকাল ১০টা হতে সন্ধ্যা ৬টা।","প্রিয় গ্রাহক,বান্দরবান সদর-এ রবি <NUMBER> .5G ও এয়ারটেল 4G+ নেটওয়ার্ক এখন আরও শক্তিশালী। এক্সপেরিয়েন্স করুন আজই। আপনার রবি বা এয়ারটেল এর যেকোনো প্রয়োজনে ব্যবহার করুন মাই রবি/এয়ারটেল অ্যাপ অথবা রবি সেবা কেন্দ্রে ভিজিট করুন সপ্তাহে <NUMBER> দিন সকাল ১০টা হতে সন্ধ্যা ৬টা।"
spam,1,"আপনার জন্য ২৫জিবি+৫০০মিঃ ৩০দিন, ৪৯৯৳ বিকাশ রিচার্জে!","আপনার জন্য ২৫জিবি+৫০০মিঃ ৩০দিন, <MONEY> বিকাশ রিচার্জে!"
spam,1,বিকাশ থেকে রবিতে ৳৩৪৮রিচার্জে ৳৩৫বিকাশ একাউন্ট এ ক্যাশব্যাক! সাথে ৫৬০মিনিট +১ জিবি ৩০দিন‎!,বিকাশ থেকে রবিতে <MONEY> রিচার্জে <MONEY> বিকাশ একাউন্ট এ ক্যাশব্যাক! সাথে ৫৬০মিনিট + <NUMBER> জিবি ৩০দিন!
spam,1,"৯৪ টাকা বিকাশ রিচার্জে ৩ জিবি ইন্টারনেট, মেয়াদ ৭ দিন।","<MONEY> বিকাশ রিচার্জে <NUMBER> জিবি ইন্টারনেট, মেয়াদ <NUMBER> দিন।"
spam,1,"প্রিয় গ্রাহক, আপনার অনুরোধ নং 2024070110005200579 গ্রহণ করা হয়েছে যা দ্রুত কার্যকর করার চেষ্টা করা হবে, ধন্যবাদ।","প্রিয় গ্রাহক, আপনার অনুরোধ নং <NUMBER> <PHONE> গ্রহণ করা হয়েছে যা দ্রুত কার্যকর করার চেষ্টা করা হবে, ধন্যবাদ।"
spam,1,"কক্সবাজারে রবির শক্তিশালী নেটওয়ার্কে আপনাকে স্বাগতম। আপনার ঈদকে আরো আনন্দময় করতে আছে সেরা অফার - ইন্টারনেট (*৪#), ভয়েস (*0#), স্পেশাল অফার (*৮৮৮#), মাই রবি অ্যাপে cutt.ly/myrobi1","কক্সবাজারে রবির শক্তিশালী নেটওয়ার্কে আপনাকে স্বাগতম। আপনার ঈদকে আরো আনন্দময় করতে আছে সেরা অফার - ইন্টারনেট (* <NUMBER> #), ভয়েস (* <NUMBER> #), স্পেশাল অফার (* <NUMBER> #), মাই রবি অ্যাপে <URL>"
spam,1,নতুন অফার মাই রবি অ্যাপে ২৭জিবি+৬৫০মিঃ+২৮৳ ক্যাশব্যাক ৫৫০৳।ক্লিক cutt.ly/b550,নতুন অফার মাই রবি অ্যাপে ২৭জিবি+৬৫০মিঃ+ <MONEY> ক্যাশব্যাক <MONEY> ।ক্লিক <URL>
spam,1,নিশ্চিন্তে থাকুন সারামাস।[৩০জিবি+৭০০মিঃ] আজ রবি অ্যাপে ২৫জিবি+৬০০মিঃ+২৭৳ ক্যাশব্যাক ৫৩০৳ কিনলে শুধুমাত্র আপনি পাবেন বোনাস ৫জিবি+১০০মিঃ।ক্লিক cutt.ly/d530,নিশ্চিন্তে থাকুন সারামাস।[৩০জিবি+৭০০মিঃ] আজ রবি অ্যাপে ২৫জিবি+৬০০মিঃ+ <MONEY> ক্যাশব্যাক <MONEY> কিনলে শুধুমাত্র আপনি পাবেন বোনাস ৫জিবি+১০০মিঃ।ক্লিক <URL>
spam,1,রবি অ্যাপে ৫জিবি বোনাস সহ আপনি পাবেন ৪৫জিবি+৮০০মিঃ ৬৩০৳ cutt.ly/c630,রবি অ্যাপে ৫জিবি বোনাস সহ আপনি পাবেন ৪৫জিবি+৮০০মিঃ <MONEY> <URL>
spam,1,আজ অ্যাপে ৪০জিবি+৮০০মিঃ+৩২৳ ক্যাশব্যাক ৬৩০৳ দারুন অফার cutt.ly/c630,আজ অ্যাপে ৪০জিবি+৮০০মিঃ+ <MONEY> ক্যাশব্যাক <MONEY> দারুন অফার <URL>
spam,1,নতুন অফার অ্যাপে ২৭জিবি+৬৫০মিঃ+২৮৳ ক্যাশব্যাক ৫৫০৳।ক্লিক cutt.ly/b550,নতুন অফার অ্যাপে ২৭জিবি+৬৫০মিঃ+ <MONEY> ক্যাশব্যাক <MONEY> ।ক্লিক <URL>
spam,1,অ্যাপে ধামাকা অফার আজ! ৪০জিবি+৮০০মিঃ+৩২৳ ক্যাশব্যাক ৬৩০৳ cutt.ly/c630,অ্যাপে ধামাকা অফার আজ! ৪০জিবি+৮০০মিঃ+ <MONEY> ক্যাশব্যাক <MONEY> <URL>
spam,1,অ্যাপে দুর্দান্ত অফার!৪০জিবি+৮০০মিঃ+৩২৳ ক্যাশব্যাক ৬৩০৳ cutt.ly/c630,অ্যাপে দুর্দান্ত অফার!৪০জিবি+৮০০মিঃ+ <MONEY> ক্যাশব্যাক <MONEY> <URL>
spam,1,আগামীকাল অ্যাপে পাবেন ৫০জিবি+৯০০মিঃ ৭০০৳ ধামাকা অফার।ক্লিক cutt.ly/cor,আগামীকাল অ্যাপে পাবেন ৫০জিবি+৯০০মিঃ <MONEY> ধামাকা অফার।ক্লিক <URL>
spam,1,রবি অ্যাপে আপনার বিশেষ উপহার!আজ পাচ্ছেন ৫জিবি বোনাস।কিনুন ৪০জিবি+৮০০মিঃ+৩২৳ ক্যাশব্যাক ৬৩০৳।ক্লিক cutt.ly/c630,রবি অ্যাপে আপনার বিশেষ উপহার!আজ পাচ্ছেন ৫জিবি বোনাস।কিনুন ৪০জিবি+৮০০মিঃ+ <MONEY> ক্যাশব্যাক <MONEY> ।ক্লিক <URL>
spam,1,ছুটির দিনে রবি অ্যাপে ৪০জিবি+৮০০মিঃ+৩২৳ ক্যাশব্যাক ৬৩০৳ cutt.ly/c630,ছুটির দিনে রবি অ্যাপে ৪০জিবি+৮০০মিঃ+ <MONEY> ক্যাশব্যাক <MONEY> <URL>
spam,1,আজ অ্যাপে পাবেন ৪০জিবি+৮০০মিঃ+৩২৳ ক্যাশব্যাক ৬৩০৳ অফার cutt.ly/c630,আজ অ্যাপে পাবেন ৪০জিবি+৮০০মিঃ+ <MONEY> ক্যাশব্যাক <MONEY> অফার <URL>
spam,1,আজ মাই রবি অ্যাপে ৪০জিবি+৮০০মিঃ+৩২৳ ক্যাশব্যাক ৬৩০৳।ক্লিক cutt.ly/c630,আজ মাই রবি অ্যাপে ৪০জিবি+৮০০মিঃ+ <MONEY> ক্যাশব্যাক <MONEY> ।ক্লিক <URL>
spam,1,রবি অ্যাপে ৩০জিবি+৮০০মিঃ ৩০দিন ৫৫০৳ ধামাকা অফার।ক্লিক cutt.ly/b550,রবি অ্যাপে ৩০জিবি+৮০০মিঃ ৩০দিন <MONEY> ধামাকা অফার।ক্লিক <URL>
spam,1,১ জিবি জিতে নিন মাই রবি অ্যাপ রেফার করে। নতুন রেজিষ্ট্রেশন হলেই পেয়ে যাবেন ১ জিবি!! https://cut.ly/1OyInS,<NUMBER> জিবি জিতে নিন মাই রবি অ্যাপ রেফার করে। নতুন রেজিষ্ট্রেশন হলেই পেয়ে যাবেন <NUMBER> জিবি!! <URL>
spam,1,মাই রবি অ্যাপে ২৬জিবি+৮০০মিঃ ৩০দিন ৫৫০৳ ধামাকা অফার।ক্লিক cutt.ly/b550,মাই রবি অ্যাপে ২৬জিবি+৮০০মিঃ ৩০দিন <MONEY> ধামাকা অফার।ক্লিক <URL>
spam,1,শুধুমাত্র আজ রবি অ্যাপে অবিশ্বাস্য অফার!৪৫জিবি+৯০০মিঃ ৭০০৳ cutt.ly/cor,শুধুমাত্র আজ রবি অ্যাপে অবিশ্বাস্য অফার!৪৫জিবি+৯০০মিঃ <MONEY> <URL>
spam,1,আজ অ্যাপে সেরা অফার ৪০জিবি+৮০০মিঃ+৩২৳ ক্যাশব্যাক ৬৩০৳ cutt.ly/c630,আজ অ্যাপে সেরা অফার ৪০জিবি+৮০০মিঃ+ <MONEY> ক্যাশব্যাক <MONEY> <URL>
spam,1,[৩৫জিবি+৯০০মিঃ] রবি অ্যাপে আপনি ৩০জিবি+৭৫০মিঃ ৬০০৳ কিনুন cutt.ly/c600,[৩৫জিবি+৯০০মিঃ] রবি অ্যাপে আপনি ৩০জিবি+৭৫০মিঃ <MONEY> কিনুন <URL>
spam,1,স্বাধীনতার ৫০বছর পূর্তিতে রবি অ্যাপে ৪০জিবি+৮০০মিঃ ৬৩০৳ cutt.ly/c630,স্বাধীনতার ৫০বছর পূর্তিতে রবি অ্যাপে ৪০জিবি+৮০০মিঃ <MONEY> <URL>
spam,1,[৫জিবি+১৫০মিঃ] বোনাস।অ্যাপে আপনি ৩০জিবি+৭৫০মিঃ ৬০০৳ কিনুন cutt.ly/c600,[৫জিবি+১৫০মিঃ] বোনাস।অ্যাপে আপনি ৩০জিবি+৭৫০মিঃ <MONEY> কিনুন <URL>
spam,1,[১৫জিবি বোনাস] রবি অ্যাপে আপনি ১৫জিবি+৫০০মিঃ ৫০০৳ কিনুন cutt.ly/c500,[১৫জিবি বোনাস] রবি অ্যাপে আপনি ১৫জিবি+৫০০মিঃ <MONEY> কিনুন <URL>
spam,1,মাই রবি অ্যাপে ধামাকা অফার ২৬জিবি+৮০০মিঃ ৩০দিন ৫৫০৳।ক্লিক cutt.ly/b550,মাই রবি অ্যাপে ধামাকা অফার ২৬জিবি+৮০০মিঃ ৩০দিন <MONEY> ।ক্লিক <URL>
spam,1,অ্যাপে আজ দারুন অফার! ৪০জিবি+৮০০মিঃ+৩২৳ ক্যাশব্যাক ৬৩০৳ cutt.ly/c630,অ্যাপে আজ দারুন অফার! ৪০জিবি+৮০০মিঃ+ <MONEY> ক্যাশব্যাক <MONEY> <URL>
spam,1,আজ মাই রবি অ্যাপে ৮জিবি+২৫০মিঃ+১৫৳ ক্যাশব্যাক ৩০০৳।ক্লিক cutt.ly/cor,আজ মাই রবি অ্যাপে ৮জিবি+২৫০মিঃ+ <MONEY> ক্যাশব্যাক <MONEY> ।ক্লিক <URL>
spam,1,ছুটির দিনে অ্যাপে ৪০জিবি+৮০০মিঃ+৩২৳ ক্যাশব্যাক ৬৩০৳।ক্লিক cutt.ly/c630,ছুটির দিনে অ্যাপে ৪০জিবি+৮০০মিঃ+ <MONEY> ক্যাশব্যাক <MONEY> ।ক্লিক <URL>
spam,1,[৫জিবি+১৫০মিঃ] বোনাস।অ্যাপে আপনি ৩০জিবি+৭৫০মিঃ ৬০০৳ কিনুন cutt.ly/cor,[৫জিবি+১৫০মিঃ] বোনাস।অ্যাপে আপনি ৩০জিবি+৭৫০মিঃ <MONEY> কিনুন <URL>
spam,1,আজ ৪০জিবি+৮০০মিঃ+৩২৳ ক্যাশব্যাক ৬৩০৳ মাই রবি অ্যাপে।ক্লিক cutt.ly/c630,আজ ৪০জিবি+৮০০মিঃ+ <MONEY> ক্যাশব্যাক <MONEY> মাই রবি অ্যাপে।ক্লিক <URL>
spam,1,৫জিবি বোনাস সহ রবি অ্যাপে আপনি পাবেন ৪৫জিবি+৮০০মিঃ ৬৩০৳ cutt.ly/c630,৫জিবি বোনাস সহ রবি অ্যাপে আপনি পাবেন ৪৫জিবি+৮০০মিঃ <MONEY> <URL>
spam,1,কিনলেই লাভ!রবি অ্যাপে ৪০জিবি+৮০০মিঃ+৩২৳ ক্যাশব্যাক ৬৩০৳ cutt.ly/c630,কিনলেই লাভ!রবি অ্যাপে ৪০জিবি+৮০০মিঃ+ <MONEY> ক্যাশব্যাক <MONEY> <URL>
spam,1,অ্যাপে আজ সাইক্লোন অফারে ৩০জিবি ৩৪৯৳ রাত ১২টার আগেই কিনুন cutt.ly/inr,অ্যাপে আজ সাইক্লোন অফারে ৩০জিবি <MONEY> রাত ১২টার আগেই কিনুন <URL>
spam,1,রবি অ্যাপে ৫জিবি বোনাস সহ আপনি পাবেন ৪৫জিবি+৮০০মিঃ ৬৩০৳ cutt.ly/d35,রবি অ্যাপে ৫জিবি বোনাস সহ আপনি পাবেন ৪৫জিবি+৮০০মিঃ <MONEY> <URL>
spam,1,নতুন বছরের অফার মাই রবি অ্যাপে।২৫জিবি+৬০০মিঃ+২৭৳ ক্যাশব্যাক ৫৩০৳।ক্লিক cutt.ly/d530,নতুন বছরের অফার মাই রবি অ্যাপে।২৫জিবি+৬০০মিঃ+ <MONEY> ক্যাশব্যাক <MONEY> ।ক্লিক <URL>
spam,1,রবি অ্যাপে নতুন বছরের সেরা ধামাকা অফার।২৫জিবি+৬০০মিঃ+২৭৳ ক্যাশব্যাক ৫৩০৳।ক্লিক cutt.ly/d530,রবি অ্যাপে নতুন বছরের সেরা ধামাকা অফার।২৫জিবি+৬০০মিঃ+ <MONEY> ক্যাশব্যাক <MONEY> ।ক্লিক <URL>
spam,1,"নতুন অফার মাই রবি অ্যাপে, ২৭জিবি+৬৫০মিঃ+২৮৳ ক্যাশব্যাক ৫৫০৳।ক্লিক cutt.ly/b550","নতুন অফার মাই রবি অ্যাপে, ২৭জিবি+৬৫০মিঃ+ <MONEY> ক্যাশব্যাক <MONEY> ।ক্লিক <URL>"
spam,1,রবি অ্যাপে ১৫জিবি বোনাস সহ মোট ৫৫জিবি ৩০দিন ৬৪৯৳। ক্লিক cutt.ly/inr,রবি অ্যাপে ১৫জিবি বোনাস সহ মোট ৫৫জিবি ৩০দিন <MONEY> । ক্লিক <URL>
spam,1,ছুটির দিনে স্পেশাল অফার মাই রবি অ্যাপে ২৭জিবি+৬৫০মিঃ+২৮৳ ক্যাশব্যাক ৫৫০৳।ক্লিক cutt.ly/b550,ছুটির দিনে স্পেশাল অফার মাই রবি অ্যাপে ২৭জিবি+৬৫০মিঃ+ <MONEY> ক্যাশব্যাক <MONEY> ।ক্লিক <URL>
spam,1,মাই রবি অ্যাপে সেরা ধামাকা অফার।২৫জিবি+৬০০মিঃ+২৭৳ ক্যাশব্যাক ৫৩০৳।ক্লিক cutt.ly/d530,মাই রবি অ্যাপে সেরা ধামাকা অফার।২৫জিবি+৬০০মিঃ+ <MONEY> ক্যাশব্যাক <MONEY> ।ক্লিক <URL>
spam,1,ছুটির দিনে স্পেশাল অফার মাই রবি অ্যাপে।৪০জিবি+৮০০মিঃ+৩২৳ ক্যাশব্যাক ৩০দিন ৬৩০৳।ক্লিক cutt.ly/c630,ছুটির দিনে স্পেশাল অফার মাই রবি অ্যাপে।৪০জিবি+৮০০মিঃ+ <MONEY> ক্যাশব্যাক ৩০দিন <MONEY> ।ক্লিক <URL>
spam,1,মাই রবি অ্যাপে ৪০জিবি+৮০০মিঃ+৩২৳ ক্যাশব্যাক ৩০দিন ৬৩০৳।ক্লিক cutt.ly/c630,মাই রবি অ্যাপে ৪০জিবি+৮০০মিঃ+ <MONEY> ক্যাশব্যাক ৩০দিন <MONEY> ।ক্লিক <URL>
spam,1,ছুটির দিনে স্পেশাল অফার মাই রবি অ্যাপে!৪০জিবি+৮০০মিঃ+৩২৳ ক্যাশব্যাক ৩০দিন ৬৩০৳।ক্লিক cutt.ly/c630,ছুটির দিনে স্পেশাল অফার মাই রবি অ্যাপে!৪০জিবি+৮০০মিঃ+ <MONEY> ক্যাশব্যাক ৩০দিন <MONEY> ।ক্লিক <URL>
spam,1,নিশ্চিন্তে সারামাস। মাই রবি অ্যাপে ২৫জিবি+৬০০মিঃ+২৭৳ ক্যাশব্যাক ৫৩০৳।ক্লিক cutt.ly/d530,নিশ্চিন্তে সারামাস। মাই রবি অ্যাপে ২৫জিবি+৬০০মিঃ+ <MONEY> ক্যাশব্যাক <MONEY> ।ক্লিক <URL>
spam,1,সারামাস কাটুক নিশ্চিন্তে।মাই রবি অ্যাপে ৪০জিবি+৮০০মিঃ+৩২৳ ক্যাশব্যাক ৩০দিন ৬৩০৳।ক্লিক cutt.ly/c630,সারামাস কাটুক নিশ্চিন্তে।মাই রবি অ্যাপে ৪০জিবি+৮০০মিঃ+ <MONEY> ক্যাশব্যাক ৩০দিন <MONEY> ।ক্লিক <URL>
spam,1,মাই রবি অ্যাপে ৪০জিবি+৮০০মিঃ+৩২৳ ক্যাশব্যাক ৩০দিন ৬৩০৳।ক্লিক cutt.ly/cor,মাই রবি অ্যাপে ৪০জিবি+৮০০মিঃ+ <MONEY> ক্যাশব্যাক ৩০দিন <MONEY> ।ক্লিক <URL>
spam,1,রবি অ্যাপে ১০জিবি বোনাস সহ মোট ৫০জিবি ৩০দিন ৬৪৯৳। ক্লিক cutt.ly/inr,রবি অ্যাপে ১০জিবি বোনাস সহ মোট ৫০জিবি ৩০দিন <MONEY> । ক্লিক <URL>
spam,1,শুধুমাত্র মাই রবি অ্যাপে নতুন বছরের অফার![২৫জিবি+৬০০মিঃ+২৭৳ ক্যাশব্যাক] ৫৩০৳।ক্লিক cutt.ly/d530,শুধুমাত্র মাই রবি অ্যাপে নতুন বছরের অফার![২৫জিবি+৬০০মিঃ+ <MONEY> ক্যাশব্যাক] <MONEY> ।ক্লিক <URL>
spam,1,মাই রবি অ্যাপে ৩০জিবি 4G+২৫৳ ক্যাশব্যাক ৩০দিন ৫০০৳।ক্লিক cutt.ly/d500,মাই রবি অ্যাপে ৩০জিবি 4G+ <MONEY> ক্যাশব্যাক ৩০দিন <MONEY> ।ক্লিক <URL>
spam,1,রবি অ্যাপে নতুন বছরের সেরা ধামাকা অফার।[আজ ৫জিবি+৫০মিঃ বোনাস] ৩৫জিবি+৮০০মিঃ+৩০৳ ক্যাশব্যাক ৬০০৳।ক্লিক cutt.ly/c600,রবি অ্যাপে নতুন বছরের সেরা ধামাকা অফার।[আজ ৫জিবি+৫০মিঃ বোনাস] ৩৫জিবি+৮০০মিঃ+ <MONEY> ক্যাশব্যাক <MONEY> ।ক্লিক <URL>
spam,1,৪০জিবি+৮০০মিঃ+৩২৳ ক্যাশব্যাক ৩০দিন ৬৩০৳ মাই রবি অ্যাপে cutt.ly/c630,৪০জিবি+৮০০মিঃ+ <MONEY> ক্যাশব্যাক ৩০দিন <MONEY> মাই রবি অ্যাপে <URL>
spam,1,মাই রবি অ্যাপে ২৭জিবি+৬৫০মিঃ+২৮৳ ক্যাশব্যাক ৫৫০৳।ক্লিক cutt.ly/b550,মাই রবি অ্যাপে ২৭জিবি+৬৫০মিঃ+ <MONEY> ক্যাশব্যাক <MONEY> ।ক্লিক <URL>
spam,1,মাই রবি অ্যাপে ৪০জিবি+৮০০মিঃ+৩২৳ ক্যাশব্যাক ৩০দিন ৬৩০৳ cutt.ly/c630,মাই রবি অ্যাপে ৪০জিবি+৮০০মিঃ+ <MONEY> ক্যাশব্যাক ৩০দিন <MONEY> <URL>
spam,1,অ্যাপে ৪০জিবি+৮০০মিঃ+৩২৳ ক্যাশব্যাক ৬৩০৳ দুর্দান্ত অফার cutt.ly/c630,অ্যাপে ৪০জিবি+৮০০মিঃ+ <MONEY> ক্যাশব্যাক <MONEY> দুর্দান্ত অফার <URL>
spam,1,অ্যাপে দুর্দান্ত অফার ৪০জিবি+৮০০মিঃ+৩২৳ ক্যাশব্যাক ৬৩০৳ cutt.ly/c630,অ্যাপে দুর্দান্ত অফার ৪০জিবি+৮০০মিঃ+ <MONEY> ক্যাশব্যাক <MONEY> <URL>
spam,1,মাতৃভাষা দিবসে অ্যাপে ৪০জিবি+৮০০মিঃ+৩২৳ ক্যাশব্যাক ৬৩০৳ cutt.ly/c630,মাতৃভাষা দিবসে অ্যাপে ৪০জিবি+৮০০মিঃ+ <MONEY> ক্যাশব্যাক <MONEY> <URL>
spam,1,অ্যাপে দুর্দান্ত অফার! ৪০জিবি+৮০০মিঃ+৩২৳ ক্যাশব্যাক ৬৩০৳ cutt.ly/c630,অ্যাপে দুর্দান্ত অফার! ৪০জিবি+৮০০মিঃ+ <MONEY> ক্যাশব্যাক <MONEY> <URL>
spam,1,৪০জিবি+৮০০মিঃ+৩২৳ ক্যাশব্যাক ৬৩০৳ মাই রবি অ্যাপে।ক্লিক cutt.ly/c630,৪০জিবি+৮০০মিঃ+ <MONEY> ক্যাশব্যাক <MONEY> মাই রবি অ্যাপে।ক্লিক <URL>
spam,1,রবি অ্যাপে ফাল্গুন অফার ৪০জিবি+৮০০মিঃ+৩২৳ ক্যাশব্যাক ৬৩০৳ cutt.ly/c630,রবি অ্যাপে ফাল্গুন অফার ৪০জিবি+৮০০মিঃ+ <MONEY> ক্যাশব্যাক <MONEY> <URL>
spam,1,আজ রবি অ্যাপে ৪০জিবি+৮০০মিঃ+৩২৳ ক্যাশব্যাক ৩০দিন ৬৩০৳ cutt.ly/c630,আজ রবি অ্যাপে ৪০জিবি+৮০০মিঃ+ <MONEY> ক্যাশব্যাক ৩০দিন <MONEY> <URL>
spam,1,ট৪১: ১.৪GB ৩দিন! ট৭৫: ২.১GB ৭দিন! রবিMyPlan-এ! cutt.ly/myplan,ট৪১: <NUMBER> .৪GB ৩দিন! ট৭৫: <NUMBER> .১GB ৭দিন! রবিMyPlan-এ! <URL>
spam,1,সারামাস কাটুক নিশ্চিন্তে।রবি অ্যাপে ৪০জিবি+৮০০মিঃ+৩২৳ ক্যাশব্যাক ৩০দিন ৬৩০৳।ক্লিক cutt.ly/c630,সারামাস কাটুক নিশ্চিন্তে।রবি অ্যাপে ৪০জিবি+৮০০মিঃ+ <MONEY> ক্যাশব্যাক ৩০দিন <MONEY> ।ক্লিক <URL>
spam,1,রবি অ্যাপের সাথে মেতে উঠুন সেরা ইন্টারনেট উৎসবে। ২৫জিবি+৬০০মিঃ+২৭৳ ক্যাশব্যাক ৫৩০৳।ক্লিক cutt.ly/d530,রবি অ্যাপের সাথে মেতে উঠুন সেরা ইন্টারনেট উৎসবে। ২৫জিবি+৬০০মিঃ+ <MONEY> ক্যাশব্যাক <MONEY> ।ক্লিক <URL>
spam,1,মাই রবি অ্যাপে আজ ৫জিবি বোনাস সহ ২৫জিবি+৬০০মিঃ+২৭৳ ক্যাশব্যাক ৫৩০৳।কিনতে ক্লিক cutt.ly/d530,মাই রবি অ্যাপে আজ ৫জিবি বোনাস সহ ২৫জিবি+৬০০মিঃ+ <MONEY> ক্যাশব্যাক <MONEY> ।কিনতে ক্লিক <URL>
spam,1,রবি অ্যাপে বছরের শেষ ধামাকা অফার।[আজ ১০জিবি ৫০মিঃ বোনাস] ৩৫জিবি+৮০০মিঃ+৩০৳ ক্যাশব্যাক ৬০০৳। কিনতে ক্লিক cutt.ly/c600,রবি অ্যাপে বছরের শেষ ধামাকা অফার।[আজ ১০জিবি ৫০মিঃ বোনাস] ৩৫জিবি+৮০০মিঃ+ <MONEY> ক্যাশব্যাক <MONEY> । কিনতে ক্লিক <URL>
spam,1,রবি অ্যাপে ধামাকা অফার। [আজ ১০জিবি ৫০মিঃ বোনাস] ৩৫জিবি+৮০০মিঃ+৩০৳ ক্যাশব্যাক ৬০০৳। কিনতে ক্লিক cutt.ly/c600,রবি অ্যাপে ধামাকা অফার। [আজ ১০জিবি ৫০মিঃ বোনাস] ৩৫জিবি+৮০০মিঃ+ <MONEY> ক্যাশব্যাক <MONEY> । কিনতে ক্লিক <URL>
spam,1,রবি অ্যাপে ইন্টারনেট উৎসব।২৫জিবি+৬০০মিঃ+২৭৳ ক্যাশব্যাক ৫৩০৳।ক্লিক cutt.ly/d530,রবি অ্যাপে ইন্টারনেট উৎসব।২৫জিবি+৬০০মিঃ+ <MONEY> ক্যাশব্যাক <MONEY> ।ক্লিক <URL>
spam,1,বিজয়ের উল্লাসে মেতে উঠুন মাই রবি অ্যাপে।২৫জিবি+৬০০মিঃ+২৭৳ ক্যাশব্যাক ৫৩০৳।ক্লিক cutt.ly/d530,বিজয়ের উল্লাসে মেতে উঠুন মাই রবি অ্যাপে।২৫জিবি+৬০০মিঃ+ <MONEY> ক্যাশব্যাক <MONEY> ।ক্লিক <URL>
spam,1,জাস্ট একটা ট্যাপে Appsolute Celebration শুরু মাই রবি অ্যাপে [২৫জিবি+৬০০মিঃ+২৭৳ ক্যাশব্যাক] ৫৩০৳।ক্লিক cutt.ly/d530,জাস্ট একটা ট্যাপে Appsolute Celebration শুরু মাই রবি অ্যাপে [২৫জিবি+৬০০মিঃ+ <MONEY> ক্যাশব্যাক] <MONEY> ।ক্লিক <URL>
spam,1,জাস্ট একটা ট্যাপে Appsolute Celebration শুরু মাই রবি অ্যাপে।[আজ ১০জিবি ৫০মিঃ বোনাস] ৩৫জিবি+৮০০মিঃ+৩০৳ ক্যাশব্যাক ৬০০৳। কিনতে ক্লিক cutt.ly/c600,জাস্ট একটা ট্যাপে Appsolute Celebration শুরু মাই রবি অ্যাপে।[আজ ১০জিবি ৫০মিঃ বোনাস] ৩৫জিবি+৮০০মিঃ+ <MONEY> ক্যাশব্যাক <MONEY> । কিনতে ক্লিক <URL>
spam,1,ছুটির দিনে রবি অ্যাপে ৩২৳ ক্যাশব্যাক+৪০জিবি+৮০০মিঃ ৬৩০৳ cutt.ly/c630,ছুটির দিনে রবি অ্যাপে <MONEY> ক্যাশব্যাক+৪০জিবি+৮০০মিঃ <MONEY> <URL>
spam,1,আজ রবি অ্যাপে ৩২৳ ক্যাশব্যাক সহ ৪০জিবি+৮০০মিঃ ৬৩০৳।ক্লিক cutt.ly/c630,আজ রবি অ্যাপে <MONEY> ক্যাশব্যাক সহ ৪০জিবি+৮০০মিঃ <MONEY> ।ক্লিক <URL>
spam,1,৩২৳ ক্যাশব্যাক সহ আজ রবি অ্যাপে ৪০জিবি+৮০০মিঃ ৬৩০৳।ক্লিক cutt.ly/c630,<MONEY> ক্যাশব্যাক সহ আজ রবি অ্যাপে ৪০জিবি+৮০০মিঃ <MONEY> ।ক্লিক <URL>
spam,1,অ্যাপে লকডাউনের আগেই সেরা অফার কিনুন ৪০জিবি+৮০০মিঃ ৬৩০৳ cutt.ly/c630,অ্যাপে লকডাউনের আগেই সেরা অফার কিনুন ৪০জিবি+৮০০মিঃ <MONEY> <URL>
spam,1,রবি অ্যাপে ৩০জিবি+৮০০মিঃ ৩০দিন ৫৫০৳ ধামাকা অফার।ক্লিক cutt.ly/cor,রবি অ্যাপে ৩০জিবি+৮০০মিঃ ৩০দিন <MONEY> ধামাকা অফার।ক্লিক <URL>
spam,1,রবি অ্যাপে [৩০জিবি+৮০০মিঃ] ৩০দিন ৫৫০৳ ধামাকা অফার।ক্লিক cutt.ly/cor,রবি অ্যাপে [৩০জিবি+৮০০মিঃ] ৩০দিন <MONEY> ধামাকা অফার।ক্লিক <URL>
spam,1,আজ রবি অ্যাপে ৩০জিবি+৮০০মিঃ ৩০দিন ৫৫০৳ ধামাকা অফার।ক্লিক cutt.ly/cor,আজ রবি অ্যাপে ৩০জিবি+৮০০মিঃ ৩০দিন <MONEY> ধামাকা অফার।ক্লিক <URL>
spam,1,ধামাকা অফার রবি অ্যাপে! ৩০জিবি+৮০০মিঃ ৩০দিন ৫৫০৳।ক্লিক cutt.ly/cor,ধামাকা অফার রবি অ্যাপে! ৩০জিবি+৮০০মিঃ ৩০দিন <MONEY> ।ক্লিক <URL>
spam,1,"রবি অ্যাপে বিকাশ, কার্ড পেমেন্টে ৩০জিবি+৮০০মিঃ ৫৫০৳।ক্লিক cutt.ly/inr","রবি অ্যাপে বিকাশ, কার্ড পেমেন্টে ৩০জিবি+৮০০মিঃ <MONEY> ।ক্লিক <URL>"
spam,1,লকডাউনের আগেই রবি অ্যাপে কিনুন ৩০জিবি+৮০০মিঃ ৫৫০৳।ক্লিক cutt.ly/inr,লকডাউনের আগেই রবি অ্যাপে কিনুন ৩০জিবি+৮০০মিঃ <MONEY> ।ক্লিক <URL>
spam,1,"আজ আস্থা দিয়ে বিকাশ-এ ৳৪,৫০০ পাঠিয়ে নিন ৳১০০ কুপন! tinyurl.com/BBLBFO",আজ আস্থা দিয়ে বিকাশ-এ <MONEY> পাঠিয়ে নিন <MONEY> কুপন! <URL>
spam,1,"২ মাস Chorki ফ্রি! আস্থায় ৳৬,০০০ ওয়ালেট ট্রান্সফারে tinyurl.com/BBLAW2",<NUMBER> মাস Chorki ফ্রি! আস্থায় <MONEY> ওয়ালেট ট্রান্সফারে <URL>
spam,1,"ব্র্যাক ব্যাংক ক্রেডিট কার্ডের মাধ্যমে ৫,০০০ টাকার কেনাকাটায় ১,০০০ বোনাস রিওয়ার্ড পয়েন্ট| বিস্তারিত- tinyurl.com/BBLSep3",ব্র্যাক ব্যাংক ক্রেডিট কার্ডের মাধ্যমে <MONEY> র কেনাকাটায় <NUMBER> বোনাস রিওয়ার্ড পয়েন্ট| বিস্তারিত- <URL>
spam,1,"টাকা পাঠান কম খরচে! বিকাশ থেকে ব্র্যাক ব্যাংক একাউন্টে টাকা পাঠান, হাজারে মাত্র ১০ টাকা খরচে। বিস্তারিত: tinyurl.com/Bblbks2","টাকা পাঠান কম খরচে! বিকাশ থেকে ব্র্যাক ব্যাংক একাউন্টে টাকা পাঠান, হাজারে মাত্র <MONEY> খরচে। বিস্তারিত: <URL>"
spam,1,আস্থায় তিন ক্লিকে ক্রেডিট কার্ডের বিল পেমেন্ট করুন tinyurl.com/BBLCCB,আস্থায় তিন ক্লিকে ক্রেডিট কার্ডের বিল পেমেন্ট করুন <URL>
spam,1,"২ মাস Chorki ফ্রি! ঠিক ৳৫০,০০০ A/C টু A/C পাঠানোতে tinyurl.com/WoW-09",<NUMBER> মাস Chorki ফ্রি! ঠিক <MONEY> A/C টু A/C পাঠানোতে <URL>
spam,1,রবি ও এয়ারটেলে চার্জ ফ্রি রিচার্জ আস্থা অ্যাপে tinyurl.com/asthadnld,রবি ও এয়ারটেলে চার্জ ফ্রি রিচার্জ আস্থা অ্যাপে <URL>
spam,1,আস্থা অ্যাপে ব্যাংকিং চালু রাখতে https://onelink.to/bgqm6h লিংকে ক্লিক করে আপডেট করে লগইন করুন।,আস্থা অ্যাপে ব্যাংকিং চালু রাখতে <URL> লিংকে ক্লিক করে আপডেট করে লগইন করুন।
spam,1,রবি ও এয়ারটেলে মোবাইল রিচার্জ করুন আস্থা অ্যাপে tinyurl.com/asthadnld,রবি ও এয়ারটেলে মোবাইল রিচার্জ করুন আস্থা অ্যাপে <URL>
spam,1,বিকাশ টু ব্র্যাক ব্যাংক টাকা পাঠান হাজারে ৳১০ খরচে। tinyurl.com/bblbaf,বিকাশ টু ব্র্যাক ব্যাংক টাকা পাঠান হাজারে <MONEY> খরচে। <URL>
spam,1,বিকাশে টাকা পাঠান ব্র্যাক ব্যাংক আস্থা অ্যাপ থেকে tinyurl.com/BBLAW1,বিকাশে টাকা পাঠান ব্র্যাক ব্যাংক আস্থা অ্যাপ থেকে <URL>
spam,1,আস্থায় ডাবল বোনাস অফার! ২ জিবি ও ১ বছর Chorki ফ্রি! tinyurl.com/bblabd,আস্থায় ডাবল বোনাস অফার! <NUMBER> জিবি ও <NUMBER> বছর Chorki ফ্রি! <URL>
spam,1,"বিকাশ-এ ৫০০ টাকা ক্যাশব্যাক! আস্থা অ্যাপ থেকে বিকাশ-এ ৬,৫০০+ টাকা পাঠালেই প্রতিঘন্টায় ১ম ৫ জনের জন্য। বিস্তারিত: tinyurl.com/BKBBL01",বিকাশ-এ <MONEY> ক্যাশব্যাক! আস্থা অ্যাপ থেকে বিকাশ-এ <NUMBER> + টাকা পাঠালেই প্রতিঘন্টায় ১ম <NUMBER> জনের জন্য। বিস্তারিত: <URL>
spam,1,আস্থা অ্যাপে FD বা DPS খুলুন খুব সহজেই https://tinyurl.com/BBLFDO,আস্থা অ্যাপে FD বা DPS খুলুন খুব সহজেই <URL>
spam,1,"[BRAC Bank] টাকা পাঠান কম খরচে! বিকাশ থেকে ব্র্যাক ব্যাংক একাউন্টে টাকা পাঠান, হাজারে মাত্র ১০ টাকা খরচে। বিস্তারিত:tinyurl.com/Bblbks2","[BRAC Bank] টাকা পাঠান কম খরচে! বিকাশ থেকে ব্র্যাক ব্যাংক একাউন্টে টাকা পাঠান, হাজারে মাত্র <MONEY> খরচে। বিস্তারিত: <URL>"
spam,1,We have experienced a system problem and are unable to provide some banking services now. Our ATMs are operational. We expect to have our systems up &amp; running shortly. We will keep you updated. We apologise for the inconvenience. Thank you for your patience &amp; understanding.,We have experienced a system problem and are unable to provide some banking services now. Our ATMs are operational. We expect to have our systems up &amp; running shortly. We will keep you updated. We apologise for the inconvenience. Thank you for your patience &amp; understanding.
spam,1,ব্রেস্ট ক্যান্সার সচেতনতা মাসে তারা কার্ড দিয়ে স্বনামধন্য হাসপাতালে হেলথ চেকআপে পাচ্ছেন ডিসকাউন্ট। tinyurl.com/BBLCAM,ব্রেস্ট ক্যান্সার সচেতনতা মাসে তারা কার্ড দিয়ে স্বনামধন্য হাসপাতালে হেলথ চেকআপে পাচ্ছেন ডিসকাউন্ট। <URL>
spam,1,ব্রেস্ট ক্যান্সার চেকআপে TARA কার্ডে বিশেষ ছাড়। tinyurl.com/bblbaw,ব্রেস্ট ক্যান্সার চেকআপে TARA কার্ডে বিশেষ ছাড়। <URL>
spam,1,হাজারে মাত্র ৳১০ খরচে বিকাশ থেকে ব্র্যাক ব্যাংক অ্যাকাউন্টে টাকা পাঠান,হাজারে মাত্র <MONEY> খরচে বিকাশ থেকে ব্র্যাক ব্যাংক অ্যাকাউন্টে টাকা পাঠান
spam,1,"আজ আস্থা দিয়ে বিকাশ-এ ৳৪,৫০০ পাঠিয়ে নিন ৳১০০ কুপন! tinyurl.com/BkF1122",আজ আস্থা দিয়ে বিকাশ-এ <MONEY> পাঠিয়ে নিন <MONEY> কুপন! <URL>
spam,1,বিশ্বকাপে ব্রাজিলের খেলা দেখুন আস্থায় লগইন করে tinyurl.com/BBLBW1,বিশ্বকাপে ব্রাজিলের খেলা দেখুন আস্থায় লগইন করে <URL>
spam,1,ঝামেলা ছাড়াই আস্থা অ্যাপে FD/DPS খুলুন মুহূর্তেই! tinyurl.com/bblasd,ঝামেলা ছাড়াই আস্থা অ্যাপে FD/DPS খুলুন মুহূর্তেই! <URL>
spam,1,International online transaction up to $300 is auto-enabled for your BBL Credit Card. Ensure proper endorsement for seamless transaction. To disable dial 16221.,International online transaction up to <MONEY> is auto-enabled for your BBL Credit Card. Ensure proper endorsement for seamless transaction. To disable dial <PHONE> .
spam,1,বিশ্বকাপে আর্জেন্টিনার খেলা দেখুন আস্থায় লগইন করে tinyurl.com/BBLAS1,বিশ্বকাপে আর্জেন্টিনার খেলা দেখুন আস্থায় লগইন করে <URL>
spam,1,ফুটবল বিশ্বকাপ লাইভ দেখতে আস্থা অ্যাপে লগইন করুন tinyurl.com/BBLAT4,ফুটবল বিশ্বকাপ লাইভ দেখতে আস্থা অ্যাপে লগইন করুন <URL>
spam,1,Welcome to BRAC Bank stall at Chattogram Rehab Fair (18-21 Nov &apos;21). Allow us to help you book your dream home with attractive home loan facilities.,Welcome to BRAC Bank stall at Chattogram Rehab Fair ( <NUMBER> - <NUMBER> Nov &apos; <NUMBER> ). Allow us to help you book your dream home with attractive home loan facilities.
spam,1,"প্রিয় গ্রাহক, ব্র্যাক ব্যাংক ATM থেকে ডেবিট কার্ড দিয়ে সহজেই ফান্ড ট্র্যান্সফার করুন অন্যান্য ব্যাংকে I বিস্তারিতঃ tinyurl.com/FTATM1","প্রিয় গ্রাহক, ব্র্যাক ব্যাংক ATM থেকে ডেবিট কার্ড দিয়ে সহজেই ফান্ড ট্র্যান্সফার করুন অন্যান্য ব্যাংকে I বিস্তারিতঃ <URL>"
spam,1,DARAZ বার্থ-ডে কোড HBDBRP7zmqre ব্যবহার করে ব্র্যাক ব্যাংক ক্রেডিট কার্ডে পাবেন ২০০০ টাকা ছাড়। tinyurl.com/DBVPJ22,DARAZ বার্থ-ডে কোড HBDBRP7zmqre ব্যবহার করে ব্র্যাক ব্যাংক ক্রেডিট কার্ডে পাবেন <MONEY> ছাড়। <URL>
spam,1,চার্জ ফ্রি বিদ্যুৎ ও পানির বিল দিন এখন ব্র্যাক ব্যাংক আস্থা অ্যাপ দিয়ে tinyurl.com/asthadnld,চার্জ ফ্রি বিদ্যুৎ ও পানির বিল দিন এখন ব্র্যাক ব্যাংক আস্থা অ্যাপ দিয়ে <URL>
spam,1,শুক্র-শনিসহ সপ্তাহে ৭ দিন ব্যাংকিং এখন আস্থা অ্যাপে tinyurl.com/BBLAWB,শুক্র-শনিসহ সপ্তাহে <NUMBER> দিন ব্যাংকিং এখন আস্থা অ্যাপে <URL>
spam,1,"চার্জ-ফ্রি ইন্টারনেটে হবে চার্জ-ফ্রি ব্যাংকিং। এখন Zero MB-তে ব্র্যাক ব্যাংক আস্থা অ্যাপ ব্যবহার করুন গ্রামীণফোন, রবি ও এয়ারটেল নেটওয়ার্কে tinyurl.com/BBLRFI","চার্জ-ফ্রি ইন্টারনেটে হবে চার্জ-ফ্রি ব্যাংকিং। এখন Zero MB-তে ব্র্যাক ব্যাংক আস্থা অ্যাপ ব্যবহার করুন গ্রামীণফোন, রবি ও এয়ারটেল নেটওয়ার্কে <URL>"
spam,1,আস্থা অ্যাপে দিনে সর্বোচ্চ ৫০ হাজার টাকা পাঠান বিকাশ ওয়ালেটে,আস্থা অ্যাপে দিনে সর্বোচ্চ <NUMBER> হাজার টাকা পাঠান বিকাশ ওয়ালেটে
spam,1,বিকাশে টাকা পাঠান ব্র্যাক ব্যাংক আস্থা অ্যাপ থেকে tinyurl.com/BRC207,বিকাশে টাকা পাঠান ব্র্যাক ব্যাংক আস্থা অ্যাপ থেকে <URL>
spam,1,Six Seasons-এ ব্র্যাক ব্যাংক ক্রেডিট কার্ডে B1G3 লাঞ্চ/ডিনার। https://tinyurl.com/SixseasonsBrac,Six Seasons-এ ব্র্যাক ব্যাংক ক্রেডিট কার্ডে B1G3 লাঞ্চ/ডিনার। <URL>
spam,1,"Your debit card reward points earned before 7 Jun 2020 will expire on 30 June 2021. Please, redeem your reward points by calling 16221. Details: bit.ly/3yHGSfZ","Your debit card reward points earned before <NUMBER> Jun <NUMBER> will expire on <NUMBER> June <NUMBER> . Please, redeem your reward points by calling <PHONE> . Details: <URL>"
spam,1,NOVOAIR-এ ব্র্যাক ব্যাংক কার্ডে ১০% ছাড়। tinyurl.com/BRC159,NOVOAIR-এ ব্র্যাক ব্যাংক কার্ডে <NUMBER> % ছাড়। <URL>
spam,1,ইন্টারন্যাশনাল পেমেন্ট ও দেশের বাইরে ATM থেকে ক্যাশ তোলার সুযোগ পাবেন ব্র্যাক ব্যাংক মাল্টি-কারেন্সি ডেবিট কার্ডে। কার্ডটি ‘একদম ফ্রি’ পেতে ফোন করুন 16221 নম্বরে - ৩০ জুন’২২ এর মধ্যে। tinyurl.com/BRC209,ইন্টারন্যাশনাল পেমেন্ট ও দেশের বাইরে ATM থেকে ক্যাশ তোলার সুযোগ পাবেন ব্র্যাক ব্যাংক মাল্টি-কারেন্সি ডেবিট কার্ডে। কার্ডটি ‘একদম ফ্রি’ পেতে ফোন করুন <PHONE> নম্বরে - <NUMBER> জুন’ <NUMBER> এর মধ্যে। <URL>
spam,1,NOVOAIR-এ ব্র্যাক ব্যাংক কার্ডে ১০% ছাড়! tinyurl.com/BRC159,NOVOAIR-এ ব্র্যাক ব্যাংক কার্ডে <NUMBER> % ছাড়! <URL>
spam,1,"প্রিয় গ্রাহক, সেবার মানোন্নয়নের জন্য ২০ মে রাত ১২টা (শুক্রবার) থেকে বিকেল ৩টা পর্যন্ত ব্র্যাক ব্যাংক কার্ডের অধিকাংশ সেবা বন্ধ থাকবে। সাময়িক অসুবিধার জন্য আমরা দুঃখিত। বিস্তারিত: tinyurl.com/BBLDNTM","প্রিয় গ্রাহক, সেবার মানোন্নয়নের জন্য <NUMBER> মে রাত ১২টা (শুক্রবার) থেকে বিকেল ৩টা পর্যন্ত ব্র্যাক ব্যাংক কার্ডের অধিকাংশ সেবা বন্ধ থাকবে। সাময়িক অসুবিধার জন্য আমরা দুঃখিত। বিস্তারিত: <URL>"
spam,1,"ব্র্যাক ব্যাংক ক্রেডিট কার্ডের মাধ্যমে ১,০০০ টাকার কেনাকাটায় ১,০০০ বোনাস রিওয়ার্ড পয়েন্ট। বিস্তারিত: tinyurl.com/BBLCM1K",ব্র্যাক ব্যাংক ক্রেডিট কার্ডের মাধ্যমে <MONEY> র কেনাকাটায় <NUMBER> বোনাস রিওয়ার্ড পয়েন্ট। বিস্তারিত: <URL>
spam,1,ফ্রিতে টাকা পাঠান আস্থা অ্যাপ থেকে যেকোন ব্যাংকে tinyurl.com/BRC202,ফ্রিতে টাকা পাঠান আস্থা অ্যাপ থেকে যেকোন ব্যাংকে <URL>
spam,1,আস্থায় দিনে সর্বোচ্চ ৫০ হাজার টাকা পাঠান বিকাশ ওয়ালেটে একদম চার্জ-ফ্রি,আস্থায় দিনে সর্বোচ্চ <NUMBER> হাজার টাকা পাঠান বিকাশ ওয়ালেটে একদম চার্জ-ফ্রি
spam,1,দিনে সর্বোচ্চ ৫০ হাজার টাকা পাঠান আস্থা থেকে বিকাশ ওয়ালেটে,দিনে সর্বোচ্চ <NUMBER> হাজার টাকা পাঠান আস্থা থেকে বিকাশ ওয়ালেটে
spam,1,ব্র্যাক ব্যাংক ক্রেডিট কার্ড দিয়ে gozayaan.com এ হোটেল বুকিং এবং এয়ার টিকেটে অতিরিক্ত ৫০০ টাকা ছাড়! বিস্তারিত: tinyurl.com/BBLgozayaan,ব্র্যাক ব্যাংক ক্রেডিট কার্ড দিয়ে <URL> এ হোটেল বুকিং এবং এয়ার টিকেটে অতিরিক্ত <MONEY> ছাড়! বিস্তারিত: <URL>
spam,1,যেকোনো রবি ও এয়ারটেল নম্বরে ইনস্ট্যান্ট রিচার্জ করুন ব্র্যাক ব্যাংক আস্থা অ্যাপ দিয়ে। বিস্তারিতঃ tinyurl.com/asthadnld,যেকোনো রবি ও এয়ারটেল নম্বরে ইনস্ট্যান্ট রিচার্জ করুন ব্র্যাক ব্যাংক আস্থা অ্যাপ দিয়ে। বিস্তারিতঃ <URL>
spam,1,প্রযুক্তি ও উদ্ভাবনেই হোক জেন্ডার বৈষম্য নিরসন। নারী দিবসের শুভেচ্ছা।,প্রযুক্তি ও উদ্ভাবনেই হোক জেন্ডার বৈষম্য নিরসন। নারী দিবসের শুভেচ্ছা।
spam,1,নারী দিবসে TARA ডেবিট কার্ডে কেনাকাটায় ৮ গুণ  রিওয়ার্ড পয়েন্টস। T&amp;C applied. Details: tinyurl.com/bbltwd23,নারী দিবসে TARA ডেবিট কার্ডে কেনাকাটায় <NUMBER> গুণ রিওয়ার্ড পয়েন্টস। T&amp;C applied. Details: <URL>
spam,1,৮ জিবি ফ্রি! আস্থায় ফিরে এসে ট্রানজ্যাকশন করলেই tinyurl.com/bblawnb,<NUMBER> জিবি ফ্রি! আস্থায় ফিরে এসে ট্রানজ্যাকশন করলেই <URL>
spam,1,প্রিয় তারা: নারী দিবসে (৮ই মার্চ) TARA কার্ড দিয়ে সব কেনাকাটায় পাচ্ছেন 8x রিওয়ার্ড পয়েন্টস। tinyurl.com/BBLWD22,প্রিয় তারা: নারী দিবসে (৮ই মার্চ) TARA কার্ড দিয়ে সব কেনাকাটায় পাচ্ছেন 8x রিওয়ার্ড পয়েন্টস। <URL>
spam,1,টাকা পাঠান কম খরচে। এখন বিকাশ থেকে ব্র্যাক ব্যাংক অ্যাকাউন্টে খরচ হাজারে মাত্র ১০ টাকা। বিস্তারিতঃ tinyurl.com/BRC204,টাকা পাঠান কম খরচে। এখন বিকাশ থেকে ব্র্যাক ব্যাংক অ্যাকাউন্টে খরচ হাজারে মাত্র <MONEY> । বিস্তারিতঃ <URL>
spam,1,৭-৯ মার্চ ব্র্যাক ব্যাংক TARA কার্ডে উপভোগ করুন ৩ দিনের ফ্রি Chorki সাবস্ক্রিপশন। https://www.chorki.com/redeem Code CKTA-ECBKI04,<NUMBER> - <NUMBER> মার্চ ব্র্যাক ব্যাংক TARA কার্ডে উপভোগ করুন <NUMBER> দিনের ফ্রি Chorki সাবস্ক্রিপশন। <URL> Code CKTA-ECBKI04
spam,1,"৬-৮ মার্চ পর্যন্ত আড়ং, স্বপ্ন, শেফস্‌ টেবিলে TARA ডেবিট কার্ডে ৮% ক্যাশব্যাক। T&amp;C applied. Details: tinyurl.com/bbltwd23","<NUMBER> - <NUMBER> মার্চ পর্যন্ত আড়ং, স্বপ্ন, শেফস্‌ টেবিলে TARA ডেবিট কার্ডে <NUMBER> % ক্যাশব্যাক। T&amp;C applied. Details: <URL>"
spam,1,বিকাশে টাকা পাঠাতে চান? ব্র্যাক ব্যাংক আস্থা অ্যাপ ব্যবহার করুন। বিস্তারিতঃ tinyurl.com/asthadnld,বিকাশে টাকা পাঠাতে চান? ব্র্যাক ব্যাংক আস্থা অ্যাপ ব্যবহার করুন। বিস্তারিতঃ <URL>
spam,1,একমাত্র ব্র্যাক ব্যাংক ডেবিট কার্ডে কেনাকাটায় পাবেন রিওয়ার্ড পয়েন্টস! 16221-এ ফোন করে পয়েন্টস দিয়ে কার্ডের ট্রানজ্যাকশন রিডিম করুন। https://tinyurl.com/BBLDCRP01,একমাত্র ব্র্যাক ব্যাংক ডেবিট কার্ডে কেনাকাটায় পাবেন রিওয়ার্ড পয়েন্টস! <PHONE> -এ ফোন করে পয়েন্টস দিয়ে কার্ডের ট্রানজ্যাকশন রিডিম করুন। <URL>
spam,1,"হোটেল আগ্রাবাদ (01755513841), র‍্যাডিসন ব্লু চট্টগ্রাম (01777701164) ও পেনিনসুলা চিটাগাং (01755554551) এ B1G1 ব্যুফে ইফতার BBL কার্ডে!","হোটেল আগ্রাবাদ ( <PHONE> ), র‍্যাডিসন ব্লু চট্টগ্রাম ( <PHONE> ) ও পেনিনসুলা চিটাগাং ( <PHONE> ) এ B1G1 ব্যুফে ইফতার BBL কার্ডে!"
spam,1,রোজার মাসে ভ্রমণে ২০০০ পয়েন্টস BBL ক্রেডিট কার্ডে! tinyurl.com/BBLHRO,রোজার মাসে ভ্রমণে <NUMBER> পয়েন্টস BBL ক্রেডিট কার্ডে! <URL>
spam,1,নারীদের জন্য ‘TARA’ ক্রেডিট কার্ডে অ্যানুয়াল ইন্টারেস্ট এখন মাত্র ১৬%। আবেদন করতে কল করুন ১৬২২১ এ।,নারীদের জন্য ‘TARA’ ক্রেডিট কার্ডে অ্যানুয়াল ইন্টারেস্ট এখন মাত্র <NUMBER> %। আবেদন করতে কল করুন <PHONE> এ।
spam,1,১০ টাকায় বিকাশ থেকে ব্র্যাক ব্যাংকে হাজার টাকা পাঠান tinyurl.com/BRC204,<MONEY> য় বিকাশ থেকে ব্র্যাক ব্যাংকে হাজার টাকা পাঠান <URL>
spam,1,অনলাইন ঈদ শপিংয়ে ৭০% পর্যন্ত ছাড় BBL কার্ডে! tinyurl.com/BBLONL,অনলাইন ঈদ শপিংয়ে <NUMBER> % পর্যন্ত ছাড় BBL কার্ডে! <URL>
spam,1,চার্জ ফ্রি মোবাইল রিচার্জ বিবিএল আস্থা অ্যাপে tinyurl.com/asthadnld,চার্জ ফ্রি মোবাইল রিচার্জ বিবিএল আস্থা অ্যাপে <URL>
spam,1,"ঈদে ভ্রমণ হোক আনন্দময়, ৭০% পর্যন্ত ছাড় BBL কার্ডে! tinyurl.com/BBLRST","ঈদে ভ্রমণ হোক আনন্দময়, <NUMBER> % পর্যন্ত ছাড় BBL কার্ডে! <URL>"
spam,1,১০০+ ডাইন-ইন আউটলেটে BBL কার্ডে ৩৫% পর্যন্ত ছাড়! tinyurl.com/BBLDNG,<NUMBER> + ডাইন-ইন আউটলেটে BBL কার্ডে <NUMBER> % পর্যন্ত ছাড়! <URL>
spam,1,Secret Recipe থেকে ইফতার কিনুন ২০% ছাড়ে BBL কার্ডে! tinyurl.com/BBLSRO,Secret Recipe থেকে ইফতার কিনুন <NUMBER> % ছাড়ে BBL কার্ডে! <URL>
spam,1,শুক্র-শনিসহ সপ্তাহে ৭ দিন ব্যাংকিং এখন আস্থা অ্যাপে tinyurl.com/BRC190,শুক্র-শনিসহ সপ্তাহে <NUMBER> দিন ব্যাংকিং এখন আস্থা অ্যাপে <URL>
spam,1,ঈদ শপিংয়ে ২০০০ রিওয়ার্ড পয়েন্টস BBL ক্রেডিট কার্ডে! tinyurl.com/BBLSMC,ঈদ শপিংয়ে <NUMBER> রিওয়ার্ড পয়েন্টস BBL ক্রেডিট কার্ডে! <URL>
spam,1,BBL কার্ডে B1G1 অফারে রমজান জুড়ে হোক ইফতার ও ডিনার! tinyurl.com/BBLBGI,BBL কার্ডে B1G1 অফারে রমজান জুড়ে হোক ইফতার ও ডিনার! <URL>
spam,1,অনলাইন ঈদ শপিংয়ে ১৫% ক্যাশব্যাক BBL ক্রেডিট কার্ডে! tinyurl.com/BBLCHB,অনলাইন ঈদ শপিংয়ে <NUMBER> % ক্যাশব্যাক BBL ক্রেডিট কার্ডে! <URL>
spam,1,ব্র্যাক ব্যাংক TARA কার্ডে Ujjwala-র স্কিল ডেভেলপমেন্ট কোর্সে পাচ্ছেন ২০% পর্যন্ত ছাড়। Query: 01953300456 http://ujjwala.co,ব্র্যাক ব্যাংক TARA কার্ডে Ujjwala-র স্কিল ডেভেলপমেন্ট কোর্সে পাচ্ছেন <NUMBER> % পর্যন্ত ছাড়। Query: <PHONE> <URL>
spam,1,১০টাকায় বিকাশ থেকে ব্র্যাক ব্যাংকে হাজার টাকা পাঠান tinyurl.com/BRC204,<MONEY> য় বিকাশ থেকে ব্র্যাক ব্যাংকে হাজার টাকা পাঠান <URL>
spam,1,ব্র্যাক ব্যাংক TARA কার্ডে The Mall ওয়েবসাইটে ১০% ছাড়। প্রোমো কোড: #themallbrac www.themallbd.com,ব্র্যাক ব্যাংক TARA কার্ডে The Mall ওয়েবসাইটে <NUMBER> % ছাড়। প্রোমো কোড: #themallbrac <URL>
spam,1,নারী দিবস উপলক্ষ্যে মার্চ মাসে TARA পার্সোনাল লোন পাচ্ছেন মাত্র ৮.৯৯% ইন্টারেস্টে! tinyurl.com/bbltwd23,নারী দিবস উপলক্ষ্যে মার্চ মাসে TARA পার্সোনাল লোন পাচ্ছেন মাত্র <NUMBER> % ইন্টারেস্টে! <URL>
spam,1,নারী দিবস উপলক্ষে পুরো মার্চ জুড়ে ব্র্যাক ব্যাংক TARA কার্ডে উপভোগ করুন ৫৫% পর্যন্ত ডিসকাউন্ট ১২৭টি আউটলেটে। tinyurl.com/BBLWD22,নারী দিবস উপলক্ষে পুরো মার্চ জুড়ে ব্র্যাক ব্যাংক TARA কার্ডে উপভোগ করুন <NUMBER> % পর্যন্ত ডিসকাউন্ট ১২৭টি আউটলেটে। <URL>
spam,1,"ব্র্যাক ব্যাংকের &apos;মাল্টি-কারেন্সি&apos; ডেবিট কার্ডে আছে ইন্টারন্যাশনাল পেমেন্ট, বিদেশে ATM থেকে ক্যাশ তোলার সুযোগ! ফ্রি মাল্টি-কারেন্সি ডেবিট কার্ড পেতে ফোন করুন ১৬২২১ নম্বরে। tinyurl.com/BRC209","ব্র্যাক ব্যাংকের &apos;মাল্টি-কারেন্সি&apos; ডেবিট কার্ডে আছে ইন্টারন্যাশনাল পেমেন্ট, বিদেশে ATM থেকে ক্যাশ তোলার সুযোগ! ফ্রি মাল্টি-কারেন্সি ডেবিট কার্ড পেতে ফোন করুন <PHONE> নম্বরে। <URL>"
spam,1,ব্র্যাক ব্যাংকের মোবাইল অ্যাপ &quot;আস্থা&quot; ব্যবহার করে ব্যাংকিং সুবিধা নিন শুক্র-শনিবার সহ সপ্তাহের সকল দিন। বিস্তারিতঃ tinyurl.com/BRC190,ব্র্যাক ব্যাংকের মোবাইল অ্যাপ &quot;আস্থা&quot; ব্যবহার করে ব্যাংকিং সুবিধা নিন শুক্র-শনিবার সহ সপ্তাহের সকল দিন। বিস্তারিতঃ <URL>
spam,1,নারী দিবস উপলক্ষ্যে এই মার্চে TARA Flexi DPS ১০ বছর মেয়াদে খুললেই পাবেন ৮% ইন্টারেস্ট! tinyurl.com/bbltwd23,নারী দিবস উপলক্ষ্যে এই মার্চে TARA Flexi DPS <NUMBER> বছর মেয়াদে খুললেই পাবেন <NUMBER> % ইন্টারেস্ট! <URL>
spam,1,ঠিক৳২৫০০০০ A/C টু A/C ট্রান্সফারে আস্থায় ফ্রি ৫০০MB; tinyurl.com/BBLDR3,ঠিক <MONEY> A/C টু A/C ট্রান্সফারে আস্থায় ফ্রি ৫০০MB; <URL>
spam,1,ব্র্যাক ব্যাংকে স্বাগতম! DARAZ-এ DZBRWELngqj4h কোড ব্যবহার করে পাবেন ৪০০ টাকা ছাড়| tinyurl.com/BBCWVM,ব্র্যাক ব্যাংকে স্বাগতম! DARAZ-এ DZBRWELngqj4h কোড ব্যবহার করে পাবেন <MONEY> ছাড়| <URL>
spam,1,ঠিক৳২৫০০০০ A/C টু A/C ট্রান্সফারে আস্থায় ফ্রি ৫০০MB;tinyurl.com/BBLDR3,ঠিক <MONEY> A/C টু A/C ট্রান্সফারে আস্থায় ফ্রি ৫০০MB; <URL>
spam,1,"4GB ফ্রি! আস্থা থেকে ঠিক ৳5,000 ওয়ালেট ট্রান্সফারে; tinyurl.com/bbldrpa",4GB ফ্রি! আস্থা থেকে ঠিক <MONEY> ওয়ালেট ট্রান্সফারে; <URL>
spam,1,"চার্জ-ফ্রি ইন্টারনেটে হবে চার্জ-ফ্রি ব্যাংকিং। এখন Zero MB-তে ব্র্যাক ব্যাংক আস্থা অ্যাপ ব্যবহার করুন গ্রামীণফোন,রবি,এয়ারটেল ও বাংলালিংক নেটওয়ার্কে","চার্জ-ফ্রি ইন্টারনেটে হবে চার্জ-ফ্রি ব্যাংকিং। এখন Zero MB-তে ব্র্যাক ব্যাংক আস্থা অ্যাপ ব্যবহার করুন গ্রামীণফোন,রবি,এয়ারটেল ও বাংলালিংক নেটওয়ার্কে"
spam,1,"আজ আস্থা অ্যাপে ২ জিবি ডাটা ফ্রি! ঠিক ৳৫০,০০০ A/C টু A/C ট্রান্সফারে।",আজ আস্থা অ্যাপে <NUMBER> জিবি ডাটা ফ্রি! ঠিক <MONEY> A/C টু A/C ট্রান্সফারে।
spam,1,Dear Customer: BRAC Bank card transactions are cancelled with immediate effect for the listed merchants mentioned in tinyurl.com/BRCO91,Dear Customer: BRAC Bank card transactions are cancelled with immediate effect for the listed merchants mentioned in <URL>
spam,1,আস্থা অ্যাপে ডাবল বোনাস! বেশি বেশি আস্থা ব্যবহারে ৫-ষ্টার হোটেলে কাপল ডিনার ও এক বছরের চরকি সাবস্ক্রিপশন ফ্রি! tinyurl.com/bblabd,আস্থা অ্যাপে ডাবল বোনাস! বেশি বেশি আস্থা ব্যবহারে <NUMBER> -ষ্টার হোটেলে কাপল ডিনার ও এক বছরের চরকি সাবস্ক্রিপশন ফ্রি! <URL>
spam,1,"বিকাশ থেকে ব্র্যাক ব্যাংক অ্যাকাউন্টে দিনে সর্বোচ্চ ৫০ হাজার টাকা ট্রান্সফার করুন, হাজারে ১০ টাকা খরচে;tinyurl.com/bblbaf","বিকাশ থেকে ব্র্যাক ব্যাংক অ্যাকাউন্টে দিনে সর্বোচ্চ <NUMBER> হাজার টাকা ট্রান্সফার করুন, হাজারে <MONEY> খরচে; <URL>"
spam,1,"আজ আস্থা অ্যাপ দিয়ে ৳৬,০০০ বা তার বেশি মোবাইল ওয়ালেট ট্রান্সফারে ৬০ দিনের চরকি সাবস্ক্রিপশন ফ্রি;tinyurl.com/bblcho",আজ আস্থা অ্যাপ দিয়ে <MONEY> বা তার বেশি মোবাইল ওয়ালেট ট্রান্সফারে <NUMBER> দিনের চরকি সাবস্ক্রিপশন ফ্রি; <URL>
spam,1,আস্থা অ্যাপ থেকে একের অধিক বিকাশ অ্যাকাউন্টে দিনে সর্বোচ্চ ১ লাখ টাকা পাঠান। শর্ত প্রযোজ্য; tinyurl.com/bblabt,আস্থা অ্যাপ থেকে একের অধিক বিকাশ অ্যাকাউন্টে দিনে সর্বোচ্চ <NUMBER> লাখ টাকা পাঠান। শর্ত প্রযোজ্য; <URL>
spam,1,"আস্থা অ্যাপ দিয়ে দিনে সর্বোচ্চ ১০ লক্ষ টাকা দেশের যেকোনো ব্যাংক অ্যাকাউন্টে BEFTN, RTGS অথবা NPSB চ্যানেল দিয়ে ট্রান্সফার করুন চার্জ-ফ্রি;tinyurl.com/bblafd","আস্থা অ্যাপ দিয়ে দিনে সর্বোচ্চ <NUMBER> লক্ষ টাকা দেশের যেকোনো ব্যাংক অ্যাকাউন্টে BEFTN, RTGS অথবা NPSB চ্যানেল দিয়ে ট্রান্সফার করুন চার্জ-ফ্রি; <URL>"
spam,1,"বিকাশ থেকে ব্র্যাক ব্যাংক অ্যাকাউন্টে দিনে সর্বোচ্চ ৫০ হাজার টাকা ট্রান্সফার করুন, হাজারে ১০ টাকা খরচে l tinyurl.com/bblbaf","বিকাশ থেকে ব্র্যাক ব্যাংক অ্যাকাউন্টে দিনে সর্বোচ্চ <NUMBER> হাজার টাকা ট্রান্সফার করুন, হাজারে <MONEY> খরচে l <URL>"
spam,1,বিকাশ-এ BBL কার্ড থেকে অ্যাড মানি-তে ১৭০০ টাকায় ২০ টাকা ও ২৭০০ টাকায় ৩০ টাকা ক্যাশব্যাক। tinyurl.com/bblbam,বিকাশ-এ BBL কার্ড থেকে অ্যাড মানি-তে <MONEY> য় <MONEY> ও <MONEY> য় <MONEY> ক্যাশব্যাক। <URL>
spam,1,SINGER-এ ২৪ মাস পর্যন্ত ০% ইএমআই ব্র্যাক ব্যাংক ক্রেডিট কার্ডে! tinyurl.com/bblsing,SINGER-এ <NUMBER> মাস পর্যন্ত <NUMBER> % ইএমআই ব্র্যাক ব্যাংক ক্রেডিট কার্ডে! <URL>
spam,1,Transcom Digital-এ ২৪ মাস পর্যন্ত ০% ইএমআই ব্র্যাক ব্যাংক ক্রেডিট কার্ডে! tinyurl.com/bbltrnsc,Transcom Digital-এ <NUMBER> মাস পর্যন্ত <NUMBER> % ইএমআই ব্র্যাক ব্যাংক ক্রেডিট কার্ডে! <URL>
spam,1,"আজ আস্থায় ৬০ দিনের চরকি সাবস্ক্রিপশন ফ্রি! ঠিক ৳৫০,০০০ A/C টু A/C ট্রান্সফারে।tinyurl.com/BBLAWW",আজ আস্থায় <NUMBER> দিনের চরকি সাবস্ক্রিপশন ফ্রি! ঠিক <MONEY> A/C টু A/C ট্রান্সফারে। <URL>
spam,1,আজ আস্থা দিয়ে বিকাশ-এ ৳৪৫০০ পাঠিয়ে নিন ৳১২৫ অফার; tinyurl.com/BRC239,আজ আস্থা দিয়ে বিকাশ-এ <MONEY> পাঠিয়ে নিন <MONEY> অফার; <URL>
spam,1,বিকাশ-এ BBL কার্ড থেকে অ্যাড মানি-তে ৪১০০ টাকায় ৪১ টাকা ও ২১০০ টাকায় ২১ টাকা ক্যাশব্যাক। tinyurl.com/bblbam,বিকাশ-এ BBL কার্ড থেকে অ্যাড মানি-তে <MONEY> য় <MONEY> ও <MONEY> য় <MONEY> ক্যাশব্যাক। <URL>
spam,1,আস্থা অ্যাপ দিয়ে যেকোনো ফান্ড ট্রান্সফার চ্যানেলের প্রতিটিতে দিনে সর্বোচ্চ ১০ লক্ষ টাকা দেশের যেকোনো ব্যাংক অ্যাকাউন্টে চার্জ-ফ্রি ট্রান্সফার করুন;tinyurl.com/bblafd,আস্থা অ্যাপ দিয়ে যেকোনো ফান্ড ট্রান্সফার চ্যানেলের প্রতিটিতে দিনে সর্বোচ্চ <NUMBER> লক্ষ টাকা দেশের যেকোনো ব্যাংক অ্যাকাউন্টে চার্জ-ফ্রি ট্রান্সফার করুন; <URL>
spam,1,আজ আস্থা অ্যাপে ৫০০ এমবি ডাটা ফ্রি! ৳৫০০ বা তার বেশি মোবাইল রিচার্জে,আজ আস্থা অ্যাপে <NUMBER> এমবি ডাটা ফ্রি! <MONEY> বা তার বেশি মোবাইল রিচার্জে
spam,1,"সিস্টেম আপগ্রেডেশনের জন্য ২২জুলাই (শুক্রবার, রাত ১২টা থেকে দুপুর ৩টা) ব্র্যাক ব্যাংক ডেবিট কার্ড, আস্থা অ্যাপ ও এটিএম সেবা বন্ধ থাকবে।","সিস্টেম আপগ্রেডেশনের জন্য ২২জুলাই (শুক্রবার, রাত ১২টা থেকে দুপুর ৩টা) ব্র্যাক ব্যাংক ডেবিট কার্ড, আস্থা অ্যাপ ও এটিএম সেবা বন্ধ থাকবে।"
spam,1,আজ আস্থা দিয়ে বিকাশ-এ ৳৪৫০০ পাঠিয়ে নিন ৳১২৫ অফার; tinyurl.com/BRC239,আজ আস্থা দিয়ে বিকাশ-এ <MONEY> পাঠিয়ে নিন <MONEY> অফার; <URL>
spam,1,আস্থা অ্যাপে ডাবল বোনাস! বেশি বেশি আস্থা ব্যবহারে ৫-ষ্টার হোটেলে কাপল ডিনার ও এক বছরের চরকি সাবস্ক্রিপশন ফ্রি! https://tinyurl.com/bblabd,আস্থা অ্যাপে ডাবল বোনাস! বেশি বেশি আস্থা ব্যবহারে <NUMBER> -ষ্টার হোটেলে কাপল ডিনার ও এক বছরের চরকি সাবস্ক্রিপশন ফ্রি! <URL>
spam,1,"প্রিয় গ্রাহক,আপনার ব্র্যাক ব্যাংক অ্যাকাউন্টে প্রদত্ত ঠিকানা বা মোবাইল নাম্বার পরিবর্তন হলে নিকটস্থ ব্রাঞ্চে গিয়ে তা হালনাগাদ করুন।","প্রিয় গ্রাহক,আপনার ব্র্যাক ব্যাংক অ্যাকাউন্টে প্রদত্ত ঠিকানা বা মোবাইল নাম্বার পরিবর্তন হলে নিকটস্থ ব্রাঞ্চে গিয়ে তা হালনাগাদ করুন।"
spam,1,আস্থায় ৫০০ এমবি ফ্রি! ঠিক ৳৫০০ মোবাইল রিচার্জে tinyurl.com/bblmbr,আস্থায় <NUMBER> এমবি ফ্রি! ঠিক <MONEY> মোবাইল রিচার্জে <URL>
spam,1,"আস্থায় ২ জিবি ফ্রি! ঠিক  ৳৫০,০০০ A/C ট্রান্সফারে tinyurl.com/bblasc",আস্থায় <NUMBER> জিবি ফ্রি! ঠিক <MONEY> A/C ট্রান্সফারে <URL>
spam,1,"আস্থায় ২ জিবি ফ্রি! ঠিক ৳৫০,০০০ A/C ট্রান্সফারে",আস্থায় <NUMBER> জিবি ফ্রি! ঠিক <MONEY> A/C ট্রান্সফারে
spam,1,রবি ও এয়ারটেলে মোবাইল রিচার্জ করুন আস্থা অ্যাপে tinyurl.com/BBLAM2,রবি ও এয়ারটেলে মোবাইল রিচার্জ করুন আস্থা অ্যাপে <URL>
spam,1,একমাত্র ব্র্যাক ব্যাংক ডেবিট কার্ডেই আপনি পাবেন দৈনন্দিন কেনাকাটায় রিওয়ার্ড পয়েন্ট। পয়েন্ট জমা করে উপভোগ করুন আকর্ষণীয় সব ডিসকাউন্ট ও ক্যাশব্যাক! বিস্তারিতঃ https://tinyurl.com/BBLDCRP01,একমাত্র ব্র্যাক ব্যাংক ডেবিট কার্ডেই আপনি পাবেন দৈনন্দিন কেনাকাটায় রিওয়ার্ড পয়েন্ট। পয়েন্ট জমা করে উপভোগ করুন আকর্ষণীয় সব ডিসকাউন্ট ও ক্যাশব্যাক! বিস্তারিতঃ <URL>
spam,1,আজ আস্থা দিয়ে বিকাশ-এ ৳৪৫০০ পাঠিয়ে নিন ৳১০০ কুপন tinyurl.com/BBLFC1,আজ আস্থা দিয়ে বিকাশ-এ <MONEY> পাঠিয়ে নিন <MONEY> কুপন <URL>
spam,1,১০ জিবি ফ্রি! আস্থা অ্যাপ রেজিস্ট্রেশন ও ব্যবহারে tinyurl.com/bblasvg,<NUMBER> জিবি ফ্রি! আস্থা অ্যাপ রেজিস্ট্রেশন ও ব্যবহারে <URL>
spam,1,আস্থায় bKash QR-এ ৳১০০০ বা বেশি পেমেন্টে 1GB ফ্রি tinyurl.com/bkaqR2,আস্থায় bKash QR-এ <MONEY> বা বেশি পেমেন্টে 1GB ফ্রি <URL>
spam,1,"আস্থায় ২ জিবি ফ্রি! ঠিক ৳৫০,০০০ A/C ট্রান্সফারে tinyurl.com/BBLWW4",আস্থায় <NUMBER> জিবি ফ্রি! ঠিক <MONEY> A/C ট্রান্সফারে <URL>
spam,1,"আস্থায় ২ জিবি ফ্রি! ঠিক ৳৫০,০০০ A/C ট্রান্সফারে tinyurl.com/bblaw4",আস্থায় <NUMBER> জিবি ফ্রি! ঠিক <MONEY> A/C ট্রান্সফারে <URL>
spam,1,আজ আস্থা দিয়ে বিকাশ-এ ৳৪৫০০ পাঠিয়ে নিন ৳১০০ কুপন tinyurl.com/BBLBK3,আজ আস্থা দিয়ে বিকাশ-এ <MONEY> পাঠিয়ে নিন <MONEY> কুপন <URL>
spam,1,টাকা পাঠান কম খরচে। এখন বিকাশ থেকে ব্র্যাক ব্যাংক অ্যাকাউন্টে খরচ হাজারে মাত্র ১০ টাকা। বিস্তারিতঃ tinyurl.com/Bblbks2,টাকা পাঠান কম খরচে। এখন বিকাশ থেকে ব্র্যাক ব্যাংক অ্যাকাউন্টে খরচ হাজারে মাত্র <MONEY> । বিস্তারিতঃ <URL>
spam,1,শেফস টেবিলে ১-৮ মার্চ TARA কার্ডে পাচ্ছেন ৮% ডিসকাউন্ট ও ৮ গুণ রিওয়ার্ড পয়েন্টস। শর্ত প্রযোজ্য। tinyurl.com/BBLWD22,শেফস টেবিলে <NUMBER> - <NUMBER> মার্চ TARA কার্ডে পাচ্ছেন <NUMBER> % ডিসকাউন্ট ও <NUMBER> গুণ রিওয়ার্ড পয়েন্টস। শর্ত প্রযোজ্য। <URL>
spam,1,ভ্যালেন্টাইন’স ডে উপলক্ষ্যে জুয়েলারি শপে ৭০% পর্যন্ত ছাড় উপভোগ করুন আপনার ব্র্যাক ব্যাংক সাপ্লিমেন্টারি ক্রেডিট কার্ডে! বিস্তারিত: tinyurl.com/BBLJLR,ভ্যালেন্টাইন’স ডে উপলক্ষ্যে জুয়েলারি শপে <NUMBER> % পর্যন্ত ছাড় উপভোগ করুন আপনার ব্র্যাক ব্যাংক সাপ্লিমেন্টারি ক্রেডিট কার্ডে! বিস্তারিত: <URL>
spam,1,ভ্যালেন্টাইন’স ডে রাঙিয়ে তুলুন আপনার ব্র্যাক ব্যাংক সাপ্লিমেন্টারি ক্রেডিট কার্ডের আকর্ষণীয় সব অফারের সাথে! বিস্তারিত: tinyurl.com/brcVDv,ভ্যালেন্টাইন’স ডে রাঙিয়ে তুলুন আপনার ব্র্যাক ব্যাংক সাপ্লিমেন্টারি ক্রেডিট কার্ডের আকর্ষণীয় সব অফারের সাথে! বিস্তারিত: <URL>
spam,1,আস্থা অ্যাপে টফি লিংকে আর্জেন্টিনার খেলা দেখুন tinyurl.com/BBLAS1,আস্থা অ্যাপে টফি লিংকে আর্জেন্টিনার খেলা দেখুন <URL>
spam,1,আস্থা অ্যাপে টফি লিংকে ব্রাজিলের খেলা দেখুন tinyurl.com/BBLBW1,আস্থা অ্যাপে টফি লিংকে ব্রাজিলের খেলা দেখুন <URL>
spam,1,মুহূর্তেই মোবাইল রিচার্জ করুন আস্থা অ্যাপে tinyurl.com/BBLAM2,মুহূর্তেই মোবাইল রিচার্জ করুন আস্থা অ্যাপে <URL>
spam,1,ফ্রিতে টাকা পাঠান আস্থা অ্যাপ থেকে যেকোন ব্যাংকে tinyurl.com/bblafd,ফ্রিতে টাকা পাঠান আস্থা অ্যাপ থেকে যেকোন ব্যাংকে <URL>
spam,1,"Dear Customer: As per the regulatory directive, govt excise duty will be applied to your BRAC Bank account. https://tinyurl.com/bblgth","Dear Customer: As per the regulatory directive, govt excise duty will be applied to your BRAC Bank account. <URL>"
spam,1,আস্থা দিয়ে উপায়-এ টাকা পাঠালে ৳১০০ রিওয়ার্ড tinyurl.com/UPAYM1,আস্থা দিয়ে উপায়-এ টাকা পাঠালে <MONEY> রিওয়ার্ড <URL>
spam,1,আস্থা অ্যাপে লগইন করে আস্থা প্লে-তে দেখুন দুর্দান্ত সব OTT কন্টেন্ট!,আস্থা অ্যাপে লগইন করে আস্থা প্লে-তে দেখুন দুর্দান্ত সব OTT কন্টেন্ট!
spam,1,আস্থা QR দিয়ে ৩ লক্ষ বিকাশ মার্চেন্টে পেমেন্ট করুন tinyurl.com/BBLAQ4,আস্থা QR দিয়ে <NUMBER> লক্ষ বিকাশ মার্চেন্টে পেমেন্ট করুন <URL>
spam,1,"ব্র্যাক ব্যাংক সাপ্লিমেন্টারি ক্রেডিট কার্ডের মাধ্যমে ৫,০০০ টাকার অনলাইন কেনাকাটায় পাবেন ২৫০ টাকা ক্যাশব্যাক। বিস্তারিত- tinyurl.com/BBLSC4",ব্র্যাক ব্যাংক সাপ্লিমেন্টারি ক্রেডিট কার্ডের মাধ্যমে <MONEY> র অনলাইন কেনাকাটায় পাবেন <MONEY> ক্যাশব্যাক। বিস্তারিত- <URL>
spam,1,আস্থা অ্যাপ দিয়ে ক্রেডিট কার্ডের বিল পেমেন্ট করলেই ৩ জিবি ইন্টারনেট ও ৩০ দিনের চরকি সাবস্ক্রিপশন ফ্রি! tinyurl.com/bblcrc,আস্থা অ্যাপ দিয়ে ক্রেডিট কার্ডের বিল পেমেন্ট করলেই <NUMBER> জিবি ইন্টারনেট ও <NUMBER> দিনের চরকি সাবস্ক্রিপশন ফ্রি! <URL>
spam,1,"আজ আস্থা দিয়ে ‘উপায়’-এ ৳২,৫০০ ট্রান্সফার করলেই উপায় অ্যাকাউন্টে পেয়ে যাবেন ৳২৫ ইনস্ট্যান্ট ক্যাশ রিওয়ার্ড। বিস্তারিতঃ tinyurl.com/BBLAU1",আজ আস্থা দিয়ে ‘উপায়’-এ <MONEY> ট্রান্সফার করলেই উপায় অ্যাকাউন্টে পেয়ে যাবেন <MONEY> ইনস্ট্যান্ট ক্যাশ রিওয়ার্ড। বিস্তারিতঃ <URL>
spam,1,"৬০ দিনের চরকি সাবক্রিপশন ফ্রি,আস্থা অ্যাপ দিয়ে ৬ বার ৳১,০০০ বা তার বেশি ট্রানজ্যাকশনে।tinyurl.com/bblawi","<NUMBER> দিনের চরকি সাবক্রিপশন ফ্রি,আস্থা অ্যাপ দিয়ে <NUMBER> বার <MONEY> বা তার বেশি ট্রানজ্যাকশনে। <URL>"
spam,1,শুক্রবারে ‘আস্থা’ দিয়ে অ্যাকাউন্ট থেকে bKash-এ ২ বার ঠিক ৳১৫০০ ট্রান্সফারে bKash-এ ৳৫০ বোনাস ও স্বপ্ন’তে ৳১০০ কুপন! tinyurl.com/BRC205,শুক্রবারে ‘আস্থা’ দিয়ে অ্যাকাউন্ট থেকে bKash-এ <NUMBER> বার ঠিক <MONEY> ট্রান্সফারে bKash-এ <MONEY> বোনাস ও স্বপ্ন’তে <MONEY> কুপন! <URL>
spam,1,৩৭% পর্যন্ত ছাড়ে ঈদ শপিং হোক শুধুমাত্র BBL কার্ডে! tinyurl.com/BBLCLR,<NUMBER> % পর্যন্ত ছাড়ে ঈদ শপিং হোক শুধুমাত্র BBL কার্ডে! <URL>
spam,1,BBL কার্ডের অফারে রমজান জুড়ে হোক ইফতার ও ডিনার! tinyurl.com/BBLCDB,BBL কার্ডের অফারে রমজান জুড়ে হোক ইফতার ও ডিনার! <URL>
spam,1,আপনার ‘ফ্রি’ ব্র্যাক ব্যাংক মাল্টি-কারেন্সি ডেবিট কার্ডটি না নিয়ে থাকলে আজই ফোন করুন 16221 নম্বরে। tinyurl.com/BRC209,আপনার ‘ফ্রি’ ব্র্যাক ব্যাংক মাল্টি-কারেন্সি ডেবিট কার্ডটি না নিয়ে থাকলে আজই ফোন করুন <PHONE> নম্বরে। <URL>
spam,1,আস্থায় সর্বোচ্চ লেনদেনে ৫-স্টার হোটেলে কাপল কুপন tinyurl.com/BBLACD,আস্থায় সর্বোচ্চ লেনদেনে <NUMBER> -স্টার হোটেলে কাপল কুপন <URL>
spam,1,জিতে নিন ১০ গুণ বোনাস রিওয়ার্ড পয়েন্টস প্রতিটি QR ট্রানজেকশনে শুধুমাত্র ব্র্যাক ব্যাংক কার্ডে! tinyurl.com/BBLQRT,জিতে নিন <NUMBER> গুণ বোনাস রিওয়ার্ড পয়েন্টস প্রতিটি QR ট্রানজেকশনে শুধুমাত্র ব্র্যাক ব্যাংক কার্ডে! <URL>
spam,1,"ইনস্ট্যান্ট বোনাস ৳১০০ পেতে আস্থা অ্যাপ থেকে বিকাশ-এ ২ বার ঠিক ৳৭,৫০০ ট্রান্সফার করুন tinyurl.com/BRC214",ইনস্ট্যান্ট বোনাস <MONEY> পেতে আস্থা অ্যাপ থেকে বিকাশ-এ <NUMBER> বার ঠিক <MONEY> ট্রান্সফার করুন <URL>
spam,1,"বসুন্ধরা, যমুনা ফিউচার পার্ক ও পিংক সিটি শপিং মলে ঈদ শপিংয়ে সর্বোচ্চ ২,০০০ বোনাস রিওয়ার্ড পয়েন্টস শুধুমাত্র ব্র্যাক ব্যাংক ভিসা ক্রেডিট কার্ডে! tinyurl.com/BBLSPM","বসুন্ধরা, যমুনা ফিউচার পার্ক ও পিংক সিটি শপিং মলে ঈদ শপিংয়ে সর্বোচ্চ <NUMBER> বোনাস রিওয়ার্ড পয়েন্টস শুধুমাত্র ব্র্যাক ব্যাংক ভিসা ক্রেডিট কার্ডে! <URL>"
spam,1,"৫০% পর্যন্ত ছাড়ে ঈদ শপিং, শুধুমাত্র ব্র্যাক ব্যাংক কার্ডে! tinyurl.com/BRCLST","<NUMBER> % পর্যন্ত ছাড়ে ঈদ শপিং, শুধুমাত্র ব্র্যাক ব্যাংক কার্ডে! <URL>"
spam,1,"গ্রোসারি শপিংয়ে বোনাস ২,৫০০ রিওয়ার্ড পয়েন্টস শুধুমাত্র ব্র্যাক ব্যাংক ভিসা ক্রেডিট কার্ডে! tinyurl.com/BBLGSy",গ্রোসারি শপিংয়ে বোনাস <NUMBER> রিওয়ার্ড পয়েন্টস শুধুমাত্র ব্র্যাক ব্যাংক ভিসা ক্রেডিট কার্ডে! <URL>
spam,1,মাত্র তিন ক্লিকে আস্থা অ্যাপ ব্যবহার করে যেকোনো ব্র্যাক ব্যাংক অ্যাকাউন্টে প্রতিদিন সর্বোচ্চ ১০ লক্ষ টাকা পাঠান।,মাত্র তিন ক্লিকে আস্থা অ্যাপ ব্যবহার করে যেকোনো ব্র্যাক ব্যাংক অ্যাকাউন্টে প্রতিদিন সর্বোচ্চ <NUMBER> লক্ষ টাকা পাঠান।
spam,1,"ঈদের নতুন লুক? নির্ধারিত পার্লার ও সেলুনে ১,০০০ বোনাস রিওয়ার্ড পয়েন্টস শুধুমাত্র ব্র্যাক ব্যাংক ভিসা ক্রেডিট কার্ডে! tinyurl.com/BBLVPR",ঈদের নতুন লুক? নির্ধারিত পার্লার ও সেলুনে <NUMBER> বোনাস রিওয়ার্ড পয়েন্টস শুধুমাত্র ব্র্যাক ব্যাংক ভিসা ক্রেডিট কার্ডে! <URL>
spam,1,"ব্র্যাক ব্যাংক কার্ডের B1G1 অফারে, ইফতার ও ডিনার একসাথে! tinyurl.com/BblBGO","ব্র্যাক ব্যাংক কার্ডের B1G1 অফারে, ইফতার ও ডিনার একসাথে! <URL>"
spam,1,এই ঈদে Bata-তে ১০% ক্যাশব্যাক ব্র্যাক ব্যাংক ক্রেডিট কার্ডে! tinyurl.com/BBLBTA,এই ঈদে Bata-তে <NUMBER> % ক্যাশব্যাক ব্র্যাক ব্যাংক ক্রেডিট কার্ডে! <URL>
spam,1,১০০টিরও বেশি ডাইন-ইন আউটলেটে ইফতারে ব্র্যাক ব্যাংক কার্ড দিয়ে পাবেন ২৫% পর্যন্ত ছাড়! tinyurl.com/BRCDnn,১০০টিরও বেশি ডাইন-ইন আউটলেটে ইফতারে ব্র্যাক ব্যাংক কার্ড দিয়ে পাবেন <NUMBER> % পর্যন্ত ছাড়! <URL>
spam,1,ঈদে নতুন গহনা? ৭৫% পর্যন্ত ছাড় শুধুমাত্র ব্র্যাক ব্যাংক কার্ডে! tinyurl.com/BRCJLR,ঈদে নতুন গহনা? <NUMBER> % পর্যন্ত ছাড় শুধুমাত্র ব্র্যাক ব্যাংক কার্ডে! <URL>
spam,1,"ঈদের নতুন লুক? নির্ধারিত পার্লার ও সেলুনে ১,০০০ বোনাস রিওয়ার্ড পয়েন্টস শুধুমাত্র ব্র্যাক ব্যাংক ক্রেডিট কার্ডে! tinyurl.com/BBLVPR",ঈদের নতুন লুক? নির্ধারিত পার্লার ও সেলুনে <NUMBER> বোনাস রিওয়ার্ড পয়েন্টস শুধুমাত্র ব্র্যাক ব্যাংক ক্রেডিট কার্ডে! <URL>
spam,1,"আড়ং-এ অনলাইন ঈদ শপিংয়ে ২,৫০০ বোনাস রিওয়ার্ড পয়েন্টস ব্র্যাক ব্যাংক ক্রেডিট কার্ডে! tinyurl.com/BBLVAR",আড়ং-এ অনলাইন ঈদ শপিংয়ে <NUMBER> বোনাস রিওয়ার্ড পয়েন্টস ব্র্যাক ব্যাংক ক্রেডিট কার্ডে! <URL>
spam,1,"রমজান মাসজুড়ে, ব্র্যাক ব্যাংক কার্ডে অনলাইন কেনাকাটায় পাচ্ছেন ২৫% পর্যন্ত ছাড়। বিস্তারিত tinyurl.com/BBLSSL22","রমজান মাসজুড়ে, ব্র্যাক ব্যাংক কার্ডে অনলাইন কেনাকাটায় পাচ্ছেন <NUMBER> % পর্যন্ত ছাড়। বিস্তারিত <URL>"
spam,1,ঈদে ভ্রমণ হোক আনন্দময় ব্র্যাক ব্যাংক কার্ডের সাথে! tinyurl.com/BBLHTA,ঈদে ভ্রমণ হোক আনন্দময় ব্র্যাক ব্যাংক কার্ডের সাথে! <URL>
spam,1,Daraz এ কেনাকাটায় ব্র্যাক ব্যাংক ক্রেডিট কার্ডে ১০% ক্যাশব্যাক! https://t.ly/vnnB,Daraz এ কেনাকাটায় ব্র্যাক ব্যাংক ক্রেডিট কার্ডে <NUMBER> % ক্যাশব্যাক! <URL>
spam,1,জিতে নিন ১০ গুণ বোনাস রিওয়ার্ড পয়েন্টস প্রতিটি QR ট্রানজেকশনে শুধুমাত্র ব্র্যাক ব্যাংক ক্রেডিট কার্ডে! tinyurl.com/BBLQRT,জিতে নিন <NUMBER> গুণ বোনাস রিওয়ার্ড পয়েন্টস প্রতিটি QR ট্রানজেকশনে শুধুমাত্র ব্র্যাক ব্যাংক ক্রেডিট কার্ডে! <URL>
spam,1,"বসুন্ধরা, যমুনা ফিউচার পার্ক ও পিংক সিটি শপিং মলে ঈদ শপিংয়ে সর্বোচ্চ ২,০০০ বোনাস রিওয়ার্ড পয়েন্টস শুধুমাত্র ব্র্যাক ব্যাংক ক্রেডিট কার্ডে! tinyurl.com/BBLSPM","বসুন্ধরা, যমুনা ফিউচার পার্ক ও পিংক সিটি শপিং মলে ঈদ শপিংয়ে সর্বোচ্চ <NUMBER> বোনাস রিওয়ার্ড পয়েন্টস শুধুমাত্র ব্র্যাক ব্যাংক ক্রেডিট কার্ডে! <URL>"
spam,1,র‍্যাডিসন ব্লু চট্টগ্রাম(01777701164) ও দি পেনিনসুলা চিটাগাং (01755554551) এ ব্র্যাক ব্যাংক কার্ডের B1G1 অফারে ইফতার ও ডিনার হবে একসাথে!,র‍্যাডিসন ব্লু চট্টগ্রাম( <PHONE> ) ও দি পেনিনসুলা চিটাগাং ( <PHONE> ) এ ব্র্যাক ব্যাংক কার্ডের B1G1 অফারে ইফতার ও ডিনার হবে একসাথে!
spam,1,ঈদের ভ্রমণে ৫০০ বোনাস রিওয়ার্ড পয়েন্টস শুধুমাত্র ব্র্যাক ব্যাংক ভিসা ক্রেডিট কার্ডে! tinyurl.com/BBLRVRPT,ঈদের ভ্রমণে <NUMBER> বোনাস রিওয়ার্ড পয়েন্টস শুধুমাত্র ব্র্যাক ব্যাংক ভিসা ক্রেডিট কার্ডে! <URL>
spam,1,ফ্রিতে টাকা পাঠান আস্থা অ্যাপ থেকে যেকোন ব্যাংকে tinyurl.com/BRC202ফ্রিতে টাকা পাঠান আস্থা অ্যাপ থেকে যেকোন ব্যাংকে tinyurl.com/BRC202,ফ্রিতে টাকা পাঠান আস্থা অ্যাপ থেকে যেকোন ব্যাংকে <URL> টাকা পাঠান আস্থা অ্যাপ থেকে যেকোন ব্যাংকে <URL>
spam,1,ইফতার কিংবা ঈদ শপিং-সবই হবে ব্র্যাক ব্যাংক কার্ডের আকর্ষণীয় সব অফারের সাথে! বিস্তারিত: tinyurl.com/BBLRMD,ইফতার কিংবা ঈদ শপিং-সবই হবে ব্র্যাক ব্যাংক কার্ডের আকর্ষণীয় সব অফারের সাথে! বিস্তারিত: <URL>
spam,1,"১০% পর্যন্ত ছাড়ে ঈদ শপিং, শুধুমাত্র ব্র্যাক ব্যাংক কার্ডে! tinyurl.com/BLYTEN","<NUMBER> % পর্যন্ত ছাড়ে ঈদ শপিং, শুধুমাত্র ব্র্যাক ব্যাংক কার্ডে! <URL>"
spam,1,"প্রতিদিন ইনস্ট্যান্ট বোনাস ৳১০০ পেতে আস্থা অ্যাপ থেকে বিকাশ-এ ২ বার ঠিক ৳৭,৫০০ ট্রান্সফার করুন tinyurl.com/BRC214",প্রতিদিন ইনস্ট্যান্ট বোনাস <MONEY> পেতে আস্থা অ্যাপ থেকে বিকাশ-এ <NUMBER> বার ঠিক <MONEY> ট্রান্সফার করুন <URL>
spam,1,BRAC EPL নিয়ে এলো TARA গ্রাহকদের জন্য নিশ্চিন্তে শেয়ার বাজারে বিনিয়োগ করার সুযোগ। বিস্তারিত tinyurl.com/BBLTO5 অথবা কল করুন ১৬২৮৫ এ।,BRAC EPL নিয়ে এলো TARA গ্রাহকদের জন্য নিশ্চিন্তে শেয়ার বাজারে বিনিয়োগ করার সুযোগ। বিস্তারিত <URL> অথবা কল করুন <PHONE> এ।
spam,1,"যেকোন ব্যাংকিং ইস্যুতে রেজিস্টার্ড মোবাইল থেকে ফোন করুন অথবা রেজিস্টার্ড ইমেইল থেকে লিখুন। যোগাযোগের ঠিকানা বা রেজিস্টার্ড মোবাইল নম্বর পরিবর্তন হলে, আপডেটের জন্য ১৬২২১ এ ফোন করুন অথবা নিকটস্থ ব্র্যাক ব্যাংকের ব্রাঞ্চে যোগাযোগ করুন। ধন্যবাদ।","যেকোন ব্যাংকিং ইস্যুতে রেজিস্টার্ড মোবাইল থেকে ফোন করুন অথবা রেজিস্টার্ড ইমেইল থেকে লিখুন। যোগাযোগের ঠিকানা বা রেজিস্টার্ড মোবাইল নম্বর পরিবর্তন হলে, আপডেটের জন্য <PHONE> এ ফোন করুন অথবা নিকটস্থ ব্র্যাক ব্যাংকের ব্রাঞ্চে যোগাযোগ করুন। ধন্যবাদ।"
spam,1,শেয়ারট্রিপ-এ এয়ার টিকেটে অতিরিক্ত ৬০০ টাকা ছাড় ব্র্যাক ব্যাংক ক্রেডিট কার্ডে! বিস্তারিত: tinyurl.com/BRCSTR,শেয়ারট্রিপ-এ এয়ার টিকেটে অতিরিক্ত <MONEY> ছাড় ব্র্যাক ব্যাংক ক্রেডিট কার্ডে! বিস্তারিত: <URL>
spam,1,লেকশোর গুলশান (01911426106) ও হোটেল সারিনা (01730020336) তে ব্র্যাক ব্যাংক কার্ডের B1G1 অফারে ইফতার ও ডিনার হবে একসাথে!,লেকশোর গুলশান ( <PHONE> ) ও হোটেল সারিনা ( <PHONE> ) তে ব্র্যাক ব্যাংক কার্ডের B1G1 অফারে ইফতার ও ডিনার হবে একসাথে!
spam,1,"পছন্দের রেস্টুরেন্টে ইফতারি হোক জমজমাট, সাথে ১০০০ বোনাস রিওয়ার্ড পয়েন্টস ব্র্যাক ব্যাংক ক্রেডিট কার্ডে! tinyurl.com/BBLVRP","পছন্দের রেস্টুরেন্টে ইফতারি হোক জমজমাট, সাথে <NUMBER> বোনাস রিওয়ার্ড পয়েন্টস ব্র্যাক ব্যাংক ক্রেডিট কার্ডে! <URL>"
spam,1,Gadget &amp; Gear-এ ২৪ মাস ০% EMI সুবিধা ব্র‍্যাক ব্যাংক ক্রেডিট কার্ডে! tinyurl.com/GnGprm,Gadget &amp; Gear-এ <NUMBER> মাস <NUMBER> % EMI সুবিধা ব্র‍্যাক ব্যাংক ক্রেডিট কার্ডে! <URL>
spam,1,"রমজানজুড়ে কেনাকাটায় ১০,০০০ বোনাস রিওয়ার্ড পয়েন্ট জিতে নেওয়ার সুযোগ শুধুমাত্র ব্র্যাক ব্যাংক ভিসা ক্রেডিট কার্ডে! tinyurl.com/BBLVRP",রমজানজুড়ে কেনাকাটায় <NUMBER> বোনাস রিওয়ার্ড পয়েন্ট জিতে নেওয়ার সুযোগ শুধুমাত্র ব্র্যাক ব্যাংক ভিসা ক্রেডিট কার্ডে! <URL>
spam,1,শুভ নববর্ষ! ১০০টিরও বেশি ডাইন-ইন আউটলেটে ইফতারে ব্র্যাক ব্যাংক কার্ড দিয়ে পাবেন ২৫% পর্যন্ত ছাড়! tinyurl.com/BRCDnn,শুভ নববর্ষ! ১০০টিরও বেশি ডাইন-ইন আউটলেটে ইফতারে ব্র্যাক ব্যাংক কার্ড দিয়ে পাবেন <NUMBER> % পর্যন্ত ছাড়! <URL>
spam,1,"প্রিয় গ্রাহক, সিস্টেম আপগ্রেডেশন এর কারনে ১৩ই এপ্রিল রাত ১২টা থেকে সকাল ৮:৩০টার পরিবর্তে ১১:৩০টা (বুধবার) পর্যন্ত ব্র্যাক ব্যাংকের ডেবিট ও প্রিপেইড কার্ড দিয়ে সকল লেনদেন বন্ধ থাকবে। সাময়িক অসুবিধার জন্য আমরা দুঃখিত।","প্রিয় গ্রাহক, সিস্টেম আপগ্রেডেশন এর কারনে ১৩ই এপ্রিল রাত ১২টা থেকে সকাল <NUMBER> :৩০টার পরিবর্তে <NUMBER> :৩০টা (বুধবার) পর্যন্ত ব্র্যাক ব্যাংকের ডেবিট ও প্রিপেইড কার্ড দিয়ে সকল লেনদেন বন্ধ থাকবে। সাময়িক অসুবিধার জন্য আমরা দুঃখিত।"
spam,1,"হোটেল ও রিসোর্ট ভ্রমণে ৩,০০০ বোনাস রিওয়ার্ড পয়েন্টস শুধুমাত্র ব্র্যাক ব্যাংক ক্রেডিট কার্ডে! অফারটি সীমিত সময়ের জন্য! tinyurl.com/BBLVRP",হোটেল ও রিসোর্ট ভ্রমণে <NUMBER> বোনাস রিওয়ার্ড পয়েন্টস শুধুমাত্র ব্র্যাক ব্যাংক ক্রেডিট কার্ডে! অফারটি সীমিত সময়ের জন্য! <URL>
spam,1,"প্রিয় গ্রাহক, সিস্টেম আপগ্রেডেশন এর কারনে ১৩ই এপ্রিল রাত ১২টা থেকে সকাল ৮:৩০টা (বুধবার) পর্যন্ত ব্র্যাক ব্যাংকের ডেবিট ও প্রিপেইড কার্ড দিয়ে সকল লেনদেন বন্ধ থাকবে। সাময়িক অসুবিধার জন্য আমরা দুঃখিত।","প্রিয় গ্রাহক, সিস্টেম আপগ্রেডেশন এর কারনে ১৩ই এপ্রিল রাত ১২টা থেকে সকাল <NUMBER> :৩০টা (বুধবার) পর্যন্ত ব্র্যাক ব্যাংকের ডেবিট ও প্রিপেইড কার্ড দিয়ে সকল লেনদেন বন্ধ থাকবে। সাময়িক অসুবিধার জন্য আমরা দুঃখিত।"
spam,1,"বসুন্ধরা, যমুনা ফিউচার পার্ক ও পিংক সিটি শপিং মলে ঈদ শপিংয়ে সর্বোচ্চ ২,০০০ বোনাস রিওয়ার্ড পয়েন্টস শুধুমাত্র ব্র্যাক ব্যাংক ক্রেডিট কার্ডে! tinyurl.com/BBLVRP","বসুন্ধরা, যমুনা ফিউচার পার্ক ও পিংক সিটি শপিং মলে ঈদ শপিংয়ে সর্বোচ্চ <NUMBER> বোনাস রিওয়ার্ড পয়েন্টস শুধুমাত্র ব্র্যাক ব্যাংক ক্রেডিট কার্ডে! <URL>"
spam,1,Secret Recipe থেকে ইফতার কিনুন ২০% ছাড়ে ব্র্যাক ব্যাংক কার্ডে! tinyurl.com/BRCDnn,Secret Recipe থেকে ইফতার কিনুন <NUMBER> % ছাড়ে ব্র্যাক ব্যাংক কার্ডে! <URL>
spam,1,BBL কার্ডের দারুণ সব অফারে করুন ইফতার ও ঈদ শপিং! tinyurl.com/BBLRCO,BBL কার্ডের দারুণ সব অফারে করুন ইফতার ও ঈদ শপিং! <URL>
spam,1,১৪-১৫ এপ্রিল (শুক্র-শনি) গুলশান আলোকি-তে সবার জন্য উন্মুক্ত ‘তারা উদ্যোক্তা মেলা’য় আপনি সপরিবারে আমন্ত্রিত। ভিজিটঃ tinyurl.com/BBLUMU,<NUMBER> - <NUMBER> এপ্রিল (শুক্র-শনি) গুলশান আলোকি-তে সবার জন্য উন্মুক্ত ‘তারা উদ্যোক্তা মেলা’য় আপনি সপরিবারে আমন্ত্রিত। ভিজিটঃ <URL>
spam,1,রমজান মাসজুড়ে নূন্যতম ১০০০ টাকার প্রতিটি ফুড অর্ডারে ২০০ বোনাস রিওয়ার্ড পয়েন্টস শুধুমাত্র ব্র্যাক ব্যাংক ক্রেডিট কার্ডে! tinyurl.com/BBLVRP,রমজান মাসজুড়ে নূন্যতম <MONEY> র প্রতিটি ফুড অর্ডারে <NUMBER> বোনাস রিওয়ার্ড পয়েন্টস শুধুমাত্র ব্র্যাক ব্যাংক ক্রেডিট কার্ডে! <URL>
spam,1,পার্লার ও সেলুনে ১০০০ পয়েন্টস BBL ক্রেডিট কার্ডে! tinyurl.com/BBLPS1,পার্লার ও সেলুনে <NUMBER> পয়েন্টস BBL ক্রেডিট কার্ডে! <URL>
spam,1,ঈদে হোক নতুন গহনা! ৭০% পর্যন্ত ছাড় BBL কার্ডে! tinyurl.com/BBLJLW,ঈদে হোক নতুন গহনা! <NUMBER> % পর্যন্ত ছাড় BBL কার্ডে! <URL>
ham,0,ট্রানজ্যাকশন নম্বর R230908.1132.65010e 49 টাকা রিচার্জটি সফল হয়েছে। আপনার বর্তমান ব্যালেন্স 49.01 টাকা। নতুন মেয়াদ 11/03/24পর্যন্ত,ট্রানজ্যাকশন নম্বর R230908. <NUMBER> .65010e <MONEY> রিচার্জটি সফল হয়েছে। আপনার বর্তমান ব্যালেন্স <MONEY> । নতুন মেয়াদ <NUMBER> / <NUMBER> /24পর্যন্ত
ham,0,ট্রানজ্যাকশন নম্বর R230904.1206.61001d 49 টাকা রিচার্জটি সফল হয়েছে। আপনার বর্তমান ব্যালেন্স 49.01 টাকা। নতুন মেয়াদ 11/03/24পর্যন্ত,ট্রানজ্যাকশন নম্বর R230904. <NUMBER> .61001d <MONEY> রিচার্জটি সফল হয়েছে। আপনার বর্তমান ব্যালেন্স <MONEY> । নতুন মেয়াদ <NUMBER> / <NUMBER> /24পর্যন্ত
ham,0,ট্রানজ্যাকশন নম্বর R230925.1222.65014b 20 টাকা রিচার্জটি সফল হয়েছে। আপনার বর্তমান ব্যালেন্স 20.84 টাকা। নতুন মেয়াদ 11/03/24পর্যন্ত,ট্রানজ্যাকশন নম্বর R230925. <NUMBER> .65014b <MONEY> রিচার্জটি সফল হয়েছে। আপনার বর্তমান ব্যালেন্স <MONEY> । নতুন মেয়াদ <NUMBER> / <NUMBER> /24পর্যন্ত
ham,0,ট্রানজ্যাকশন নম্বর R230924.1105.650117 20 টাকা রিচার্জটি সফল হয়েছে। আপনার বর্তমান ব্যালেন্স 20.96 টাকা। নতুন মেয়াদ 11/03/24পর্যন্ত,ট্রানজ্যাকশন নম্বর R230924. <NUMBER> <MONEY> রিচার্জটি সফল হয়েছে। আপনার বর্তমান ব্যালেন্স <MONEY> । নতুন মেয়াদ <NUMBER> / <NUMBER> /24পর্যন্ত
ham,0,ট্রানজ্যাকশন নম্বর R230915.1417.6700b8 100 টাকা রিচার্জটি সফল হয়েছে। আপনার বর্তমান ব্যালেন্স 100.01 টাকা। নতুন মেয়াদ 11/03/24পর্যন্ত,ট্রানজ্যাকশন নম্বর R230915. <NUMBER> .6700b8 <MONEY> রিচার্জটি সফল হয়েছে। আপনার বর্তমান ব্যালেন্স <MONEY> । নতুন মেয়াদ <NUMBER> / <NUMBER> /24পর্যন্ত
ham,0,ট্রানজ্যাকশন নম্বর R231030.0622.690005 20 টাকা রিচার্জটি সফল হয়েছে। আপনার বর্তমান ব্যালেন্স 20.77 টাকা। নতুন মেয়াদ 11/03/24পর্যন্ত,ট্রানজ্যাকশন নম্বর R231030. <NUMBER> <MONEY> রিচার্জটি সফল হয়েছে। আপনার বর্তমান ব্যালেন্স <MONEY> । নতুন মেয়াদ <NUMBER> / <NUMBER> /24পর্যন্ত
ham,0,ট্রানজ্যাকশন নম্বর R231030.1633.6300b2 20 টাকা রিচার্জটি সফল হয়েছে। আপনার বর্তমান ব্যালেন্স 20.75 টাকা। নতুন মেয়াদ 11/03/24পর্যন্ত,ট্রানজ্যাকশন নম্বর R231030. <NUMBER> .6300b2 <MONEY> রিচার্জটি সফল হয়েছে। আপনার বর্তমান ব্যালেন্স <MONEY> । নতুন মেয়াদ <NUMBER> / <NUMBER> /24পর্যন্ত
ham,0,ট্রানজ্যাকশন নম্বর R231028.1029.690134 20 টাকা রিচার্জটি সফল হয়েছে। আপনার বর্তমান ব্যালেন্স 20.79 টাকা। নতুন মেয়াদ 11/03/24পর্যন্ত,ট্রানজ্যাকশন নম্বর R231028. <NUMBER> <MONEY> রিচার্জটি সফল হয়েছে। আপনার বর্তমান ব্যালেন্স <MONEY> । নতুন মেয়াদ <NUMBER> / <NUMBER> /24পর্যন্ত
ham,0,ট্রানজ্যাকশন নম্বর R231027.1504.6100a3 20 টাকা রিচার্জটি সফল হয়েছে। আপনার বর্তমান ব্যালেন্স 20.72 টাকা। নতুন মেয়াদ 11/03/24পর্যন্ত,ট্রানজ্যাকশন নম্বর R231027. <NUMBER> .6100a3 <MONEY> রিচার্জটি সফল হয়েছে। আপনার বর্তমান ব্যালেন্স <MONEY> । নতুন মেয়াদ <NUMBER> / <NUMBER> /24পর্যন্ত
ham,0,ট্রানজ্যাকশন নম্বর R221027.1001.1600e7 49 টাকা রিচার্জটি সফল হয়েছে। আপনার বর্তমান ব্যালেন্স 78.86 টাকা। নতুন মেয়াদ 14/08/23পর্যন্ত,ট্রানজ্যাকশন নম্বর R221027. <NUMBER> .1600e7 <MONEY> রিচার্জটি সফল হয়েছে। আপনার বর্তমান ব্যালেন্স <MONEY> । নতুন মেয়াদ <NUMBER> / <NUMBER> /23পর্যন্ত
ham,0,ট্রানজ্যাকশন নম্বর R221025.0813.17003a 49 টাকা রিচার্জটি সফল হয়েছে। আপনার বর্তমান ব্যালেন্স 49.04 টাকা। নতুন মেয়াদ 14/08/23পর্যন্ত,ট্রানজ্যাকশন নম্বর R221025. <NUMBER> .17003a <MONEY> রিচার্জটি সফল হয়েছে। আপনার বর্তমান ব্যালেন্স <MONEY> । নতুন মেয়াদ <NUMBER> / <NUMBER> /23পর্যন্ত
ham,0,ট্রানজ্যাকশন নম্বর R231109.1612.630135 100 টাকা রিচার্জটি সফল হয়েছে। আপনার বর্তমান ব্যালেন্স 100.85 টাকা। নতুন মেয়াদ 11/03/24পর্যন্ত,ট্রানজ্যাকশন নম্বর R231109. <NUMBER> <MONEY> রিচার্জটি সফল হয়েছে। আপনার বর্তমান ব্যালেন্স <MONEY> । নতুন মেয়াদ <NUMBER> / <NUMBER> /24পর্যন্ত
ham,0,ট্রানজ্যাকশন নম্বর R221106.1221.23006b 49 টাকা রিচার্জটি সফল হয়েছে। আপনার বর্তমান ব্যালেন্স 49.68 টাকা। নতুন মেয়াদ 14/08/23পর্যন্ত,ট্রানজ্যাকশন নম্বর R221106. <NUMBER> .23006b <MONEY> রিচার্জটি সফল হয়েছে। আপনার বর্তমান ব্যালেন্স <MONEY> । নতুন মেয়াদ <NUMBER> / <NUMBER> /23পর্যন্ত
ham,0,ট্রানজ্যাকশন নম্বর R221129.1151.1600f7 300 টাকা রিচার্জটি সফল হয়েছে। আপনার বর্তমান ব্যালেন্স 302.50 টাকা। নতুন মেয়াদ 29/11/23পর্যন্ত,ট্রানজ্যাকশন নম্বর R221129. <NUMBER> .1600f7 <MONEY> রিচার্জটি সফল হয়েছে। আপনার বর্তমান ব্যালেন্স <MONEY> । নতুন মেয়াদ <NUMBER> / <NUMBER> /23পর্যন্ত
ham,0,ট্রানজ্যাকশন নম্বর R231128.0933.70005a 59 টাকা রিচার্জটি সফল হয়েছে। আপনার বর্তমান ব্যালেন্স 64.39 টাকা। নতুন মেয়াদ 11/03/24পর্যন্ত,ট্রানজ্যাকশন নম্বর R231128. <NUMBER> .70005a <MONEY> রিচার্জটি সফল হয়েছে। আপনার বর্তমান ব্যালেন্স <MONEY> । নতুন মেয়াদ <NUMBER> / <NUMBER> /24পর্যন্ত
ham,0,ট্রানজ্যাকশন নম্বর R221128.1352.250132 20 টাকা রিচার্জটি সফল হয়েছে। আপনার বর্তমান ব্যালেন্স 20.85 টাকা। নতুন মেয়াদ 14/08/23পর্যন্ত,ট্রানজ্যাকশন নম্বর R221128. <NUMBER> <MONEY> রিচার্জটি সফল হয়েছে। আপনার বর্তমান ব্যালেন্স <MONEY> । নতুন মেয়াদ <NUMBER> / <NUMBER> /23পর্যন্ত
ham,0,ট্রানজ্যাকশন নম্বর R231127.1515.6500cc 20 টাকা রিচার্জটি সফল হয়েছে। আপনার বর্তমান ব্যালেন্স 20.91 টাকা। নতুন মেয়াদ 11/03/24পর্যন্ত,ট্রানজ্যাকশন নম্বর R231127. <NUMBER> .6500cc <MONEY> রিচার্জটি সফল হয়েছে। আপনার বর্তমান ব্যালেন্স <MONEY> । নতুন মেয়াদ <NUMBER> / <NUMBER> /24পর্যন্ত
ham,0,ট্রানজ্যাকশন নম্বর R231126.1008.6500d5 20 টাকা রিচার্জটি সফল হয়েছে। আপনার বর্তমান ব্যালেন্স 26.24 টাকা। নতুন মেয়াদ 11/03/24পর্যন্ত,ট্রানজ্যাকশন নম্বর R231126. <NUMBER> .6500d5 <MONEY> রিচার্জটি সফল হয়েছে। আপনার বর্তমান ব্যালেন্স <MONEY> । নতুন মেয়াদ <NUMBER> / <NUMBER> /24পর্যন্ত
ham,0,ট্রানজ্যাকশন নম্বর R231124.2002.69021e 20 টাকা রিচার্জটি সফল হয়েছে। আপনার বর্তমান ব্যালেন্স 20.70 টাকা। নতুন মেয়াদ 11/03/24পর্যন্ত,ট্রানজ্যাকশন নম্বর R231124. <NUMBER> .69021e <MONEY> রিচার্জটি সফল হয়েছে। আপনার বর্তমান ব্যালেন্স <MONEY> । নতুন মেয়াদ <NUMBER> / <NUMBER> /24পর্যন্ত
ham,0,ট্রানজ্যাকশন নম্বর R231120.1208.660018 20 টাকা রিচার্জটি সফল হয়েছে। আপনার বর্তমান ব্যালেন্স 58.74 টাকা। নতুন মেয়াদ 11/03/24পর্যন্ত,ট্রানজ্যাকশন নম্বর R231120. <NUMBER> <MONEY> রিচার্জটি সফল হয়েছে। আপনার বর্তমান ব্যালেন্স <MONEY> । নতুন মেয়াদ <NUMBER> / <NUMBER> /24পর্যন্ত
ham,0,ট্রানজ্যাকশন নম্বর R221115.2035.200073 49 টাকা রিচার্জটি সফল হয়েছে। আপনার বর্তমান ব্যালেন্স 49.77 টাকা। নতুন মেয়াদ 14/08/23পর্যন্ত,ট্রানজ্যাকশন নম্বর R221115. <NUMBER> <MONEY> রিচার্জটি সফল হয়েছে। আপনার বর্তমান ব্যালেন্স <MONEY> । নতুন মেয়াদ <NUMBER> / <NUMBER> /23পর্যন্ত
ham,0,ট্রানজ্যাকশন নম্বর R240507.1549.66007e 50 টাকা রিচার্জটি সফল হয়েছে। আপনার বর্তমান ব্যালেন্স 50.18 টাকা। নতুন মেয়াদ 06/06/24পর্যন্ত,ট্রানজ্যাকশন নম্বর R240507. <NUMBER> .66007e <MONEY> রিচার্জটি সফল হয়েছে। আপনার বর্তমান ব্যালেন্স <MONEY> । নতুন মেয়াদ <NUMBER> / <NUMBER> /24পর্যন্ত
ham,0,ট্রানজ্যাকশন নম্বর R240507.0932.68000c 50 টাকা রিচার্জটি সফল হয়েছে। আপনার বর্তমান ব্যালেন্স 50.10 টাকা। নতুন মেয়াদ 06/06/24পর্যন্ত,ট্রানজ্যাকশন নম্বর R240507. <NUMBER> .68000c <MONEY> রিচার্জটি সফল হয়েছে। আপনার বর্তমান ব্যালেন্স <MONEY> । নতুন মেয়াদ <NUMBER> / <NUMBER> /24পর্যন্ত
ham,0,ট্রানজ্যাকশন নম্বর R240505.1639.7000c5 20 টাকা রিচার্জটি সফল হয়েছে। আপনার বর্তমান ব্যালেন্স 20 টাকা। নতুন মেয়াদ 04/06/24পর্যন্ত,ট্রানজ্যাকশন নম্বর R240505. <NUMBER> .7000c5 <MONEY> রিচার্জটি সফল হয়েছে। আপনার বর্তমান ব্যালেন্স <MONEY> । নতুন মেয়াদ <NUMBER> / <NUMBER> /24পর্যন্ত
ham,0,ট্রানজ্যাকশন নম্বর R240504.2108.61018f 20 টাকা রিচার্জটি সফল হয়েছে। আপনার বর্তমান ব্যালেন্স 20.21 টাকা। নতুন মেয়াদ 03/06/24পর্যন্ত,ট্রানজ্যাকশন নম্বর R240504. <NUMBER> .61018f <MONEY> রিচার্জটি সফল হয়েছে। আপনার বর্তমান ব্যালেন্স <MONEY> । নতুন মেয়াদ <NUMBER> / <NUMBER> /24পর্যন্ত
ham,0,ট্রানজ্যাকশন নম্বর R230530.0103.21000b 50 টাকা রিচার্জটি সফল হয়েছে। আপনার বর্তমান ব্যালেন্স 50.72 টাকা। নতুন মেয়াদ 11/03/24পর্যন্ত,ট্রানজ্যাকশন নম্বর R230530. <NUMBER> .21000b <MONEY> রিচার্জটি সফল হয়েছে। আপনার বর্তমান ব্যালেন্স <MONEY> । নতুন মেয়াদ <NUMBER> / <NUMBER> /24পর্যন্ত
ham,0,ট্রানজ্যাকশন নম্বর R240503.2025.7201bd 20 টাকা রিচার্জটি সফল হয়েছে। আপনার বর্তমান ব্যালেন্স 20.13 টাকা। নতুন মেয়াদ 02/06/24পর্যন্ত,ট্রানজ্যাকশন নম্বর R240503. <NUMBER> .7201bd <MONEY> রিচার্জটি সফল হয়েছে। আপনার বর্তমান ব্যালেন্স <MONEY> । নতুন মেয়াদ <NUMBER> / <NUMBER> /24পর্যন্ত
ham,0,ট্রানজ্যাকশন নম্বর R230529.1635.1500ac 50 টাকা রিচার্জটি সফল হয়েছে। আপনার বর্তমান ব্যালেন্স 50.86 টাকা। নতুন মেয়াদ 11/03/24পর্যন্ত,ট্রানজ্যাকশন নম্বর R230529. <NUMBER> .1500ac <MONEY> রিচার্জটি সফল হয়েছে। আপনার বর্তমান ব্যালেন্স <MONEY> । নতুন মেয়াদ <NUMBER> / <NUMBER> /24পর্যন্ত
ham,0,ট্রানজ্যাকশন নম্বর R230526.1514.200080 20 টাকা রিচার্জটি সফল হয়েছে। আপনার বর্তমান ব্যালেন্স 20.77 টাকা। নতুন মেয়াদ 11/03/24পর্যন্ত,ট্রানজ্যাকশন নম্বর R230526. <NUMBER> <MONEY> রিচার্জটি সফল হয়েছে। আপনার বর্তমান ব্যালেন্স <MONEY> । নতুন মেয়াদ <NUMBER> / <NUMBER> /24পর্যন্ত
ham,0,ট্রানজ্যাকশন নম্বর R240523.0957.720082 50 টাকা রিচার্জটি সফল হয়েছে। আপনার বর্তমান ব্যালেন্স 141.73 টাকা। নতুন মেয়াদ 11/07/24পর্যন্ত,ট্রানজ্যাকশন নম্বর R240523. <NUMBER> <MONEY> রিচার্জটি সফল হয়েছে। আপনার বর্তমান ব্যালেন্স <MONEY> । নতুন মেয়াদ <NUMBER> / <NUMBER> /24পর্যন্ত
ham,0,ট্রানজ্যাকশন নম্বর R230517.2109.1500d4 56 টাকা রিচার্জটি সফল হয়েছে। আপনার বর্তমান ব্যালেন্স 56.79 টাকা। নতুন মেয়াদ 11/03/24পর্যন্ত,ট্রানজ্যাকশন নম্বর R230517. <NUMBER> .1500d4 <MONEY> রিচার্জটি সফল হয়েছে। আপনার বর্তমান ব্যালেন্স <MONEY> । নতুন মেয়াদ <NUMBER> / <NUMBER> /24পর্যন্ত
ham,0,ট্রানজ্যাকশন নম্বর R240512.1330.710053 100 টাকা রিচার্জটি সফল হয়েছে। আপনার বর্তমান ব্যালেন্স 100.02 টাকা। নতুন মেয়াদ 11/07/24পর্যন্ত,ট্রানজ্যাকশন নম্বর R240512. <NUMBER> <MONEY> রিচার্জটি সফল হয়েছে। আপনার বর্তমান ব্যালেন্স <MONEY> । নতুন মেয়াদ <NUMBER> / <NUMBER> /24পর্যন্ত
ham,0,ট্রানজ্যাকশন নম্বর R240510.2007.670114 20 টাকা রিচার্জটি সফল হয়েছে। আপনার বর্তমান ব্যালেন্স 20.38 টাকা। নতুন মেয়াদ 09/06/24পর্যন্ত,ট্রানজ্যাকশন নম্বর R240510. <NUMBER> <MONEY> রিচার্জটি সফল হয়েছে। আপনার বর্তমান ব্যালেন্স <MONEY> । নতুন মেয়াদ <NUMBER> / <NUMBER> /24পর্যন্ত
ham,0,ট্রানজ্যাকশন নম্বর R240501.0929.66012b 20 টাকা রিচার্জটি সফল হয়েছে। আপনার বর্তমান ব্যালেন্স 20.04 টাকা। নতুন মেয়াদ 31/05/24পর্যন্ত,ট্রানজ্যাকশন নম্বর R240501. <NUMBER> .66012b <MONEY> রিচার্জটি সফল হয়েছে। আপনার বর্তমান ব্যালেন্স <MONEY> । নতুন মেয়াদ <NUMBER> / <NUMBER> /24পর্যন্ত
ham,0,ট্রানজ্যাকশন নম্বর R240305.1143.6700ad 20 টাকা রিচার্জটি সফল হয়েছে। আপনার বর্তমান ব্যালেন্স 20.08 টাকা। নতুন মেয়াদ 04/04/24পর্যন্ত,ট্রানজ্যাকশন নম্বর R240305. <NUMBER> .6700ad <MONEY> রিচার্জটি সফল হয়েছে। আপনার বর্তমান ব্যালেন্স <MONEY> । নতুন মেয়াদ <NUMBER> / <NUMBER> /24পর্যন্ত
ham,0,ট্রানজ্যাকশন নম্বর R230327.2248.23009c 49 টাকা রিচার্জটি সফল হয়েছে। আপনার বর্তমান ব্যালেন্স 52.90 টাকা। নতুন মেয়াদ 11/03/24পর্যন্ত,ট্রানজ্যাকশন নম্বর R230327. <NUMBER> .23009c <MONEY> রিচার্জটি সফল হয়েছে। আপনার বর্তমান ব্যালেন্স <MONEY> । নতুন মেয়াদ <NUMBER> / <NUMBER> /24পর্যন্ত
ham,0,ট্রানজ্যাকশন নম্বর R230312.0936.11009b 400 টাকা রিচার্জটি সফল হয়েছে। আপনার বর্তমান ব্যালেন্স 403.06 টাকা। নতুন মেয়াদ 11/03/24পর্যন্ত,ট্রানজ্যাকশন নম্বর R230312. <NUMBER> .11009b <MONEY> রিচার্জটি সফল হয়েছে। আপনার বর্তমান ব্যালেন্স <MONEY> । নতুন মেয়াদ <NUMBER> / <NUMBER> /24পর্যন্ত
ham,0,ট্রানজ্যাকশন নম্বর R230311.1224.1900c7 20 টাকা রিচার্জটি সফল হয়েছে। আপনার বর্তমান ব্যালেন্স 20.73 টাকা। নতুন মেয়াদ 08/02/24পর্যন্ত,ট্রানজ্যাকশন নম্বর R230311. <NUMBER> .1900c7 <MONEY> রিচার্জটি সফল হয়েছে। আপনার বর্তমান ব্যালেন্স <MONEY> । নতুন মেয়াদ <NUMBER> / <NUMBER> /24পর্যন্ত
ham,0,ট্রানজ্যাকশন নম্বর R240608.1900.660158 20 টাকা রিচার্জটি সফল হয়েছে। আপনার বর্তমান ব্যালেন্স 20.27 টাকা। নতুন মেয়াদ 11/07/24পর্যন্ত,ট্রানজ্যাকশন নম্বর R240608. <NUMBER> <MONEY> রিচার্জটি সফল হয়েছে। আপনার বর্তমান ব্যালেন্স <MONEY> । নতুন মেয়াদ <NUMBER> / <NUMBER> /24পর্যন্ত
ham,0,ট্রানজ্যাকশন নম্বর R240608.1221.63000b 20 টাকা রিচার্জটি সফল হয়েছে। আপনার বর্তমান ব্যালেন্স 20.10 টাকা। নতুন মেয়াদ 11/07/24পর্যন্ত,ট্রানজ্যাকশন নম্বর R240608. <NUMBER> .63000b <MONEY> রিচার্জটি সফল হয়েছে। আপনার বর্তমান ব্যালেন্স <MONEY> । নতুন মেয়াদ <NUMBER> / <NUMBER> /24পর্যন্ত
ham,0,ট্রানজ্যাকশন নম্বর R230607.1753.170008 56 টাকা রিচার্জটি সফল হয়েছে। আপনার বর্তমান ব্যালেন্স 56.01 টাকা। নতুন মেয়াদ 11/03/24পর্যন্ত,ট্রানজ্যাকশন নম্বর R230607. <NUMBER> <MONEY> রিচার্জটি সফল হয়েছে। আপনার বর্তমান ব্যালেন্স <MONEY> । নতুন মেয়াদ <NUMBER> / <NUMBER> /24পর্যন্ত
ham,0,ট্রানজ্যাকশন নম্বর R240605.1742.7000e4 50 টাকা রিচার্জটি সফল হয়েছে। আপনার বর্তমান ব্যালেন্স 50 টাকা। নতুন মেয়াদ 11/07/24পর্যন্ত,ট্রানজ্যাকশন নম্বর R240605. <NUMBER> .7000e4 <MONEY> রিচার্জটি সফল হয়েছে। আপনার বর্তমান ব্যালেন্স <MONEY> । নতুন মেয়াদ <NUMBER> / <NUMBER> /24পর্যন্ত
ham,0,ট্রানজ্যাকশন নম্বর R240603.1843.710125 20 টাকা রিচার্জটি সফল হয়েছে। আপনার বর্তমান ব্যালেন্স 20 টাকা। নতুন মেয়াদ 11/07/24পর্যন্ত,ট্রানজ্যাকশন নম্বর R240603. <NUMBER> <MONEY> রিচার্জটি সফল হয়েছে। আপনার বর্তমান ব্যালেন্স <MONEY> । নতুন মেয়াদ <NUMBER> / <NUMBER> /24পর্যন্ত
ham,0,ট্রানজ্যাকশন নম্বর R230622.1044.180162 49 টাকা রিচার্জটি সফল হয়েছে। আপনার বর্তমান ব্যালেন্স 49.68 টাকা। নতুন মেয়াদ 11/03/24পর্যন্ত,ট্রানজ্যাকশন নম্বর R230622. <NUMBER> <MONEY> রিচার্জটি সফল হয়েছে। আপনার বর্তমান ব্যালেন্স <MONEY> । নতুন মেয়াদ <NUMBER> / <NUMBER> /24পর্যন্ত
ham,0,ট্রানজ্যাকশন নম্বর R240619.1511.630016 20 টাকা রিচার্জটি সফল হয়েছে। আপনার বর্তমান ব্যালেন্স 20.01 টাকা। নতুন মেয়াদ 19/07/24পর্যন্ত,ট্রানজ্যাকশন নম্বর R240619. <NUMBER> <MONEY> রিচার্জটি সফল হয়েছে। আপনার বর্তমান ব্যালেন্স <MONEY> । নতুন মেয়াদ <NUMBER> / <NUMBER> /24পর্যন্ত
ham,0,ট্রানজ্যাকশন নম্বর R230617.1117.220080 49 টাকা রিচার্জটি সফল হয়েছে। আপনার বর্তমান ব্যালেন্স 49.68 টাকা। নতুন মেয়াদ 11/03/24পর্যন্ত,ট্রানজ্যাকশন নম্বর R230617. <NUMBER> <MONEY> রিচার্জটি সফল হয়েছে। আপনার বর্তমান ব্যালেন্স <MONEY> । নতুন মেয়াদ <NUMBER> / <NUMBER> /24পর্যন্ত
ham,0,ট্রানজ্যাকশন নম্বর R240614.1438.6700d5 50 টাকা রিচার্জটি সফল হয়েছে। আপনার বর্তমান ব্যালেন্স 50 টাকা। নতুন মেয়াদ 14/07/24পর্যন্ত,ট্রানজ্যাকশন নম্বর R240614. <NUMBER> .6700d5 <MONEY> রিচার্জটি সফল হয়েছে। আপনার বর্তমান ব্যালেন্স <MONEY> । নতুন মেয়াদ <NUMBER> / <NUMBER> /24পর্যন্ত
ham,0,ট্রানজ্যাকশন নম্বর R230613.2152.190161 49 টাকা রিচার্জটি সফল হয়েছে। আপনার বর্তমান ব্যালেন্স 49.68 টাকা। নতুন মেয়াদ 11/03/24পর্যন্ত,ট্রানজ্যাকশন নম্বর R230613. <NUMBER> <MONEY> রিচার্জটি সফল হয়েছে। আপনার বর্তমান ব্যালেন্স <MONEY> । নতুন মেয়াদ <NUMBER> / <NUMBER> /24পর্যন্ত
ham,0,ট্রানজ্যাকশন নম্বর R240612.1936.6701ac 50 টাকা রিচার্জটি সফল হয়েছে। আপনার বর্তমান ব্যালেন্স 50.95 টাকা। নতুন মেয়াদ 12/07/24পর্যন্ত,ট্রানজ্যাকশন নম্বর R240612. <NUMBER> .6701ac <MONEY> রিচার্জটি সফল হয়েছে। আপনার বর্তমান ব্যালেন্স <MONEY> । নতুন মেয়াদ <NUMBER> / <NUMBER> /24পর্যন্ত
ham,0,ট্রানজ্যাকশন নম্বর R240612.1208.680159 20 টাকা রিচার্জটি সফল হয়েছে। আপনার বর্তমান ব্যালেন্স 20.44 টাকা। নতুন মেয়াদ 12/07/24পর্যন্ত,ট্রানজ্যাকশন নম্বর R240612. <NUMBER> <MONEY> রিচার্জটি সফল হয়েছে। আপনার বর্তমান ব্যালেন্স <MONEY> । নতুন মেয়াদ <NUMBER> / <NUMBER> /24পর্যন্ত
ham,0,ট্রানজ্যাকশন নম্বর R240610.1014.650124 50 টাকা রিচার্জটি সফল হয়েছে। আপনার বর্তমান ব্যালেন্স 50.02 টাকা। নতুন মেয়াদ 11/07/24পর্যন্ত,ট্রানজ্যাকশন নম্বর R240610. <NUMBER> <MONEY> রিচার্জটি সফল হয়েছে। আপনার বর্তমান ব্যালেন্স <MONEY> । নতুন মেয়াদ <NUMBER> / <NUMBER> /24পর্যন্ত
ham,0,ট্রানজ্যাকশন নম্বর R230726.1721.170081 26 টাকা রিচার্জটি সফল হয়েছে। আপনার বর্তমান ব্যালেন্স 26.68 টাকা। নতুন মেয়াদ 11/03/24পর্যন্ত,ট্রানজ্যাকশন নম্বর R230726. <NUMBER> <MONEY> রিচার্জটি সফল হয়েছে। আপনার বর্তমান ব্যালেন্স <MONEY> । নতুন মেয়াদ <NUMBER> / <NUMBER> /24পর্যন্ত
ham,0,ট্রানজ্যাকশন নম্বর R230717.1437.2200a2 130 টাকা রিচার্জটি সফল হয়েছে। আপনার বর্তমান ব্যালেন্স 130.91 টাকা। নতুন মেয়াদ 11/03/24পর্যন্ত,ট্রানজ্যাকশন নম্বর R230717. <NUMBER> .2200a2 <MONEY> রিচার্জটি সফল হয়েছে। আপনার বর্তমান ব্যালেন্স <MONEY> । নতুন মেয়াদ <NUMBER> / <NUMBER> /24পর্যন্ত
ham,0,ট্রানজ্যাকশন নম্বর R230715.1222.150027 20 টাকা রিচার্জটি সফল হয়েছে। আপনার বর্তমান ব্যালেন্স 20.68 টাকা। নতুন মেয়াদ 11/03/24পর্যন্ত,ট্রানজ্যাকশন নম্বর R230715. <NUMBER> <MONEY> রিচার্জটি সফল হয়েছে। আপনার বর্তমান ব্যালেন্স <MONEY> । নতুন মেয়াদ <NUMBER> / <NUMBER> /24পর্যন্ত
ham,0,ট্রানজ্যাকশন নম্বর R230713.0547.21002a 49 টাকা রিচার্জটি সফল হয়েছে। আপনার বর্তমান ব্যালেন্স 49.68 টাকা। নতুন মেয়াদ 11/03/24পর্যন্ত,ট্রানজ্যাকশন নম্বর R230713. <NUMBER> .21002a <MONEY> রিচার্জটি সফল হয়েছে। আপনার বর্তমান ব্যালেন্স <MONEY> । নতুন মেয়াদ <NUMBER> / <NUMBER> /24পর্যন্ত
ham,0,ট্রানজ্যাকশন নম্বর R230710.1231.1600ab 49 টাকা রিচার্জটি সফল হয়েছে। আপনার বর্তমান ব্যালেন্স 49.84 টাকা। নতুন মেয়াদ 11/03/24পর্যন্ত,ট্রানজ্যাকশন নম্বর R230710. <NUMBER> .1600ab <MONEY> রিচার্জটি সফল হয়েছে। আপনার বর্তমান ব্যালেন্স <MONEY> । নতুন মেয়াদ <NUMBER> / <NUMBER> /24পর্যন্ত
ham,0,ট্রানজ্যাকশন নম্বর R230107.1622.170070 650 টাকা রিচার্জটি সফল হয়েছে। আপনার বর্তমান ব্যালেন্স 698.64 টাকা। নতুন মেয়াদ 07/01/24পর্যন্ত,ট্রানজ্যাকশন নম্বর R230107. <NUMBER> <MONEY> রিচার্জটি সফল হয়েছে। আপনার বর্তমান ব্যালেন্স <MONEY> । নতুন মেয়াদ <NUMBER> / <NUMBER> /24পর্যন্ত
ham,0,ট্রানজ্যাকশন নম্বর R240125.1609.7100b4 89 টাকা রিচার্জটি সফল হয়েছে। আপনার বর্তমান ব্যালেন্স 89.01 টাকা। নতুন মেয়াদ 16/03/24পর্যন্ত,ট্রানজ্যাকশন নম্বর R240125. <NUMBER> .7100b4 <MONEY> রিচার্জটি সফল হয়েছে। আপনার বর্তমান ব্যালেন্স <MONEY> । নতুন মেয়াদ <NUMBER> / <NUMBER> /24পর্যন্ত
ham,0,ট্রানজ্যাকশন নম্বর R240123.0954.640075 20 টাকা রিচার্জটি সফল হয়েছে। আপনার বর্তমান ব্যালেন্স 20.36 টাকা। নতুন মেয়াদ 16/03/24পর্যন্ত,ট্রানজ্যাকশন নম্বর R240123. <NUMBER> <MONEY> রিচার্জটি সফল হয়েছে। আপনার বর্তমান ব্যালেন্স <MONEY> । নতুন মেয়াদ <NUMBER> / <NUMBER> /24পর্যন্ত
ham,0,ট্রানজ্যাকশন নম্বর R240120.1501.720072 20 টাকা রিচার্জটি সফল হয়েছে। আপনার বর্তমান ব্যালেন্স 20.38 টাকা। নতুন মেয়াদ 16/03/24পর্যন্ত,ট্রানজ্যাকশন নম্বর R240120. <NUMBER> <MONEY> রিচার্জটি সফল হয়েছে। আপনার বর্তমান ব্যালেন্স <MONEY> । নতুন মেয়াদ <NUMBER> / <NUMBER> /24পর্যন্ত
ham,0,ট্রানজ্যাকশন নম্বর R240119.1631.680147 20 টাকা রিচার্জটি সফল হয়েছে। আপনার বর্তমান ব্যালেন্স 20.40 টাকা। নতুন মেয়াদ 16/03/24পর্যন্ত,ট্রানজ্যাকশন নম্বর R240119. <NUMBER> <MONEY> রিচার্জটি সফল হয়েছে। আপনার বর্তমান ব্যালেন্স <MONEY> । নতুন মেয়াদ <NUMBER> / <NUMBER> /24পর্যন্ত
ham,0,ট্রানজ্যাকশন নম্বর R240119.1532.720121 20 টাকা রিচার্জটি সফল হয়েছে। আপনার বর্তমান ব্যালেন্স 20.01 টাকা। নতুন মেয়াদ 16/03/24পর্যন্ত,ট্রানজ্যাকশন নম্বর R240119. <NUMBER> <MONEY> রিচার্জটি সফল হয়েছে। আপনার বর্তমান ব্যালেন্স <MONEY> । নতুন মেয়াদ <NUMBER> / <NUMBER> /24পর্যন্ত
ham,0,ট্রানজ্যাকশন নম্বর R240116.1351.7100d7 168 টাকা রিচার্জটি সফল হয়েছে। আপনার বর্তমান ব্যালেন্স 168.01 টাকা। নতুন মেয়াদ 16/03/24পর্যন্ত,ট্রানজ্যাকশন নম্বর R240116. <NUMBER> .7100d7 <MONEY> রিচার্জটি সফল হয়েছে। আপনার বর্তমান ব্যালেন্স <MONEY> । নতুন মেয়াদ <NUMBER> / <NUMBER> /24পর্যন্ত
ham,0,ট্রানজ্যাকশন নম্বর R240115.1211.64012d 20 টাকা রিচার্জটি সফল হয়েছে। আপনার বর্তমান ব্যালেন্স 20.43 টাকা। নতুন মেয়াদ 11/03/24পর্যন্ত,ট্রানজ্যাকশন নম্বর R240115. <NUMBER> .64012d <MONEY> রিচার্জটি সফল হয়েছে। আপনার বর্তমান ব্যালেন্স <MONEY> । নতুন মেয়াদ <NUMBER> / <NUMBER> /24পর্যন্ত
ham,0,ট্রানজ্যাকশন নম্বর R240114.1220.670138 20 টাকা রিচার্জটি সফল হয়েছে। আপনার বর্তমান ব্যালেন্স 20.10 টাকা। নতুন মেয়াদ 11/03/24পর্যন্ত,ট্রানজ্যাকশন নম্বর R240114. <NUMBER> <MONEY> রিচার্জটি সফল হয়েছে। আপনার বর্তমান ব্যালেন্স <MONEY> । নতুন মেয়াদ <NUMBER> / <NUMBER> /24পর্যন্ত
ham,0,ট্রানজ্যাকশন নম্বর R240101.1430.6100f3 20 টাকা রিচার্জটি সফল হয়েছে। আপনার বর্তমান ব্যালেন্স 20.22 টাকা। নতুন মেয়াদ 11/03/24পর্যন্ত,ট্রানজ্যাকশন নম্বর R240101. <NUMBER> .6100f3 <MONEY> রিচার্জটি সফল হয়েছে। আপনার বর্তমান ব্যালেন্স <MONEY> । নতুন মেয়াদ <NUMBER> / <NUMBER> /24পর্যন্ত
ham,0,ট্রানজ্যাকশন নম্বর R230208.1012.2500c0 600 টাকা রিচার্জটি সফল হয়েছে। আপনার বর্তমান ব্যালেন্স 609.45 টাকা। নতুন মেয়াদ 08/02/24পর্যন্ত,ট্রানজ্যাকশন নম্বর R230208. <NUMBER> .2500c0 <MONEY> রিচার্জটি সফল হয়েছে। আপনার বর্তমান ব্যালেন্স <MONEY> । নতুন মেয়াদ <NUMBER> / <NUMBER> /24পর্যন্ত
ham,0,ট্রানজ্যাকশন নম্বর R230207.1908.170066 20 টাকা রিচার্জটি সফল হয়েছে। আপনার বর্তমান ব্যালেন্স 20.18 টাকা। নতুন মেয়াদ 07/01/24পর্যন্ত,ট্রানজ্যাকশন নম্বর R230207. <NUMBER> <MONEY> রিচার্জটি সফল হয়েছে। আপনার বর্তমান ব্যালেন্স <MONEY> । নতুন মেয়াদ <NUMBER> / <NUMBER> /24পর্যন্ত
ham,0,ট্রানজ্যাকশন নম্বর R240204.1103.7001a2 20 টাকা রিচার্জটি সফল হয়েছে। আপনার বর্তমান ব্যালেন্স 20.80 টাকা। নতুন মেয়াদ 16/03/24পর্যন্ত,ট্রানজ্যাকশন নম্বর R240204. <NUMBER> .7001a2 <MONEY> রিচার্জটি সফল হয়েছে। আপনার বর্তমান ব্যালেন্স <MONEY> । নতুন মেয়াদ <NUMBER> / <NUMBER> /24পর্যন্ত
ham,0,ট্রানজ্যাকশন নম্বর R240201.1942.610015 20 টাকা রিচার্জটি সফল হয়েছে। আপনার বর্তমান ব্যালেন্স 20.01 টাকা। নতুন মেয়াদ 16/03/24পর্যন্ত,ট্রানজ্যাকশন নম্বর R240201. <NUMBER> <MONEY> রিচার্জটি সফল হয়েছে। আপনার বর্তমান ব্যালেন্স <MONEY> । নতুন মেয়াদ <NUMBER> / <NUMBER> /24পর্যন্ত
ham,0,ট্রানজ্যাকশন নম্বর R221205.1446.160034 650 টাকা রিচার্জটি সফল হয়েছে। আপনার বর্তমান ব্যালেন্স 725.17 টাকা। নতুন মেয়াদ 05/12/23পর্যন্ত,ট্রানজ্যাকশন নম্বর R221205. <NUMBER> <MONEY> রিচার্জটি সফল হয়েছে। আপনার বর্তমান ব্যালেন্স <MONEY> । নতুন মেয়াদ <NUMBER> / <NUMBER> /23পর্যন্ত
ham,0,ট্রানজ্যাকশন নম্বর R231231.1436.630044 20 টাকা রিচার্জটি সফল হয়েছে। আপনার বর্তমান ব্যালেন্স 20.24 টাকা। নতুন মেয়াদ 11/03/24পর্যন্ত,ট্রানজ্যাকশন নম্বর R231231. <NUMBER> <MONEY> রিচার্জটি সফল হয়েছে। আপনার বর্তমান ব্যালেন্স <MONEY> । নতুন মেয়াদ <NUMBER> / <NUMBER> /24পর্যন্ত
ham,0,ট্রানজ্যাকশন নম্বর R231226.0945.6300b9 50 টাকা রিচার্জটি সফল হয়েছে। আপনার বর্তমান ব্যালেন্স 50.23 টাকা। নতুন মেয়াদ 11/03/24পর্যন্ত,ট্রানজ্যাকশন নম্বর R231226. <NUMBER> .6300b9 <MONEY> রিচার্জটি সফল হয়েছে। আপনার বর্তমান ব্যালেন্স <MONEY> । নতুন মেয়াদ <NUMBER> / <NUMBER> /24পর্যন্ত
ham,0,ট্রানজ্যাকশন নম্বর R231226.2012.710092 20 টাকা রিচার্জটি সফল হয়েছে। আপনার বর্তমান ব্যালেন্স 53.72 টাকা। নতুন মেয়াদ 11/03/24পর্যন্ত,ট্রানজ্যাকশন নম্বর R231226. <NUMBER> <MONEY> রিচার্জটি সফল হয়েছে। আপনার বর্তমান ব্যালেন্স <MONEY> । নতুন মেয়াদ <NUMBER> / <NUMBER> /24পর্যন্ত
ham,0,ট্রানজ্যাকশন নম্বর R231225.1619.680068 20 টাকা রিচার্জটি সফল হয়েছে। আপনার বর্তমান ব্যালেন্স 20.25 টাকা। নতুন মেয়াদ 11/03/24পর্যন্ত,ট্রানজ্যাকশন নম্বর R231225. <NUMBER> <MONEY> রিচার্জটি সফল হয়েছে। আপনার বর্তমান ব্যালেন্স <MONEY> । নতুন মেয়াদ <NUMBER> / <NUMBER> /24পর্যন্ত
ham,0,ট্রানজ্যাকশন নম্বর R231224.1957.63020c 20 টাকা রিচার্জটি সফল হয়েছে। আপনার বর্তমান ব্যালেন্স 20.27 টাকা। নতুন মেয়াদ 11/03/24পর্যন্ত,ট্রানজ্যাকশন নম্বর R231224. <NUMBER> .63020c <MONEY> রিচার্জটি সফল হয়েছে। আপনার বর্তমান ব্যালেন্স <MONEY> । নতুন মেয়াদ <NUMBER> / <NUMBER> /24পর্যন্ত
ham,0,ট্রানজ্যাকশন নম্বর R231224.1335.6800d3 20 টাকা রিচার্জটি সফল হয়েছে। আপনার বর্তমান ব্যালেন্স 20.24 টাকা। নতুন মেয়াদ 11/03/24পর্যন্ত,ট্রানজ্যাকশন নম্বর R231224. <NUMBER> .6800d3 <MONEY> রিচার্জটি সফল হয়েছে। আপনার বর্তমান ব্যালেন্স <MONEY> । নতুন মেয়াদ <NUMBER> / <NUMBER> /24পর্যন্ত
ham,0,ট্রানজ্যাকশন নম্বর R231221.1125.670134 20 টাকা রিচার্জটি সফল হয়েছে। আপনার বর্তমান ব্যালেন্স 20.36 টাকা। নতুন মেয়াদ 11/03/24পর্যন্ত,ট্রানজ্যাকশন নম্বর R231221. <NUMBER> <MONEY> রিচার্জটি সফল হয়েছে। আপনার বর্তমান ব্যালেন্স <MONEY> । নতুন মেয়াদ <NUMBER> / <NUMBER> /24পর্যন্ত
ham,0,ট্রানজ্যাকশন নম্বর R230824.1046.70014d 49 টাকা রিচার্জটি সফল হয়েছে। আপনার বর্তমান ব্যালেন্স 49.75 টাকা। নতুন মেয়াদ 11/03/24পর্যন্ত,ট্রানজ্যাকশন নম্বর R230824. <NUMBER> .70014d <MONEY> রিচার্জটি সফল হয়েছে। আপনার বর্তমান ব্যালেন্স <MONEY> । নতুন মেয়াদ <NUMBER> / <NUMBER> /24পর্যন্ত
ham,0,ট্রানজ্যাকশন নম্বর R230823.1213.62005a 20 টাকা রিচার্জটি সফল হয়েছে। আপনার বর্তমান ব্যালেন্স 20.69 টাকা। নতুন মেয়াদ 11/03/24পর্যন্ত,ট্রানজ্যাকশন নম্বর R230823. <NUMBER> .62005a <MONEY> রিচার্জটি সফল হয়েছে। আপনার বর্তমান ব্যালেন্স <MONEY> । নতুন মেয়াদ <NUMBER> / <NUMBER> /24পর্যন্ত
ham,0,ট্রানজ্যাকশন নম্বর R230821.1554.640085 20 টাকা রিচার্জটি সফল হয়েছে। আপনার বর্তমান ব্যালেন্স 20.01 টাকা। নতুন মেয়াদ 11/03/24পর্যন্ত,ট্রানজ্যাকশন নম্বর R230821. <NUMBER> <MONEY> রিচার্জটি সফল হয়েছে। আপনার বর্তমান ব্যালেন্স <MONEY> । নতুন মেয়াদ <NUMBER> / <NUMBER> /24পর্যন্ত
ham,0,ট্রানজ্যাকশন নম্বর R240405.0307.700012 20 টাকা রিচার্জটি সফল হয়েছে। আপনার বর্তমান ব্যালেন্স 20.53 টাকা। নতুন মেয়াদ 05/05/24পর্যন্ত,ট্রানজ্যাকশন নম্বর R240405. <NUMBER> <MONEY> রিচার্জটি সফল হয়েছে। আপনার বর্তমান ব্যালেন্স <MONEY> । নতুন মেয়াদ <NUMBER> / <NUMBER> /24পর্যন্ত
ham,0,ট্রানজ্যাকশন নম্বর R240428.1736.610093 20 টাকা রিচার্জটি সফল হয়েছে। আপনার বর্তমান ব্যালেন্স 20.24 টাকা। নতুন মেয়াদ 28/05/24পর্যন্ত,ট্রানজ্যাকশন নম্বর R240428. <NUMBER> <MONEY> রিচার্জটি সফল হয়েছে। আপনার বর্তমান ব্যালেন্স <MONEY> । নতুন মেয়াদ <NUMBER> / <NUMBER> /24পর্যন্ত
ham,0,ট্রানজ্যাকশন নম্বর R240426.1201.720049 20 টাকা রিচার্জটি সফল হয়েছে। আপনার বর্তমান ব্যালেন্স 20.01 টাকা। নতুন মেয়াদ 26/05/24পর্যন্ত,ট্রানজ্যাকশন নম্বর R240426. <NUMBER> <MONEY> রিচার্জটি সফল হয়েছে। আপনার বর্তমান ব্যালেন্স <MONEY> । নতুন মেয়াদ <NUMBER> / <NUMBER> /24পর্যন্ত
ham,0,ট্রানজ্যাকশন নম্বর R240424.1900.6700ad 20 টাকা রিচার্জটি সফল হয়েছে। আপনার বর্তমান ব্যালেন্স 20.23 টাকা। নতুন মেয়াদ 24/05/24পর্যন্ত,ট্রানজ্যাকশন নম্বর R240424. <NUMBER> .6700ad <MONEY> রিচার্জটি সফল হয়েছে। আপনার বর্তমান ব্যালেন্স <MONEY> । নতুন মেয়াদ <NUMBER> / <NUMBER> /24পর্যন্ত
ham,0,ট্রানজ্যাকশন নম্বর R230423.1146.21008f 49 টাকা রিচার্জটি সফল হয়েছে। আপনার বর্তমান ব্যালেন্স 49.14 টাকা। নতুন মেয়াদ 11/03/24পর্যন্ত,ট্রানজ্যাকশন নম্বর R230423. <NUMBER> .21008f <MONEY> রিচার্জটি সফল হয়েছে। আপনার বর্তমান ব্যালেন্স <MONEY> । নতুন মেয়াদ <NUMBER> / <NUMBER> /24পর্যন্ত
ham,0,ট্রানজ্যাকশন নম্বর R230421.0940.25003e 49 টাকা রিচার্জটি সফল হয়েছে। আপনার বর্তমান ব্যালেন্স 49.78 টাকা। নতুন মেয়াদ 11/03/24পর্যন্ত,ট্রানজ্যাকশন নম্বর R230421. <NUMBER> .25003e <MONEY> রিচার্জটি সফল হয়েছে। আপনার বর্তমান ব্যালেন্স <MONEY> । নতুন মেয়াদ <NUMBER> / <NUMBER> /24পর্যন্ত
ham,0,ট্রানজ্যাকশন নম্বর R240419.1038.62007b 20 টাকা রিচার্জটি সফল হয়েছে। আপনার বর্তমান ব্যালেন্স 29.45 টাকা। নতুন মেয়াদ 19/05/24পর্যন্ত,ট্রানজ্যাকশন নম্বর R240419. <NUMBER> .62007b <MONEY> রিচার্জটি সফল হয়েছে। আপনার বর্তমান ব্যালেন্স <MONEY> । নতুন মেয়াদ <NUMBER> / <NUMBER> /24পর্যন্ত
ham,0,ট্রানজ্যাকশন নম্বর R230419.2005.210113 20 টাকা রিচার্জটি সফল হয়েছে। আপনার বর্তমান ব্যালেন্স 20.79 টাকা। নতুন মেয়াদ 11/03/24পর্যন্ত,ট্রানজ্যাকশন নম্বর R230419. <NUMBER> <MONEY> রিচার্জটি সফল হয়েছে। আপনার বর্তমান ব্যালেন্স <MONEY> । নতুন মেয়াদ <NUMBER> / <NUMBER> /24পর্যন্ত
ham,0,ট্রানজ্যাকশন নম্বর R230418.1159.130120 20 টাকা রিচার্জটি সফল হয়েছে। আপনার বর্তমান ব্যালেন্স 20.82 টাকা। নতুন মেয়াদ 11/03/24পর্যন্ত,ট্রানজ্যাকশন নম্বর R230418. <NUMBER> <MONEY> রিচার্জটি সফল হয়েছে। আপনার বর্তমান ব্যালেন্স <MONEY> । নতুন মেয়াদ <NUMBER> / <NUMBER> /24পর্যন্ত
ham,0,ট্রানজ্যাকশন নম্বর R240417.1901.6800a3 20 টাকা রিচার্জটি সফল হয়েছে। আপনার বর্তমান ব্যালেন্স 20.05 টাকা। নতুন মেয়াদ 17/05/24পর্যন্ত,ট্রানজ্যাকশন নম্বর R240417. <NUMBER> .6800a3 <MONEY> রিচার্জটি সফল হয়েছে। আপনার বর্তমান ব্যালেন্স <MONEY> । নতুন মেয়াদ <NUMBER> / <NUMBER> /24পর্যন্ত
ham,0,ট্রানজ্যাকশন নম্বর R230415.1216.110049 20 টাকা রিচার্জটি সফল হয়েছে। আপনার বর্তমান ব্যালেন্স 21.02 টাকা। নতুন মেয়াদ 11/03/24পর্যন্ত,ট্রানজ্যাকশন নম্বর R230415. <NUMBER> <MONEY> রিচার্জটি সফল হয়েছে। আপনার বর্তমান ব্যালেন্স <MONEY> । নতুন মেয়াদ <NUMBER> / <NUMBER> /24পর্যন্ত
ham,0,ট্রানজ্যাকশন নম্বর R230413.1729.140016 20 টাকা রিচার্জটি সফল হয়েছে। আপনার বর্তমান ব্যালেন্স 20.80 টাকা। নতুন মেয়াদ 11/03/24পর্যন্ত,ট্রানজ্যাকশন নম্বর R230413. <NUMBER> <MONEY> রিচার্জটি সফল হয়েছে। আপনার বর্তমান ব্যালেন্স <MONEY> । নতুন মেয়াদ <NUMBER> / <NUMBER> /24পর্যন্ত
spam,1,??? ?????? ???? ????? ???? ?????? ????? ?? ?????+????? ????? ??????+??????+??? ?????????? ?????????? cutt.ly/c600,??? ?????? ???? ????? ???? ?????? ????? ?? ?????+????? ????? ??????+??????+??? ?????????? ?????????? <URL>
spam,1,ND vs PAK সুপার ফোর এর উত্তেজনাপূর্ণ লড়াই দেখতে এখনই রিচার্জ করুন!,ND vs PAK সুপার ফোর এর উত্তেজনাপূর্ণ লড়াই দেখতে এখনই রিচার্জ করুন!
spam,1,১০০% ক্যাশব্যাক অফার শুধুমাত্র আপনার জন্য। ৩০ সেপ্টেম্বর এর মধ্যে আপনার আকাশ সংযোগটিতে এক মাস রিচার্জ করলেই পেয়ে যাবেন এই অফারটি । বিস্তারিত জানুন ১৬৪৪২ নম্বরে I,<NUMBER> % ক্যাশব্যাক অফার শুধুমাত্র আপনার জন্য। <NUMBER> সেপ্টেম্বর এর মধ্যে আপনার আকাশ সংযোগটিতে এক মাস রিচার্জ করলেই পেয়ে যাবেন এই অফারটি । বিস্তারিত জানুন <PHONE> নম্বরে I
spam,1,আকাশ রিচার্জ করে ভারত-শ্রীলঙ্কা ম্যাচটি দেখুন জিটিভি এইচডি তে,আকাশ রিচার্জ করে ভারত-শ্রীলঙ্কা ম্যাচটি দেখুন জিটিভি এইচডি তে
spam,1,"সর্বোচ্চ ১৫০০ টাকা পর্যন্ত ক্যাশব্যাক পেতে, প্রিয়জন ও নিজেকে আকাশ সংযোগ রেফার করুন ১৬৪৪২ নম্বরে কল করে","সর্বোচ্চ <MONEY> পর্যন্ত ক্যাশব্যাক পেতে, প্রিয়জন ও নিজেকে আকাশ সংযোগ রেফার করুন <PHONE> নম্বরে কল করে"
spam,1,আকাশ রিচার্জ করে ভারত-পাকিস্তান ম্যাচটি দেখুন জিটিভি এইচডি তে,আকাশ রিচার্জ করে ভারত-পাকিস্তান ম্যাচটি দেখুন জিটিভি এইচডি তে
spam,1,১০০% ক্যাশব্যাক অফার শুধুমাত্র আপনার জন্য। ৩০ সেপ্টেম্বরের মধ্যে বন্ধ আকাশ সংযোগটিতে ১ মাস রিচার্জ করে বুঝে নিন ইনস্ট্যান্ট ক্যাশব্যাক। বিস্তারিত ১৬৪৪২,<NUMBER> % ক্যাশব্যাক অফার শুধুমাত্র আপনার জন্য। <NUMBER> সেপ্টেম্বরের মধ্যে বন্ধ আকাশ সংযোগটিতে <NUMBER> মাস রিচার্জ করে বুঝে নিন ইনস্ট্যান্ট ক্যাশব্যাক। বিস্তারিত <PHONE>
spam,1,আকাশ রিচার্জ করে BAN vs UAE এর দুর্দান্ত T-20 ম্যাচটি দেখুন GTV HD তে,আকাশ রিচার্জ করে BAN vs UAE এর দুর্দান্ত T- <NUMBER> ম্যাচটি দেখুন GTV HD তে
spam,1,"মাত্র ৳৩০০০ রিচার্জে ১২ মাস আকাশ স্ট্যান্ডার্ড প্যাক, মাসিক ৳২৫০ *T&amp;C","মাত্র <MONEY> রিচার্জে <NUMBER> মাস আকাশ স্ট্যান্ডার্ড প্যাক, মাসিক <MONEY> *T&amp;C"
spam,1,আপনার আকাশ স্টান্ডার্ড ফ্রি ৭ দিনের মেয়াদ আজ ১৯ সেপ্টেম্বর শেষ হচ্ছে!,আপনার আকাশ স্টান্ডার্ড ফ্রি <NUMBER> দিনের মেয়াদ আজ <NUMBER> সেপ্টেম্বর শেষ হচ্ছে!
spam,1,আপনার বন্ধ থাকা আকাশ সংযোগে রিচার্জ করে উপভোগ করুন আইপিএল ২০২১ এর রোমাঞ্চকর ম্যাচ স্টেডিয়ামে দেখার মতো অভিজ্ঞতা নিয়ে গাজী টিভি এইচডি চ্যানেলে।,আপনার বন্ধ থাকা আকাশ সংযোগে রিচার্জ করে উপভোগ করুন আইপিএল <NUMBER> এর রোমাঞ্চকর ম্যাচ স্টেডিয়ামে দেখার মতো অভিজ্ঞতা নিয়ে গাজী টিভি এইচডি চ্যানেলে।
spam,1,আকাশে ৭০০ টাকা রিচার্জে ১০০ টাকা ইনস্ট্যান্ট ক্যাশব্যাক*শর্ত প্রযোজ্য,আকাশে <MONEY> রিচার্জে <MONEY> ইনস্ট্যান্ট ক্যাশব্যাক*শর্ত প্রযোজ্য
spam,1,আজই রিচার্জ করে BD vs WI ক্রিকেট লিজেন্ডদের T20 দেখুন Cineplex HD তে,আজই রিচার্জ করে BD vs WI ক্রিকেট লিজেন্ডদের T20 দেখুন Cineplex HD তে
spam,1,আকাশ রিচার্জ করে পাকিস্তান- শ্রীলঙ্কা ম্যাচটি দেখুন জিটিভি এইচডি তে,আকাশ রিচার্জ করে পাকিস্তান- শ্রীলঙ্কা ম্যাচটি দেখুন জিটিভি এইচডি তে
spam,1,Asia Cup এর উত্তেজনাপূর্ণ IND vs PAK লড়াই দেখতে এখনই রিচার্জ করুন!,Asia Cup এর উত্তেজনাপূর্ণ IND vs PAK লড়াই দেখতে এখনই রিচার্জ করুন!
spam,1,এখনই রিচার্জ করে New Zealand vs Bangladesh এর T20 লড়াই দেখুন GTV HD তে,এখনই রিচার্জ করে New Zealand vs Bangladesh এর T20 লড়াই দেখুন GTV HD তে
spam,1,বিশ্বকাপে BAN vs AFG ম্যাচ আকাশের HD চ্যানেলে দেখতে এখনই রিচার্জ করুন!,বিশ্বকাপে BAN vs AFG ম্যাচ আকাশের HD চ্যানেলে দেখতে এখনই রিচার্জ করুন!
spam,1,এখনই রিচার্জ করে BAN Vs. PAK এর জমজমাট T20 লড়াই দেখুন GTV HD তে,এখনই রিচার্জ করে BAN Vs. PAK এর জমজমাট T20 লড়াই দেখুন GTV HD তে
spam,1,৳১০০ ক্যাশব্যাক নগদ দিয়ে আকাশে ৳৭৫০ রিচার্জে (নগদে ৳৫০ আকাশে ৳৫০) *T&amp;C,<MONEY> ক্যাশব্যাক নগদ দিয়ে আকাশে <MONEY> রিচার্জে (নগদে <MONEY> আকাশে <MONEY> ) *T&amp;C
spam,1,আজকেই শেষ দিন ২০০ টাকা ইনস্ট্যান্ট ক্যাশব্যাক সহ ফ্যান জার্সি বুঝে নেয়ার। আজই ৪০০ টাকা আপনার বন্ধ আকাশে রিচার্জ করে অফারগুলো বুঝে নিন।,আজকেই শেষ দিন <MONEY> ইনস্ট্যান্ট ক্যাশব্যাক সহ ফ্যান জার্সি বুঝে নেয়ার। আজই <MONEY> আপনার বন্ধ আকাশে রিচার্জ করে অফারগুলো বুঝে নিন।
spam,1,"প্রিয় গ্রাহক, ২০০ টাকা ইনস্ট্যান্ট ক্যাশব্যাক সহ ফ্যান জার্সি বুঝে নিন শুধুমাত্র আপনার বন্ধ আকাশে ৪০০ টাকা রিচার্জ করে","প্রিয় গ্রাহক, <MONEY> ইনস্ট্যান্ট ক্যাশব্যাক সহ ফ্যান জার্সি বুঝে নিন শুধুমাত্র আপনার বন্ধ আকাশে <MONEY> রিচার্জ করে"
spam,1,GTV HD তে T20 WC এর ENG vs AUS জমজমাট লড়াই দেখতে আজই রিচার্জ করুন,GTV HD তে T20 WC এর ENG vs AUS জমজমাট লড়াই দেখতে আজই রিচার্জ করুন
spam,1,আকাশ সংযোগে রিচার্জ করে দেখুন আইসিসি টি২০ ওয়ার্ল্ড কাপ সুপার ১২-এর বাংলাদেশ বনাম শ্রীলঙ্কা ও ইন্ডিয়া বনাম পাকিস্তানের শ্বাসরুদ্ধকর ম্যাচগুলো গাজী টিভি ও টি-স্পোর্টস এইচডি-তে,আকাশ সংযোগে রিচার্জ করে দেখুন আইসিসি টি <NUMBER> ওয়ার্ল্ড কাপ সুপার <NUMBER> -এর বাংলাদেশ বনাম শ্রীলঙ্কা ও ইন্ডিয়া বনাম পাকিস্তানের শ্বাসরুদ্ধকর ম্যাচগুলো গাজী টিভি ও টি-স্পোর্টস এইচডি-তে
spam,1,GTV HD তে T20 WC এর IND vs PAK জমজমাট লড়াই দেখতে আজই রিচার্জ করুন,GTV HD তে T20 WC এর IND vs PAK জমজমাট লড়াই দেখতে আজই রিচার্জ করুন
spam,1,GTV HD তে T20 WC এর AUS vs NZ জমজমাট লড়াই দেখতে আজই রিচার্জ করুন,GTV HD তে T20 WC এর AUS vs NZ জমজমাট লড়াই দেখতে আজই রিচার্জ করুন
spam,1,পছন্দের সিরিয়ালগুলো নিশ্চিন্তে দেখতে আজই আপনার আকাশ সংযোগে রিচার্জ করুন আর উপভোগ করুন ক্লিনফিডে স্টার জালসা ও জি বাংলা,পছন্দের সিরিয়ালগুলো নিশ্চিন্তে দেখতে আজই আপনার আকাশ সংযোগে রিচার্জ করুন আর উপভোগ করুন ক্লিনফিডে স্টার জালসা ও জি বাংলা
spam,1,আপনার আকাশ সংযোগে রিচার্জ করে উপভোগ করুন বাংলাদেশ সহ সেরা দলগুলোর আইসিসি টি২০ ওয়ার্ল্ড কাপ এর দারুনসব ম্যাচগুলো গাজী টিভি ও টি-স্পোর্টস এইচডি-তে,আপনার আকাশ সংযোগে রিচার্জ করে উপভোগ করুন বাংলাদেশ সহ সেরা দলগুলোর আইসিসি টি <NUMBER> ওয়ার্ল্ড কাপ এর দারুনসব ম্যাচগুলো গাজী টিভি ও টি-স্পোর্টস এইচডি-তে
spam,1,IND vs PAK মাঠের লড়াই মিস করছেন নাতো? HD তে দেখতে এখনই রিচার্জ করুন!,IND vs PAK মাঠের লড়াই মিস করছেন নাতো? HD তে দেখতে এখনই রিচার্জ করুন!
spam,1,এখনই রিচার্জ করে Bangladesh vs Pakistan এর T20 লড়াই দেখুন GTV HD তে,এখনই রিচার্জ করে Bangladesh vs Pakistan এর T20 লড়াই দেখুন GTV HD তে
spam,1,GTV HD তে IND vs ENG এর জমজমাট সেমি ফাইনাল দেখতে আজই রিচার্জ করুন,GTV HD তে IND vs ENG এর জমজমাট সেমি ফাইনাল দেখতে আজই রিচার্জ করুন
spam,1,আকাশ সংযোগে রিচার্জ করে দেখুন আইসিসি টি২০ ওয়ার্ল্ড কাপ সেমিফাইনালের দুর্দান্ত ম্যাচগুলো গাজী টিভি ও টি-স্পোর্টস এইচডি-তে,আকাশ সংযোগে রিচার্জ করে দেখুন আইসিসি টি <NUMBER> ওয়ার্ল্ড কাপ সেমিফাইনালের দুর্দান্ত ম্যাচগুলো গাজী টিভি ও টি-স্পোর্টস এইচডি-তে
spam,1,"প্রিয় গ্রাহক, সরকারি নির্দেশনা অনুযায়ী এখন ডিশ দেখতে অবশ্যই ডিজিটাল সেট টপ বক্স ব্যবহার করতে হবে। তাই আজই আপনার আকাশ সংযোগ চালু করে নির্বিঘ্নে উপভোগ করুন ঝকঝকে সব চ্যানেল।","প্রিয় গ্রাহক, সরকারি নির্দেশনা অনুযায়ী এখন ডিশ দেখতে অবশ্যই ডিজিটাল সেট টপ বক্স ব্যবহার করতে হবে। তাই আজই আপনার আকাশ সংযোগ চালু করে নির্বিঘ্নে উপভোগ করুন ঝকঝকে সব চ্যানেল।"
spam,1,GTV HD তে T20 WC এর PAK vs SA জমজমাট লড়াই দেখতে এখনই রিচার্জ করুন,GTV HD তে T20 WC এর PAK vs SA জমজমাট লড়াই দেখতে এখনই রিচার্জ করুন
spam,1,আকাশ রিচার্জ করে বিশ্বকাপ উদ্বোধনী দেখুন TsportsHD তে রবিবার রাত ৮টায়,আকাশ রিচার্জ করে বিশ্বকাপ উদ্বোধনী দেখুন TsportsHD তে রবিবার রাত ৮টায়
spam,1,আকাশ সংযোগে রিচার্জ করে দেখুন আসন্ন বাংলাদেশ পাকিস্তান ক্রিকেট সিরিজের দুর্দান্ত ম্যাচগুলো গাজী টিভি ও টি-স্পোর্টস এইচডি-তে,আকাশ সংযোগে রিচার্জ করে দেখুন আসন্ন বাংলাদেশ পাকিস্তান ক্রিকেট সিরিজের দুর্দান্ত ম্যাচগুলো গাজী টিভি ও টি-স্পোর্টস এইচডি-তে
spam,1,"সর্বোচ্চ ১০০০ টাকা পর্যন্ত ক্যাশব্যাক পেতে, প্রিয়জন ও নিজেকে আকাশ সংযোগ রেফার করুন ১৬৪৪২ নম্বরে কল করে","সর্বোচ্চ <MONEY> পর্যন্ত ক্যাশব্যাক পেতে, প্রিয়জন ও নিজেকে আকাশ সংযোগ রেফার করুন <PHONE> নম্বরে কল করে"
spam,1,আকাশ সংযোগে রিচার্জ করে দেখুন আইসিসি টি২০ ওয়ার্ল্ড কাপ ফাইনালের দুর্দান্ত ম্যাচ গাজী টিভি ও টি-স্পোর্টস এইচডি-তে,আকাশ সংযোগে রিচার্জ করে দেখুন আইসিসি টি <NUMBER> ওয়ার্ল্ড কাপ ফাইনালের দুর্দান্ত ম্যাচ গাজী টিভি ও টি-স্পোর্টস এইচডি-তে
spam,1,GTV HD তে PAK vs ENG এর জমজমাট ফাইনাল ম্যাচটি দেখতে আজই রিচার্জ করুন,GTV HD তে PAK vs ENG এর জমজমাট ফাইনাল ম্যাচটি দেখতে আজই রিচার্জ করুন
spam,1,GTV HD তে T20 WC এর BAN vs IND জমজমাট লড়াই দেখতে এখনই রিচার্জ করুন,GTV HD তে T20 WC এর BAN vs IND জমজমাট লড়াই দেখতে এখনই রিচার্জ করুন
spam,1,আপনার আকাশ সংযোগ রিচার্জ করে আইপিএল ২০২২-এর রোমাঞ্চকর ফাইনাল ম্যাচটি দেখুন গাজী টিভি ও টি-স্পোর্টস এইচডি-তে,আপনার আকাশ সংযোগ রিচার্জ করে আইপিএল <NUMBER> -এর রোমাঞ্চকর ফাইনাল ম্যাচটি দেখুন গাজী টিভি ও টি-স্পোর্টস এইচডি-তে
spam,1,IPL দুর্দান্ত ফাইনালে CSK vs GT এর জমজমাট লড়াই দেখতে আজই রিচার্জ করুন!,IPL দুর্দান্ত ফাইনালে CSK vs GT এর জমজমাট লড়াই দেখতে আজই রিচার্জ করুন!
spam,1,লিভারপুল ও রিয়াল মাদ্রিদ-এর মধ্যকার উয়েফা চ্যাম্পিয়নস লিগের এক্সাইটিং ম্যাচ সনি টেন ২ এইচডি চ্যানেলে উপভোগ করতে আজই রিচার্জ করুন আপনার আকাশ সংযোগটি।,লিভারপুল ও রিয়াল মাদ্রিদ-এর মধ্যকার উয়েফা চ্যাম্পিয়নস লিগের এক্সাইটিং ম্যাচ সনি টেন <NUMBER> এইচডি চ্যানেলে উপভোগ করতে আজই রিচার্জ করুন আপনার আকাশ সংযোগটি।
spam,1,আপনার আকাশ সংযোগ রিচার্জ করে আইপিএল ২০২২-এর রোমাঞ্চকর ম্যাচগুলো দেখুন গাজী টিভি ও টি-স্পোর্টস এইচডি-তে,আপনার আকাশ সংযোগ রিচার্জ করে আইপিএল <NUMBER> -এর রোমাঞ্চকর ম্যাচগুলো দেখুন গাজী টিভি ও টি-স্পোর্টস এইচডি-তে
spam,1,বাংলাদেশ-শ্রীলঙ্কার টেস্ট সিরিজের ম্যাচগুলো আপনার আকাশ সংযোগ রিচার্জ করে দেখুন গাজী টিভি ও টি-স্পোর্টস এইচডি-তে,বাংলাদেশ-শ্রীলঙ্কার টেস্ট সিরিজের ম্যাচগুলো আপনার আকাশ সংযোগ রিচার্জ করে দেখুন গাজী টিভি ও টি-স্পোর্টস এইচডি-তে
spam,1,৳৭৫ ইনস্ট্যান্ট ক্যাশব্যাক স্ট্যান্ডার্ড প্যাকে ৳৩২৫ রিচার্জে। *T&amp;C,<MONEY> ইনস্ট্যান্ট ক্যাশব্যাক স্ট্যান্ডার্ড প্যাকে <MONEY> রিচার্জে। *T&amp;C
spam,1,আকাশের ২য় বর্ষপূর্তিতে ২০০% ক্যাশব্যাক শুধুমাত্র আপনার জন্য। আপনার আকাশ সংযোগটি ৩১শে মে এর মধ্যে এক মাস রিচার্জ করলেই পেয়ে যাবেন এই অফারটি। বিস্তারিত জানুন ১৬৪৪২ নম্বরে,আকাশের ২য় বর্ষপূর্তিতে <NUMBER> % ক্যাশব্যাক শুধুমাত্র আপনার জন্য। আপনার আকাশ সংযোগটি ৩১শে মে এর মধ্যে এক মাস রিচার্জ করলেই পেয়ে যাবেন এই অফারটি। বিস্তারিত জানুন <PHONE> নম্বরে
spam,1,লিভারপুল ও ইন্টার-এর মধ্যকার উয়েফা চ্যাম্পিয়নস লিগের এক্সাইটিং ম্যাচ সনি টেন ২ এইচডি চ্যানেলে উপভোগ করতে আজই রিচার্জ করুন আপনার আকাশ সংযোগটি ।,লিভারপুল ও ইন্টার-এর মধ্যকার উয়েফা চ্যাম্পিয়নস লিগের এক্সাইটিং ম্যাচ সনি টেন <NUMBER> এইচডি চ্যানেলে উপভোগ করতে আজই রিচার্জ করুন আপনার আকাশ সংযোগটি ।
spam,1,"প্রিয় গ্রাহক, সরকারি নির্দেশনা অনুযায়ী এখন ডিশ দেখতে অবশ্যই ডিজিটাল সেট টপ বক্স ব্যবহার করতে হবে। তাই আজই আপনার বন্ধ আকাশ সংযোগ চালু করে নির্বিঘ্নে উপভোগ করুন ঝকঝকে সব চ্যানেল।","প্রিয় গ্রাহক, সরকারি নির্দেশনা অনুযায়ী এখন ডিশ দেখতে অবশ্যই ডিজিটাল সেট টপ বক্স ব্যবহার করতে হবে। তাই আজই আপনার বন্ধ আকাশ সংযোগ চালু করে নির্বিঘ্নে উপভোগ করুন ঝকঝকে সব চ্যানেল।"
spam,1,আকাশ সংযোগ রিচার্জ করুন আর বাংলাদেশ-আফগানিস্তান সিরিজের টি২০ ম্যাচ গাজী টিভি ও টি-স্পোর্টস এইচডি-তে দেখুন,আকাশ সংযোগ রিচার্জ করুন আর বাংলাদেশ-আফগানিস্তান সিরিজের টি <NUMBER> ম্যাচ গাজী টিভি ও টি-স্পোর্টস এইচডি-তে দেখুন
spam,1,আপনার আকাশ সংযোগ রিচার্জ করে বাংলাদেশ-সাউথ আফ্রিকা টেস্ট সিরিজের দারুন ম্যাচগুলো দেখুন গাজী টিভি ও টি-স্পোর্টস এইচডি-তে,আপনার আকাশ সংযোগ রিচার্জ করে বাংলাদেশ-সাউথ আফ্রিকা টেস্ট সিরিজের দারুন ম্যাচগুলো দেখুন গাজী টিভি ও টি-স্পোর্টস এইচডি-তে
spam,1,৳৫৫১ ক্যাশব্যাক ৳৫০১ রিচার্জে বা ৳৪০১ ক্যাশব্যাক ৳৪০১ রিচার্জে *T&amp;C,<MONEY> ক্যাশব্যাক <MONEY> রিচার্জে বা <MONEY> ক্যাশব্যাক <MONEY> রিচার্জে *T&amp;C
spam,1,"এই স্বাধীনতা দিবসে ২৬% ক্যাশব্যাক শুধুমাত্র আপনার (৪০২৮৮৫৮৩) জন্য। ২৭ মার্চ ২০২২ এর মধ্যে ১,০০০ টাকা রিচার্জ করে অফারটি উপভোগ করুন যত খুশি ততবার। বিস্তারিত ১৬৪৪২",এই স্বাধীনতা দিবসে <NUMBER> % ক্যাশব্যাক শুধুমাত্র আপনার ( <NUMBER> ) জন্য। <NUMBER> মার্চ <NUMBER> এর মধ্যে <MONEY> রিচার্জ করে অফারটি উপভোগ করুন যত খুশি ততবার। বিস্তারিত <PHONE>
spam,1,১৬৪৪২ তে কল করে প্রিয়জনকে আকাশ সংযোগ রেফার করলেই পেতে পারেন সর্বোচ্চ ১০০০ টাকা পর্যন্ত ক্যাশব্যাক।,<PHONE> তে কল করে প্রিয়জনকে আকাশ সংযোগ রেফার করলেই পেতে পারেন সর্বোচ্চ <MONEY> পর্যন্ত ক্যাশব্যাক।
spam,1,আপনার আকাশ সংযোগ রিচার্জ করে বাংলাদেশ-সাউথ আফ্রিকা সিরিজের দারুন ম্যাচগুলো দেখুন গাজী টিভি ও টি-স্পোর্টস এইচডি-তে,আপনার আকাশ সংযোগ রিচার্জ করে বাংলাদেশ-সাউথ আফ্রিকা সিরিজের দারুন ম্যাচগুলো দেখুন গাজী টিভি ও টি-স্পোর্টস এইচডি-তে
spam,1,৳৫০১ ক্যাশব্যাক ৳৫০১ রিচার্জে বা ৳৩৬১ ক্যাশব্যাক ৳৪০১ রিচার্জে *T&amp;C,<MONEY> ক্যাশব্যাক <MONEY> রিচার্জে বা <MONEY> ক্যাশব্যাক <MONEY> রিচার্জে *T&amp;C
spam,1,আকাশ সংযোগ রিচার্জ করুন আর বাংলাদেশ-আফগানিস্তান সিরিজের টি২০ ম্যাচগুলো গাজী টিভি ও টি-স্পোর্টস এইচডি-তে দেখুন,আকাশ সংযোগ রিচার্জ করুন আর বাংলাদেশ-আফগানিস্তান সিরিজের টি <NUMBER> ম্যাচগুলো গাজী টিভি ও টি-স্পোর্টস এইচডি-তে দেখুন
spam,1,"৳২,৯৯৯ রিচার্জে ১২ মাস / ৳১৮০০ রিচার্জে ৬ মাস স্ট্যান্ডার্ড প্যাক!*T&amp;C","<MONEY> , <PHONE> রিচার্জে <NUMBER> মাস / <MONEY> রিচার্জে <NUMBER> মাস স্ট্যান্ডার্ড প্যাক!*T&amp;C"
spam,1,আপনার আকাশ সংযোগ রিচার্জ করে বাংলাদেশ-সাউথ আফ্রিকা ওয়ানডে সিরিজের দারুন ম্যাচগুলো দেখুন গাজী টিভি ও টি-স্পোর্টস এইচডি-তে,আপনার আকাশ সংযোগ রিচার্জ করে বাংলাদেশ-সাউথ আফ্রিকা ওয়ানডে সিরিজের দারুন ম্যাচগুলো দেখুন গাজী টিভি ও টি-স্পোর্টস এইচডি-তে
spam,1,১১০% ক্যাশব্যাক! ৳৫৫১ ক্যাশব্যাক পেতে আজই রিচার্জ করুন মাত্র ৳৫০১ *T&amp;C,<NUMBER> % ক্যাশব্যাক! <MONEY> ক্যাশব্যাক পেতে আজই রিচার্জ করুন মাত্র <MONEY> *T&amp;C
spam,1,আজ ৳৫৫১ ক্যাশব্যাক ৳৫০১ রিচার্জে বা ৳৪০১ ক্যাশব্যাক ৳৪০১ রিচার্জে *T&amp;C,আজ <MONEY> ক্যাশব্যাক <MONEY> রিচার্জে বা <MONEY> ক্যাশব্যাক <MONEY> রিচার্জে *T&amp;C
spam,1,আজই রিচার্জ করে BAN VS ENG জমজমাট T20 সিরিজ দেখুন T Sports HD তে,আজই রিচার্জ করে BAN VS ENG জমজমাট T20 সিরিজ দেখুন T Sports HD তে
spam,1,মাত্র ৩০০ টাকায় স্ট্যান্ডার্ড প্যাক ৬ মাসের জন্য ৳১৮০০ রিচার্জে *T&amp;C,মাত্র <MONEY> য় স্ট্যান্ডার্ড প্যাক <NUMBER> মাসের জন্য <MONEY> রিচার্জে *T&amp;C
spam,1,আকাশ রিচার্জে জার্মানি বনাম ইংল্যান্ড ম্যাচটি দেখুন সনি টেন ২ এইচডিতে,আকাশ রিচার্জে জার্মানি বনাম ইংল্যান্ড ম্যাচটি দেখুন সনি টেন <NUMBER> এইচডিতে
spam,1,মাত্র ৳৯০০ রিচার্জে ৩ মাস স্টান্ডার্ড প্যাক অফারের আজই শেষ দিন! *T&amp;C,মাত্র <MONEY> রিচার্জে <NUMBER> মাস স্টান্ডার্ড প্যাক অফারের আজই শেষ দিন! *T&amp;C
spam,1,আপনার আকাশ সংযোগ রিচার্জ করে বাংলাদেশ বনাম ওয়েস্ট ইন্ডিজের টি-২০ সিরিজটি দেখুন টি-স্পোর্টস এইচডিতে,আপনার আকাশ সংযোগ রিচার্জ করে বাংলাদেশ বনাম ওয়েস্ট ইন্ডিজের টি- <NUMBER> সিরিজটি দেখুন টি-স্পোর্টস এইচডিতে
spam,1,ঈদ মোবারক! ৩ মাস স্ট্যান্ডার্ড প্যাক দেখুন মাত্র ৳৯০০ রিচার্জে!*T&amp;C,ঈদ মোবারক! <NUMBER> মাস স্ট্যান্ডার্ড প্যাক দেখুন মাত্র <MONEY> রিচার্জে!*T&amp;C
spam,1,স্ট্যান্ডার্ড প্যাকেজ নিয়ে ৫০০ টাকা রিচার্জ করুন আর ৩ মাস সংযোগ চালু রেখে বুঝে নিন সর্বমোট ৪০০ টাকা ক্যাশব্যাক। বিস্তারিত ১৬৪৪২,স্ট্যান্ডার্ড প্যাকেজ নিয়ে <MONEY> রিচার্জ করুন আর <NUMBER> মাস সংযোগ চালু রেখে বুঝে নিন সর্বমোট <MONEY> ক্যাশব্যাক। বিস্তারিত <PHONE>
spam,1,মাত্র ৳৯০০ রিচার্জে স্টান্ডার্ড প্যাকের ১৩০+ চ্যানেল দেখুন ৩ মাস! *T&amp;C,মাত্র <MONEY> রিচার্জে স্টান্ডার্ড প্যাকের <NUMBER> + চ্যানেল দেখুন <NUMBER> মাস! *T&amp;C
spam,1,আপনার ৭ দিনের ফ্রি প্যাকেজের আজই শেষ দিন। এখনই টিভি চালু করুন এবং ৩ মাস স্ট্যান্ডার্ড প্যাক দেখতে রিচার্জ করুন মাত্র ৳৯০০! *T&amp;C,আপনার <NUMBER> দিনের ফ্রি প্যাকেজের আজই শেষ দিন। এখনই টিভি চালু করুন এবং <NUMBER> মাস স্ট্যান্ডার্ড প্যাক দেখতে রিচার্জ করুন মাত্র <MONEY> ! *T&amp;C
spam,1,আপনার আকাশ সংযোগ রিচার্জ করে বাংলাদেশ বনাম ওয়েস্ট ইন্ডিজের টেস্ট সিরিজ দেখুন টি-স্পোর্টস এইচডিতে,আপনার আকাশ সংযোগ রিচার্জ করে বাংলাদেশ বনাম ওয়েস্ট ইন্ডিজের টেস্ট সিরিজ দেখুন টি-স্পোর্টস এইচডিতে
spam,1,আপনার ৭ দিনের ফ্রি প্যাকেজ ২২ জুন শেষ হয়ে যাবে। এখনই টিভি চালু করুন! ৩ মাস স্ট্যান্ডার্ড প্যাক দেখতে রিচার্জ করুন মাত্র ৳৯০০! *T&amp;C,আপনার <NUMBER> দিনের ফ্রি প্যাকেজ <NUMBER> জুন শেষ হয়ে যাবে। এখনই টিভি চালু করুন! <NUMBER> মাস স্ট্যান্ডার্ড প্যাক দেখতে রিচার্জ করুন মাত্র <MONEY> ! *T&amp;C
spam,1,আপনার আকাশ স্টান্ডার্ড ফ্রি ৭ দিনের মেয়াদ এই ২২ জুন শেষ হয়ে যাবে! স্টান্ডার্ড প্যাক ৩ মাস উপভোগ করতে আজই রিচার্জ করুন মাত্র ৳৯০০! *T&amp;C,আপনার আকাশ স্টান্ডার্ড ফ্রি <NUMBER> দিনের মেয়াদ এই <NUMBER> জুন শেষ হয়ে যাবে! স্টান্ডার্ড প্যাক <NUMBER> মাস উপভোগ করতে আজই রিচার্জ করুন মাত্র <MONEY> ! *T&amp;C
spam,1,টিভি খুললেই ঈদ সারপ্রাইজ! আজ থেকে ৭ দিন পর্যন্ত আপনার আকাশ সংযোগ দেখুন সম্পূর্ণ ফ্রি তে! বিস্তারিতঃ ১৬৪৪২,টিভি খুললেই ঈদ সারপ্রাইজ! আজ থেকে <NUMBER> দিন পর্যন্ত আপনার আকাশ সংযোগ দেখুন সম্পূর্ণ ফ্রি তে! বিস্তারিতঃ <PHONE>
spam,1,আকাশ রিচার্জে জার্মানি বনাম ইতালি ম্যাচটি দেখুন সনি টেন ২ এইচডিতে,আকাশ রিচার্জে জার্মানি বনাম ইতালি ম্যাচটি দেখুন সনি টেন <NUMBER> এইচডিতে
spam,1,২০০% ক্যাশব্যাক অফার শুধুমাত্র আপনার জন্য। ৩০ জুনের মধ্যে আপনার আকাশ সংযোগটিতে এক মাস রিচার্জ করলেই পেয়ে যাবেন এই অফারটি । বিস্তারিত জানুন ১৬৪৪২ নম্বরে I,<NUMBER> % ক্যাশব্যাক অফার শুধুমাত্র আপনার জন্য। <NUMBER> জুনের মধ্যে আপনার আকাশ সংযোগটিতে এক মাস রিচার্জ করলেই পেয়ে যাবেন এই অফারটি । বিস্তারিত জানুন <PHONE> নম্বরে I
spam,1,আকাশ রিচার্জে ইংল্যান্ড বনাম ইতালি ম্যাচটি দেখুন সনি টেন ২ এইচডিতে,আকাশ রিচার্জে ইংল্যান্ড বনাম ইতালি ম্যাচটি দেখুন সনি টেন <NUMBER> এইচডিতে
spam,1,আর্জেন্টিনা বনাম ইতালির মধ্যকার ফাইনালিজিমার দুর্দান্ত ম্যাচটি দেখুন আপনার আকাশ সংযোগ রিচার্জ করে সনি টেন ১ এইচডি-তে,আর্জেন্টিনা বনাম ইতালির মধ্যকার ফাইনালিজিমার দুর্দান্ত ম্যাচটি দেখুন আপনার আকাশ সংযোগ রিচার্জ করে সনি টেন <NUMBER> এইচডি-তে
spam,1,আপনার আকাশ সংযোগে রিচার্জ করে ঈদের দারুন সব প্রোগ্রাম দেখুন একদম ঝকঝকে,আপনার আকাশ সংযোগে রিচার্জ করে ঈদের দারুন সব প্রোগ্রাম দেখুন একদম ঝকঝকে
spam,1,স্ট্যান্ডার্ড প্যাকেজ নিয়ে ৪০১ টাকা বা তার বেশি রিচার্জ করুন আর ৩ মাস সংযোগ চালু রেখে বুঝে নিন সর্বমোট ৪০০ টাকা ক্যাশব্যাক।,স্ট্যান্ডার্ড প্যাকেজ নিয়ে <MONEY> বা তার বেশি রিচার্জ করুন আর <NUMBER> মাস সংযোগ চালু রেখে বুঝে নিন সর্বমোট <MONEY> ক্যাশব্যাক।
spam,1,আকাশ রিচার্জ করে বাংলাদেশ - জিম্বাবুয়ের ম্যাচটি দেখুন টি- স্পোর্টসে,আকাশ রিচার্জ করে বাংলাদেশ - জিম্বাবুয়ের ম্যাচটি দেখুন টি- স্পোর্টসে
spam,1,"আজই ১,২০০ টাকা রিচার্জে ৪০০ টাকা ইনস্ট্যান্ট ক্যাশব্যাক *শর্ত প্রযোজ্য",আজই <MONEY> রিচার্জে <MONEY> ইনস্ট্যান্ট ক্যাশব্যাক *শর্ত প্রযোজ্য
spam,1,"১,২০০ টাকা রিচার্জে ৪০০ টাকা ইনস্ট্যান্ট ক্যাশব্যাক । *শর্ত প্রযোজ্য",<MONEY> রিচার্জে <MONEY> ইনস্ট্যান্ট ক্যাশব্যাক । *শর্ত প্রযোজ্য
spam,1,আপনার আকাশ সংযোগ রিচার্জ করে ইংল্যান্ড বনাম দক্ষিন আফ্রিকার ওয়ানডে ম্যাচটি দেখুন সনি সিক্স এইচডিতে,আপনার আকাশ সংযোগ রিচার্জ করে ইংল্যান্ড বনাম দক্ষিন আফ্রিকার ওয়ানডে ম্যাচটি দেখুন সনি সিক্স এইচডিতে
spam,1,১০০% ক্যাশব্যাক অফার শুধুমাত্র আপনার জন্য। ৩০ জুলাই এর মধ্যে আপনার আকাশ সংযোগটিতে এক মাস রিচার্জ করলেই পেয়ে যাবেন এই অফারটি । বিস্তারিত জানুন ১৬৪৪২ নম্বরে I,<NUMBER> % ক্যাশব্যাক অফার শুধুমাত্র আপনার জন্য। <NUMBER> জুলাই এর মধ্যে আপনার আকাশ সংযোগটিতে এক মাস রিচার্জ করলেই পেয়ে যাবেন এই অফারটি । বিস্তারিত জানুন <PHONE> নম্বরে I
spam,1,আপনার আকাশ সংযোগ রিচার্জ করে বাংলাদেশ বনাম ওয়েস্ট ইন্ডিজের ওয়ানডে,আপনার আকাশ সংযোগ রিচার্জ করে বাংলাদেশ বনাম ওয়েস্ট ইন্ডিজের ওয়ানডে
spam,1,আপনার আকাশ সংযোগে রিচার্জ করে উপভোগ করুন কোপা আমেরিকার Brazil vs. Argentina এর রোমাঞ্চকর ফাইনাল ম্যাচ Sony Ten 2 HD চ্যানেলে। সহজে রিচার্জ করুন http://t.ly/srcQ,আপনার আকাশ সংযোগে রিচার্জ করে উপভোগ করুন কোপা আমেরিকার Brazil vs. Argentina এর রোমাঞ্চকর ফাইনাল ম্যাচ Sony Ten <NUMBER> HD চ্যানেলে। সহজে রিচার্জ করুন <URL>
spam,1,৳১২০০ রিচার্জে BPL এর প্রতিম্যাচে সর্বোচ্চ রানের সমান ক্যাশব্যাক।*T&amp;C,<MONEY> রিচার্জে BPL এর প্রতিম্যাচে সর্বোচ্চ রানের সমান ক্যাশব্যাক।*T&amp;C
spam,1,স্টার প্লাস ও স্টার স্পোর্টস সহ স্টার নেটওয়ার্কের জনপ্রিয় সব চ্যানেল ক্লিনফিডে ফিরে এলো আকাশের দুনিয়ায়। আজই রিচার্জ করে উপভোগ করুন আকাশ-এর ঝকঝকে টিভি দেখার ডিজিটাল দুনিয়া,স্টার প্লাস ও স্টার স্পোর্টস সহ স্টার নেটওয়ার্কের জনপ্রিয় সব চ্যানেল ক্লিনফিডে ফিরে এলো আকাশের দুনিয়ায়। আজই রিচার্জ করে উপভোগ করুন আকাশ-এর ঝকঝকে টিভি দেখার ডিজিটাল দুনিয়া
spam,1,৳৫০ ক্যাশব্যাক শুধুমাত্র ৳৫০০ রিচার্জে সাথে উপভোগ করুন বিপিএল খেলা,<MONEY> ক্যাশব্যাক শুধুমাত্র <MONEY> রিচার্জে সাথে উপভোগ করুন বিপিএল খেলা
spam,1,আকাশ সংযোগে রিচার্জ করে দেখুন বাংলাদেশ বনাম নিউজিল্যান্ড-এর টেস্ট সিরিজের ম্যাচগুলো গাজী টিভি ও টি-স্পোর্টস এইচডি-তে,আকাশ সংযোগে রিচার্জ করে দেখুন বাংলাদেশ বনাম নিউজিল্যান্ড-এর টেস্ট সিরিজের ম্যাচগুলো গাজী টিভি ও টি-স্পোর্টস এইচডি-তে
spam,1,আর মাত্র বাকি ৩ দিন! ৳৪০০ ক্যাশব্যাক জিতুন মাত্র ৳৪০১ রিচার্জে *T&amp;C,আর মাত্র বাকি <NUMBER> দিন! <MONEY> ক্যাশব্যাক জিতুন মাত্র <MONEY> রিচার্জে *T&amp;C
spam,1,আকাশ সংযোগে রিচার্জ করে দেখুন আইসিসি অনূর্ধ্ব-১৯ ক্রিকেট বিশ্বকাপ কোয়ার্টার ফাইনালে বাংলাদেশ আর ভারতের মধ্যকার দারুন ম্যাচটি স্টার স্পোর্টস ১-এ,আকাশ সংযোগে রিচার্জ করে দেখুন আইসিসি অনূর্ধ্ব- <NUMBER> ক্রিকেট বিশ্বকাপ কোয়ার্টার ফাইনালে বাংলাদেশ আর ভারতের মধ্যকার দারুন ম্যাচটি স্টার স্পোর্টস <NUMBER> -এ
spam,1,৳৪০০ ক্যাশব্যাক ! বন্ধ সংযোগের স্ট্যান্ডার্ড প্যাকে ৳৪০১ রিচার্জে *T&amp;C,<MONEY> ক্যাশব্যাক ! বন্ধ সংযোগের স্ট্যান্ডার্ড প্যাকে <MONEY> রিচার্জে *T&amp;C
spam,1,"৳৫০ ক্যাশব্যাক শুধুমাত্র ৳৫০০ রিচার্জে, সাথে উপভোগ করুন বিপিএল খেলা।","<MONEY> ক্যাশব্যাক শুধুমাত্র <MONEY> রিচার্জে, সাথে উপভোগ করুন বিপিএল খেলা।"
spam,1,আকাশ সংযোগে রিচার্জ করে দেখুন বিপিএল ২০২২ টুর্নামেন্টের দুর্দান্ত ম্যাচগুলো গাজী টিভি ও টি-স্পোর্টস এইচডি-তে,আকাশ সংযোগে রিচার্জ করে দেখুন বিপিএল <NUMBER> টুর্নামেন্টের দুর্দান্ত ম্যাচগুলো গাজী টিভি ও টি-স্পোর্টস এইচডি-তে
spam,1,"রিচার্জে বাজিমাত, ৳৪০১ রিচার্জ করলেই পাচ্ছেন ৳৪০০ ক্যাশব্যাক।*T&amp;C","রিচার্জে বাজিমাত, <MONEY> রিচার্জ করলেই পাচ্ছেন <MONEY> ক্যাশব্যাক।*T&amp;C"
spam,1,৳১২০০ রিচার্জে BPL এর প্রতিদিনের সর্বোচ্চ রানের সমান ক্যাশব্যাক।*T&amp;C,<MONEY> রিচার্জে BPL এর প্রতিদিনের সর্বোচ্চ রানের সমান ক্যাশব্যাক।*T&amp;C
spam,1,Akash Standard package(s) activated for your ID 40288583. Your Remaining account balance is BDT 0.00.,Akash Standard package(s) activated for your ID <NUMBER> . Your Remaining account balance is <MONEY> .
spam,1,"Dear Subscriber, you&apos;ve recharged BDT 399.00 to your ID 40288583. Your account balance is now BDT 399.00. Keep enjoying the world-class experience of AKASH.","Dear Subscriber, you&apos;ve recharged <MONEY> to your ID <NUMBER> . Your account balance is now <MONEY> . Keep enjoying the world-class experience of AKASH."
spam,1,সর্বনিম্ন ৬০ টাকায় আকাশ দেখুন ৭ দিন। ক্লিনফিডে চালু হওয়া আপনার প্রিয় চ্যানেলগুলো দেখতে এই অফার শুধুমাত্র আপনার জন্য। অফারটি নিতে কল করুন ১৬৪৪২,সর্বনিম্ন <MONEY> য় আকাশ দেখুন <NUMBER> দিন। ক্লিনফিডে চালু হওয়া আপনার প্রিয় চ্যানেলগুলো দেখতে এই অফার শুধুমাত্র আপনার জন্য। অফারটি নিতে কল করুন <PHONE>
spam,1,৭০ টাকা ইন্সট্যান্ট ক্যাশব্যাক মাত্র ৬০০ টাকা রিচার্জে। ভাষার মাসে আকাশ-এ অফারটি উপভোগ করুন যত খুশি ততবার।,<MONEY> ইন্সট্যান্ট ক্যাশব্যাক মাত্র <MONEY> রিচার্জে। ভাষার মাসে আকাশ-এ অফারটি উপভোগ করুন যত খুশি ততবার।
spam,1,মাত্র ১০০ টাকায় আকাশ দেখুন ৭ দিন। ক্লিনফিডে চালু হওয়া আপনার প্রিয় চ্যানেলগুলো দেখতে এই অফার শুধুমাত্র আপনার জন্য। অফারটি নিতে কল করুন ১৬৪৪২,মাত্র <MONEY> য় আকাশ দেখুন <NUMBER> দিন। ক্লিনফিডে চালু হওয়া আপনার প্রিয় চ্যানেলগুলো দেখতে এই অফার শুধুমাত্র আপনার জন্য। অফারটি নিতে কল করুন <PHONE>
spam,1,"প্রিয় গ্রাহক, সরকারি নির্দেশনা অনুযায়ী এখন ডিশ দেখতে অবশ্যই ডিজিটাল সেট টপ বক্স ব্যবহার করতে হবে। তাই আজই আপনার বন্ধ","প্রিয় গ্রাহক, সরকারি নির্দেশনা অনুযায়ী এখন ডিশ দেখতে অবশ্যই ডিজিটাল সেট টপ বক্স ব্যবহার করতে হবে। তাই আজই আপনার বন্ধ"
spam,1,৳২০১ ক্যাশব্যাক! স্ট্যান্ডার্ড প্যাকে ৩মাসের জন্য ৳৯৯৯ রিচার্জে *T&amp;C,<MONEY> ক্যাশব্যাক! স্ট্যান্ডার্ড প্যাকে ৩মাসের জন্য ৳ <PHONE> রিচার্জে *T&amp;C
spam,1,"৳৫২ ক্যাশব্যাক মাত্র ৳৫০০ রিচার্জে,সাথে আকাশের সব জমকালো অনুষ্ঠান *T&amp;C","<MONEY> ক্যাশব্যাক মাত্র <MONEY> রিচার্জে,সাথে আকাশের সব জমকালো অনুষ্ঠান *T&amp;C"
spam,1,মাত্র ২৫০ টাকায় স্ট্যান্ডার্ড প্যাক ১২ মাসের জন্য ৳২৯৯৯ রিচার্জে *T&amp;C,মাত্র <MONEY> য় স্ট্যান্ডার্ড প্যাক <NUMBER> মাসের জন্য <MONEY> রিচার্জে *T&amp;C
spam,1,বাংলাদেশ-আফগানিস্তান সিরিজের দুর্দান্ত ফাইনাল ম্যাচ গাজী টিভি ও টি-স্পোর্টস এইচডি-তে দেখতে রিচার্জ করুন আপনার আকাশ সংযোগে,বাংলাদেশ-আফগানিস্তান সিরিজের দুর্দান্ত ফাইনাল ম্যাচ গাজী টিভি ও টি-স্পোর্টস এইচডি-তে দেখতে রিচার্জ করুন আপনার আকাশ সংযোগে
spam,1,১১০% ক্যাশব্যাকের আজই শেষদিন! ৳৫৫১ ক্যাশব্যাক ৳৫০১ রিচার্জে। *T&amp;C,<NUMBER> % ক্যাশব্যাকের আজই শেষদিন! <MONEY> ক্যাশব্যাক <MONEY> রিচার্জে। *T&amp;C
spam,1,১০০% ক্যাশব্যাকের আজই শেষদিন! ৳৪০১ ক্যাশব্যাক ৳৪০১ রিচার্জে। *T&amp;C,<NUMBER> % ক্যাশব্যাকের আজই শেষদিন! <MONEY> ক্যাশব্যাক <MONEY> রিচার্জে। *T&amp;C
spam,1,৳৫৫১ ক্যাশব্যাক ৳৫০১ রিচার্জে অথবা ৳৪০১ ক্যাশব্যাক ৳৪০১ রিচার্জে *T&amp;C,<MONEY> ক্যাশব্যাক <MONEY> রিচার্জে অথবা <MONEY> ক্যাশব্যাক <MONEY> রিচার্জে *T&amp;C
spam,1,বাংলাদেশ-আফগানিস্তান সিরিজের দুর্দান্ত ম্যাচগুলো গাজী টিভি ও টি-স্পোর্টস এইচডি-তে দেখতে রিচার্জ করুন আপনার আকাশ সংযোগে,বাংলাদেশ-আফগানিস্তান সিরিজের দুর্দান্ত ম্যাচগুলো গাজী টিভি ও টি-স্পোর্টস এইচডি-তে দেখতে রিচার্জ করুন আপনার আকাশ সংযোগে
spam,1,"প্রিয় গ্রাহক, আকাশ জার্সি ক্যাম্পেইনে অংশগ্রহণের জন্য ২৩ ফেব্রুয়ারি বিকাল ৫টার মধ্যে ০৯৬১২২০০৮০০ নম্বরে মিসড কল দিন আর পেয়ে যান বাংলাদেশ জাতীয় ক্রিকেট দলের জার্সি জেতার সুযোগ।","প্রিয় গ্রাহক, আকাশ জার্সি ক্যাম্পেইনে অংশগ্রহণের জন্য <NUMBER> ফেব্রুয়ারি বিকাল ৫টার মধ্যে <NUMBER> নম্বরে মিসড কল দিন আর পেয়ে যান বাংলাদেশ জাতীয় ক্রিকেট দলের জার্সি জেতার সুযোগ।"
spam,1,আজই ৳৫০১ ক্যাশব্যাক ৳৫০১ রিচার্জে ও ৳৩২১ ক্যাশব্যাক ৳৪০১ রিচার্জে *T&amp;C,আজই <MONEY> ক্যাশব্যাক <MONEY> রিচার্জে ও <MONEY> ক্যাশব্যাক <MONEY> রিচার্জে *T&amp;C
spam,1,Akash Standard package(s) deactivated for your ID 40288583. Your Remaining account balance is BDT 0.00. To recharge http://t.ly/srcQ,Akash Standard package(s) deactivated for your ID <NUMBER> . Your Remaining account balance is <MONEY> . To recharge <URL>
spam,1,পিএসজি ও রিয়াল মাদ্রিদ এবং ইন্টার ও লিভারপুল-এর মধ্যকার উয়েফা চ্যাম্পিয়নস লিগের এক্সাইটিং ম্যাচগুলো সনি টেন ২ এইচডি চ্যানেলে উপভোগ করতে আজই রিচার্জ করুন আপনার আকাশ সংযোগটি।,পিএসজি ও রিয়াল মাদ্রিদ এবং ইন্টার ও লিভারপুল-এর মধ্যকার উয়েফা চ্যাম্পিয়নস লিগের এক্সাইটিং ম্যাচগুলো সনি টেন <NUMBER> এইচডি চ্যানেলে উপভোগ করতে আজই রিচার্জ করুন আপনার আকাশ সংযোগটি।
spam,1,আকাশ সংযোগে রিচার্জ করে বিপিএল ২০২২-এর দুর্দান্ত সেমিফাইনাল ও ফাইনালের ম্যাচগুলো দেখুন গাজী টিভি ও টি-স্পোর্টস এইচডি-তে,আকাশ সংযোগে রিচার্জ করে বিপিএল <NUMBER> -এর দুর্দান্ত সেমিফাইনাল ও ফাইনালের ম্যাচগুলো দেখুন গাজী টিভি ও টি-স্পোর্টস এইচডি-তে
spam,1,Your Akash Standard is valid up to 15/02/2022 for ID 40288583. Your remaining account balance is BDT 0.00. For account detail or recharge visit http://t.ly/srcQ,Your Akash Standard is valid up to <NUMBER> / <NUMBER> / <NUMBER> for ID <NUMBER> . Your remaining account balance is <MONEY> . For account detail or recharge visit <URL>
spam,1,"১১০% পর্যন্ত ক্যাশব্যাক! ৳৪০১ রিচার্জে ৳৩৬১ আর ৳৫০১ রিচার্জে ৳৫৫১ ক্যাশব্যাক। অফারটি মাত্র ৩দিনের, আগামী ১২ই ফেব্রুয়ারি’২৩ পর্যন্ত*T&amp;C","<NUMBER> % পর্যন্ত ক্যাশব্যাক! <MONEY> রিচার্জে <MONEY> আর <MONEY> রিচার্জে <MONEY> ক্যাশব্যাক। অফারটি মাত্র ৩দিনের, আগামী ১২ই ফেব্রুয়ারি’ <NUMBER> পর্যন্ত*T&amp;C"
spam,1,৳৭০১ রিচার্জে WC এর প্রতি গোলের জন্য পাবেন ৳১০ করে ক্যাশব্যাক। *T&amp;C,<MONEY> রিচার্জে WC এর প্রতি গোলের জন্য পাবেন <MONEY> করে ক্যাশব্যাক। *T&amp;C
spam,1,জলসা মুভিজ-এ নতুন বছর উদযাপন দেখতে আজই রিচার্জ করুন আপনার আকাশ সংযোগ।,জলসা মুভিজ-এ নতুন বছর উদযাপন দেখতে আজই রিচার্জ করুন আপনার আকাশ সংযোগ।
spam,1,ঝকঝকে আকাশে BAN vs IND খেলা GTV HD তে উপভোগ করতে আজই রিচার্জ করুন,ঝকঝকে আকাশে BAN vs IND খেলা GTV HD তে উপভোগ করতে আজই রিচার্জ করুন
spam,1,বছর শেষের বেস্ট ডিল! ৳৫০০ রিচার্জে পাচ্ছেন ৳১০০ ক্যাশব্যাক। *T&amp;C,বছর শেষের বেস্ট ডিল! <MONEY> রিচার্জে পাচ্ছেন <MONEY> ক্যাশব্যাক। *T&amp;C
spam,1,বছর শেষের বেস্ট ডিল! ৳৫০০ রিচার্জে পাচ্ছেন ৳১০০ ক্যাশব্যাক। T&amp;C,বছর শেষের বেস্ট ডিল! <MONEY> রিচার্জে পাচ্ছেন <MONEY> ক্যাশব্যাক। T&amp;C
spam,1,আজই শেষ! ৳৭০১ রিচার্জে প্রতি গোলের জন্য পাবেন ৳১০ করে ক্যাশব্যাক।*T&amp;C,আজই শেষ! <MONEY> রিচার্জে প্রতি গোলের জন্য পাবেন <MONEY> করে ক্যাশব্যাক।*T&amp;C
spam,1,মেসির দুর্দান্ত খেলাসহ বিশ্বকাপ ফাইনাল উপভোগ করতে আজই রিচার্জ করুন,মেসির দুর্দান্ত খেলাসহ বিশ্বকাপ ফাইনাল উপভোগ করতে আজই রিচার্জ করুন
spam,1,মেসির দুর্দান্ত খেলাসহ WC Semi-Final ম্যাচ উপভোগ করতে আজই রিচার্জ করুন,মেসির দুর্দান্ত খেলাসহ WC Semi-Final ম্যাচ উপভোগ করতে আজই রিচার্জ করুন
spam,1,এশিয়া কাপে বাঘ-সিংহের (BAN vs SL) লড়াই দেখতে এখনই রিচার্জ করুন!,এশিয়া কাপে বাঘ-সিংহের (BAN vs SL) লড়াই দেখতে এখনই রিচার্জ করুন!
spam,1,আকাশ রিচার্জ করে বাংলাদেশ-শ্রীলঙ্কা ম্যাচটি দেখুন জিটিভি এইচডি তে,আকাশ রিচার্জ করে বাংলাদেশ-শ্রীলঙ্কা ম্যাচটি দেখুন জিটিভি এইচডি তে
spam,1,বাংলাদেশ বনাম নিউজিল্যান্ড এর রোমাঞ্চকর 1st T20I ম্যাচ T Sports HD চ্যানেলে উপভোগ করতে আজই আপনার বন্ধ থাকা আকাশ সংযোগে রিচার্জ করুন।,বাংলাদেশ বনাম নিউজিল্যান্ড এর রোমাঞ্চকর 1st T20I ম্যাচ T Sports HD চ্যানেলে উপভোগ করতে আজই আপনার বন্ধ থাকা আকাশ সংযোগে রিচার্জ করুন।
spam,1,আপনার আকাশ সংযোগে রিচার্জ করে উপভোগ করুন বাংলাদেশ বনাম অস্ট্রেলিয়ার রোমাঞ্চকর ম্যাচগুলো গাজী টিভি ও টি-স্পোর্টস এইচডি-তে,আপনার আকাশ সংযোগে রিচার্জ করে উপভোগ করুন বাংলাদেশ বনাম অস্ট্রেলিয়ার রোমাঞ্চকর ম্যাচগুলো গাজী টিভি ও টি-স্পোর্টস এইচডি-তে
spam,1,আকাশ রিচার্জ করে বাংলাদেশ-আফগানিস্তান ম্যাচটি দেখুন জিটিভি এইচডি তে,আকাশ রিচার্জ করে বাংলাদেশ-আফগানিস্তান ম্যাচটি দেখুন জিটিভি এইচডি তে
spam,1,"প্রিয় গ্রাহক, ৩১ আগস্ট, ২০২১ এর মধ্যে রিচার্জ করলে আপনাকে ২০০ টাকা রিকানেকশন ফি জমা দিতে হবে না। রিচার্জ করতে ভিজিট করুন https://bit.ly/2W2mTHH","প্রিয় গ্রাহক, <NUMBER> আগস্ট, <NUMBER> এর মধ্যে রিচার্জ করলে আপনাকে <MONEY> রিকানেকশন ফি জমা দিতে হবে না। রিচার্জ করতে ভিজিট করুন <URL>"
spam,1,৫০% ক্যাশব্যাক অফার শুধুমাত্র আপনার জন্য। ৩১ আগস্ট এর মধ্যে আপনার আকাশ সংযোগটিতে এক মাস রিচার্জ করলেই পেয়ে যাবেন এই অফারটি । বিস্তারিত জানুন ১৬৪৪২ নম্বরে I,<NUMBER> % ক্যাশব্যাক অফার শুধুমাত্র আপনার জন্য। <NUMBER> আগস্ট এর মধ্যে আপনার আকাশ সংযোগটিতে এক মাস রিচার্জ করলেই পেয়ে যাবেন এই অফারটি । বিস্তারিত জানুন <PHONE> নম্বরে I
spam,1,"দারুন অফার! ৩,০০০ টাকা রিচার্জে ১,৮০০ টাকা ক্যাশব্যাক*শর্ত প্রযোজ্য",দারুন অফার! <MONEY> রিচার্জে <MONEY> ক্যাশব্যাক*শর্ত প্রযোজ্য
spam,1,দারুণ অফার! স্ট্যান্ডার্ড প্যাকে মাত্র ৳৩২৫ রিচার্জেই দেখুন ১ মাস!*T&amp;C,দারুণ অফার! স্ট্যান্ডার্ড প্যাকে মাত্র <MONEY> রিচার্জেই দেখুন <NUMBER> মাস!*T&amp;C
spam,1,স্ট্যান্ডার্ড প্যাকে ৳১০০ ক্যাশব্যাক মাত্র ৳৩০০ রিচার্জে। *T&amp;C,স্ট্যান্ডার্ড প্যাকে <MONEY> ক্যাশব্যাক মাত্র <MONEY> রিচার্জে। *T&amp;C
spam,1,Your OTP is 725378,Your OTP is <NUMBER>
spam,1,আর মাত্র ৩ দিন বাকি! সর্বনিম্ন ৬০ টাকায় আকাশ দেখুন ৭ দিন। অফারটি শুধুমাত্র আপনার জন্য। অফারটি নিতে কল করুন ১৬৪৪২,আর মাত্র <NUMBER> দিন বাকি! সর্বনিম্ন <MONEY> য় আকাশ দেখুন <NUMBER> দিন। অফারটি শুধুমাত্র আপনার জন্য। অফারটি নিতে কল করুন <PHONE>
spam,1,২৫% ক্যাশব্যাক অফার শুধুমাত্র আপনার জন্য। আপনার আকাশ সংযোগ (ID-40284506) চালু করেই বুঝে নিন অফারটি । বিস্তারিত জানুন ১৬৪৪২ নম্বরে I,<NUMBER> % ক্যাশব্যাক অফার শুধুমাত্র আপনার জন্য। আপনার আকাশ সংযোগ (ID- <NUMBER> ) চালু করেই বুঝে নিন অফারটি । বিস্তারিত জানুন <PHONE> নম্বরে I
spam,1,"প্রিয় গ্রাহক, আপনার আকাশ সংযোগে রিচার্জ করুন আর উপভোগ করুন আইপিএল ২০২১ এর রোমাঞ্চকর ম্যাচ স্টেডিয়ামে দেখার মতো অভিজ্ঞতা নিয়ে গাজী টিভি এইচডি চ্যানেলে।","প্রিয় গ্রাহক, আপনার আকাশ সংযোগে রিচার্জ করুন আর উপভোগ করুন আইপিএল <NUMBER> এর রোমাঞ্চকর ম্যাচ স্টেডিয়ামে দেখার মতো অভিজ্ঞতা নিয়ে গাজী টিভি এইচডি চ্যানেলে।"
spam,1,আজই রিচার্জ করে সাকিব-লিটনের টিম KKR এর IPL খেলা দেখুন T Sports HD তে,আজই রিচার্জ করে সাকিব-লিটনের টিম KKR এর IPL খেলা দেখুন T Sports HD তে
spam,1,আগামীকাল শেষ হচ্ছে ডায়মন্ড ওয়ার্ল্ড চট্টগ্রাম শাখার জুয়েলারী মেলা। দারুণ সব অফার পেতে চলে আসুন আজই। কল: ০১৭১৩১৯৯২৭০,আগামীকাল শেষ হচ্ছে ডায়মন্ড ওয়ার্ল্ড চট্টগ্রাম শাখার জুয়েলারী মেলা। দারুণ সব অফার পেতে চলে আসুন আজই। কল: <PHONE>
spam,1,"শুভ শারদীয়া! পূজোর আনন্দ বাড়াতে ২৫% ছাড়ে কেনাকাটা করুন ডায়মন্ড ওয়ার্ল্ডে, ০৬ অক্টোবর পর্যন্ত। কলঃ ০১৭১৩১৯৯২৭০","শুভ শারদীয়া! পূজোর আনন্দ বাড়াতে <NUMBER> % ছাড়ে কেনাকাটা করুন ডায়মন্ড ওয়ার্ল্ডে, <NUMBER> অক্টোবর পর্যন্ত। কলঃ <PHONE>"
spam,1,ডায়মন্ড ওয়ার্ল্ড চট্টগ্রাম শাখার জুয়েলারী মেলায় ২১ - ২৪ সেপ্টেম্বর উপভোগ করুন ডায়মন্ড গহনাতে ২৫% ছাড়। কল: ০১৭১৩১৯৯২৭০,ডায়মন্ড ওয়ার্ল্ড চট্টগ্রাম শাখার জুয়েলারী মেলায় <NUMBER> - <NUMBER> সেপ্টেম্বর উপভোগ করুন ডায়মন্ড গহনাতে <NUMBER> % ছাড়। কল: <PHONE>
spam,1,আগামীকাল শেষ হচ্ছে ডায়মন্ড ওয়ার্ল্ড কেবিএইচ শাখার জুয়েলারী মেলা। দারুণ সব অফার পেতে চলে আসুন আজই। কল: ০১৭১৩১৯৯২৭০,আগামীকাল শেষ হচ্ছে ডায়মন্ড ওয়ার্ল্ড কেবিএইচ শাখার জুয়েলারী মেলা। দারুণ সব অফার পেতে চলে আসুন আজই। কল: <PHONE>
spam,1,ডায়মন্ড ওয়ার্ল্ড কেবিএইচ শাখার ৬ষ্ঠ বর্ষপূর্তীতে ১৪-১৭ সেপ্টেম্বর উপভোগ করুন ডায়মন্ড গহনায় ২৫% ও গোল্ডের মজুরিতে ৫০% ছাড়। ০১৭১৩১৯৯২৭০,ডায়মন্ড ওয়ার্ল্ড কেবিএইচ শাখার ৬ষ্ঠ বর্ষপূর্তীতে <NUMBER> - <NUMBER> সেপ্টেম্বর উপভোগ করুন ডায়মন্ড গহনায় <NUMBER> % ও গোল্ডের মজুরিতে <NUMBER> % ছাড়। <PHONE>
spam,1,শারদ শুভেচ্ছা!,শারদ শুভেচ্ছা!
spam,1,শুভ দীপাবলী! উপভোগ করুন ডায়মন্ড গহনাতে ২৫%ছাড় এবং গোল্ড মজুরীতে ৫০%ছাড় ২৫ অক্টোবর পর্যন্ত। কল: ০১৭১৩১৯৯২৭০ ভিজিট: diamondworldltd.com,শুভ দীপাবলী! উপভোগ করুন ডায়মন্ড গহনাতে <NUMBER> %ছাড় এবং গোল্ড মজুরীতে <NUMBER> %ছাড় <NUMBER> অক্টোবর পর্যন্ত। কল: <PHONE> ভিজিট: <URL>
spam,1,"দুর্গা পূজায় কেনাকাটা করুন ২৫% ছাড়ে, ২৫ অক্টোবর পর্যন্ত। ০১৭১৩১৯৯২৭০","দুর্গা পূজায় কেনাকাটা করুন <NUMBER> % ছাড়ে, <NUMBER> অক্টোবর পর্যন্ত। <PHONE>"
spam,1,শুভ দীপাবলী! ডায়মন্ড জুয়েলারীতে ২৫% ছাড় ১৩ নভেম্বর পর্যন্ত।০১৭১৩১৯৯২৭০,শুভ দীপাবলী! ডায়মন্ড জুয়েলারীতে <NUMBER> % ছাড় <NUMBER> নভেম্বর পর্যন্ত। <PHONE>
spam,1,"শুভ জন্মদিন,","শুভ জন্মদিন,"
spam,1,ডায়মন্ড ওয়ার্ল্ড কেবিএইচ শাখার জুয়েলারী মেলায় ২২ - ২৫ নভেম্বর উপভোগ করুন ডায়মন্ড গহনাতে ২৫% ছাড়। কল: ০১৭১৩১৯৯২৭০,ডায়মন্ড ওয়ার্ল্ড কেবিএইচ শাখার জুয়েলারী মেলায় <NUMBER> - <NUMBER> নভেম্বর উপভোগ করুন ডায়মন্ড গহনাতে <NUMBER> % ছাড়। কল: <PHONE>
spam,1,ডায়মন্ড ওয়ার্ল্ড চট্টগ্রাম শাখার জুয়েলারী মেলায় ১৬ - ১৯ নভেম্বর উপভোগ করুন ডায়মন্ড গহনাতে ২৫% ও গোল্ডের মজুরিতে ৫০% ছাড়। ০১৭১৩১৯৯২৭০,ডায়মন্ড ওয়ার্ল্ড চট্টগ্রাম শাখার জুয়েলারী মেলায় <NUMBER> - <NUMBER> নভেম্বর উপভোগ করুন ডায়মন্ড গহনাতে <NUMBER> % ও গোল্ডের মজুরিতে <NUMBER> % ছাড়। <PHONE>
spam,1,শুভ দীপাবলী!,শুভ দীপাবলী!
spam,1,২৫% ছাড়ের সাথে ঈদের কেনাকাটা করুন এবার ডায়মন্ড ওয়ার্ল্ডে। ০১৭১৩১৯৯২৭০,<NUMBER> % ছাড়ের সাথে ঈদের কেনাকাটা করুন এবার ডায়মন্ড ওয়ার্ল্ডে। <PHONE>
spam,1,ঈদ কেনাকাটায় ডায়মন্ড গহনায় ২৫% ছাড় চাঁদরাত পর্যন্ত। ফোন: ০১৭১৩১৯৯২৭০,ঈদ কেনাকাটায় ডায়মন্ড গহনায় <NUMBER> % ছাড় চাঁদরাত পর্যন্ত। ফোন: <PHONE>
spam,1,ডায়মন্ড ওয়ার্ল্ড ওয়েবসাইটে &quot;DWLFEST22&quot; কুপন কোডটি ব্যবহার করে জিতে নিন ইনস্ট্যান্ট ৫০০ টাকা ক্যাশ ব্যাক যে কোনো ডায়মন্ড জুয়েলারীতে। বিস্তারিত: ০১৬১০১৯৯২৭০ ভিজিট: diamondworldltd.com,ডায়মন্ড ওয়ার্ল্ড ওয়েবসাইটে &quot;DWLFEST22&quot; কুপন কোডটি ব্যবহার করে জিতে নিন ইনস্ট্যান্ট <MONEY> ক্যাশ ব্যাক যে কোনো ডায়মন্ড জুয়েলারীতে। বিস্তারিত: <PHONE> ভিজিট: <URL>
spam,1,"ডায়মন্ড ওয়ার্ল্ড অনলাইন ফেস্ট&apos;২২ এ অনলাইন কেনাকাটায় উপভোগ করুন ২৭% ছাড়, গোল্ড ও প্ল্যাটিনাম এ ফ্রি মেকিং চার্জসহ ইনস্ট্যান্ট ক্যাশ ব্যাক। কল: ০১৬১০১৯৯২৭০, ভিজিট : diamondworldltd.com","ডায়মন্ড ওয়ার্ল্ড অনলাইন ফেস্ট&apos; <NUMBER> এ অনলাইন কেনাকাটায় উপভোগ করুন <NUMBER> % ছাড়, গোল্ড ও প্ল্যাটিনাম এ ফ্রি মেকিং চার্জসহ ইনস্ট্যান্ট ক্যাশ ব্যাক। কল: <PHONE> , ভিজিট : <URL>"
spam,1,"স্বাধীনতা দিবসে পাচ্ছেন সপ্তাহজুড়ে হীরের গহনা ফ্রি এক্সচেঞ্জ করার সুবিধা! ভিজিট- diamondworldltd.com/shadhin2023, CA ও কল: ০১৭১৩১৯৯২৭০","স্বাধীনতা দিবসে পাচ্ছেন সপ্তাহজুড়ে হীরের গহনা ফ্রি এক্সচেঞ্জ করার সুবিধা! ভিজিট- <URL> , CA ও কল: <PHONE>"
spam,1,"স্বাধীনতা দিবসের শুভেচ্ছা! স্বাধীনতা দিবস উপলক্ষে থাকছে ডায়মন্ড প্রোডাক্ট ফ্রি এক্সচেঞ্জ করার সুবিধা ২৮ মার্চ পর্যন্ত, CA, ০১৭১৩১৯৯২৭০","স্বাধীনতা দিবসের শুভেচ্ছা! স্বাধীনতা দিবস উপলক্ষে থাকছে ডায়মন্ড প্রোডাক্ট ফ্রি এক্সচেঞ্জ করার সুবিধা <NUMBER> মার্চ পর্যন্ত, CA, <PHONE>"
spam,1,স্বাধীনতার সুবর্ণ জয়ন্তীতে ডায়মন্ড ওয়ার্ল্ড দিচ্ছে আগামী ২৫ থেকে ২৭ মার্চ সকল ডায়মন্ড জুয়েলারীতে ২৫% ছাড়। বিস্তারিত: ০১৭১৩১৯৯২৭০,স্বাধীনতার সুবর্ণ জয়ন্তীতে ডায়মন্ড ওয়ার্ল্ড দিচ্ছে আগামী <NUMBER> থেকে <NUMBER> মার্চ সকল ডায়মন্ড জুয়েলারীতে <NUMBER> % ছাড়। বিস্তারিত: <PHONE>
spam,1,"ঈদ কেনাকাটা হোক ডায়মন্ড ওয়ার্ল্ডের সাথে, উপভোগ করুন ডায়মন্ড গহনায় ২৫%ছাড় ও গোল্ডের আকর্ষণীয় কালেকশন। ভিজিট:qrco.de/beuAOs, ০১৭১৩১৯৯২৭০","ঈদ কেনাকাটা হোক ডায়মন্ড ওয়ার্ল্ডের সাথে, উপভোগ করুন ডায়মন্ড গহনায় <NUMBER> %ছাড় ও গোল্ডের আকর্ষণীয় কালেকশন। ভিজিট:qrco.de/beuAOs, <PHONE>"
spam,1,মুজিব শতবর্ষ উদযাপন উপলক্ষে ডায়মন্ড ওয়ার্ল্ড এর অনলাইনে উপভোগ করুন ২৭% ছাড় ১৯মার্চ পর্যন্ত। ভিজিট: diamondworldltd.com কল: ০১৭১৩১৯৯২৭০,মুজিব শতবর্ষ উদযাপন উপলক্ষে ডায়মন্ড ওয়ার্ল্ড এর অনলাইনে উপভোগ করুন <NUMBER> % ছাড় ১৯মার্চ পর্যন্ত। ভিজিট: <URL> কল: <PHONE>
spam,1,"ঈদ কেনাকাটা জমবে এবার ডায়মন্ড ওয়ার্ল্ডের সাথে, উপভোগ করুন ডায়মন্ড গহনায় ২৫% ও গোল্ড মজুরীতে বিশাল ছাড়, সাথে ক্যাশব্যাক। ০১৭১৩১৯৯২৭০","ঈদ কেনাকাটা জমবে এবার ডায়মন্ড ওয়ার্ল্ডের সাথে, উপভোগ করুন ডায়মন্ড গহনায় <NUMBER> % ও গোল্ড মজুরীতে বিশাল ছাড়, সাথে ক্যাশব্যাক। <PHONE>"
spam,1,ঈদ মোবারাক! আজ থেকে আমাদের চট্টগ্রাম শোরুম খোলা আছে। কল: ০১৭১৩১৯৯২৭০,ঈদ মোবারাক! আজ থেকে আমাদের চট্টগ্রাম শোরুম খোলা আছে। কল: <PHONE>
spam,1,ডায়মন্ড ওয়ার্ল্ডের পক্ষ থেকে জানাই বাবা দিবসের শুভেচ্ছা। বাবা দিবস উপলক্ষে ডায়মন্ড গহনায় চলছে ২৫% ছাড় ২১জুন পর্যন্ত। ০১৭১৩১৯৯২৭০,ডায়মন্ড ওয়ার্ল্ডের পক্ষ থেকে জানাই বাবা দিবসের শুভেচ্ছা। বাবা দিবস উপলক্ষে ডায়মন্ড গহনায় চলছে <NUMBER> % ছাড় ২১জুন পর্যন্ত। <PHONE>
spam,1,"২৫% ছাড়ের সাথে আরো ৫% ছাড় এক্সট্রা পেতে অর্ডার করুন ডায়মন্ড ওয়ার্ল্ড অনলাইন শপে। ভিজিট: diamondworldltd.com, কল: ০১৭১৩১৯৯২৭০","<NUMBER> % ছাড়ের সাথে আরো <NUMBER> % ছাড় এক্সট্রা পেতে অর্ডার করুন ডায়মন্ড ওয়ার্ল্ড অনলাইন শপে। ভিজিট: <URL> , কল: <PHONE>"
spam,1,স্বাস্থ্যবিধি মেনে আজ থেকে আমাদের চট্টগ্রাম শোরুম খোলা আছে।০১৭১৩১৯৯২৭০,স্বাস্থ্যবিধি মেনে আজ থেকে আমাদের চট্টগ্রাম শোরুম খোলা আছে। <PHONE>
spam,1,ডায়মন্ড ওয়ার্ল্ডে ঈদের কেনাকাটা করুন ২৫% ছাড়ের সাথে। কল: ০১৭১৩১৯৯২৭০,ডায়মন্ড ওয়ার্ল্ডে ঈদের কেনাকাটা করুন <NUMBER> % ছাড়ের সাথে। কল: <PHONE>
spam,1,আগামীকাল শেষ হচ্ছে ডায়মন্ড ওয়ার্ল্ড চট্টগ্রাম শাখার ১১তম বর্ষপূর্তির জুয়েলারী মেলা। দারুণ সব অফার পেতে চলে আসুন আজই। কল: ০১৭১৩১৯৯২৭০,আগামীকাল শেষ হচ্ছে ডায়মন্ড ওয়ার্ল্ড চট্টগ্রাম শাখার ১১তম বর্ষপূর্তির জুয়েলারী মেলা। দারুণ সব অফার পেতে চলে আসুন আজই। কল: <PHONE>
spam,1,ডায়মন্ড ওয়ার্ল্ড চট্টগ্রাম শাখার ১১তম বর্ষপূর্তীতে ২৫- ২৮ জানুয়ারি উপভোগ করুন ডায়মন্ড গহনায় ২৫% ছাড়। কল: ০১৭১৩১৯৯২৭০,ডায়মন্ড ওয়ার্ল্ড চট্টগ্রাম শাখার ১১তম বর্ষপূর্তীতে <NUMBER> - <NUMBER> জানুয়ারি উপভোগ করুন ডায়মন্ড গহনায় <NUMBER> % ছাড়। কল: <PHONE>
spam,1,আগামীকাল শেষ হচ্ছে ডায়মন্ড ওয়ার্ল্ড চট্টগ্রাম শাখার ৮ম বর্ষপূর্তি উপলক্ষে জুয়েলারী মেলা। আপনাদের দোয়া ও উপস্থিতি আমাদের একান্ত কাম্য।,আগামীকাল শেষ হচ্ছে ডায়মন্ড ওয়ার্ল্ড চট্টগ্রাম শাখার ৮ম বর্ষপূর্তি উপলক্ষে জুয়েলারী মেলা। আপনাদের দোয়া ও উপস্থিতি আমাদের একান্ত কাম্য।
spam,1,আগামীকাল শেষ হচ্ছে ডায়মন্ড ওয়ার্ল্ড চট্টগ্রাম শাখার ৯ম বর্ষপূর্তির জুয়েলারী মেলা। দারুণ সব অফার পেতে চলে আসুন আজই। কল: ০১৭১৩১৯৯২৭০,আগামীকাল শেষ হচ্ছে ডায়মন্ড ওয়ার্ল্ড চট্টগ্রাম শাখার ৯ম বর্ষপূর্তির জুয়েলারী মেলা। দারুণ সব অফার পেতে চলে আসুন আজই। কল: <PHONE>
spam,1,ডায়মন্ড ওয়ার্ল্ড চট্রগ্রাম শাখার ৮ম বর্ষপূর্তি উপলক্ষে ২১ থেকে ২৪ জানুয়ারি প্রতিটি কেনাকাটায় থাকছে ২৭% আকর্ষণীয় ছাড় ও নিশ্চিত উপহার। আপনারা স্বপরিবারে আমন্ত্রিত। বিস্তারিত: ০১৭১৩১৯৯২৭০,ডায়মন্ড ওয়ার্ল্ড চট্রগ্রাম শাখার ৮ম বর্ষপূর্তি উপলক্ষে <NUMBER> থেকে <NUMBER> জানুয়ারি প্রতিটি কেনাকাটায় থাকছে <NUMBER> % আকর্ষণীয় ছাড় ও নিশ্চিত উপহার। আপনারা স্বপরিবারে আমন্ত্রিত। বিস্তারিত: <PHONE>
spam,1,ডায়মন্ড ওয়ার্ল্ড চট্টগ্রাম শাখার ৯ম বর্ষপূর্তীতে ২০-২৩ জানুয়ারি উপভোগ করুন ডায়মন্ডের গহনায় ২৫% ও গোল্ডের মজুরিতে ৫০% ছাড়। ০১৭১৩১৯৯২৭০,ডায়মন্ড ওয়ার্ল্ড চট্টগ্রাম শাখার ৯ম বর্ষপূর্তীতে <NUMBER> - <NUMBER> জানুয়ারি উপভোগ করুন ডায়মন্ডের গহনায় <NUMBER> % ও গোল্ডের মজুরিতে <NUMBER> % ছাড়। <PHONE>
spam,1,ভালোবাসা দিবসে ডায়মন্ড গহনায় ২৫% ছাড় ১৫/০২/২০২৪ পর্যন্ত। ০১৭১৩১৯৯২৭০,ভালোবাসা দিবসে ডায়মন্ড গহনায় <NUMBER> % ছাড় <NUMBER> / <NUMBER> / <NUMBER> পর্যন্ত। <PHONE>
spam,1,এবারের ফাল্গুন ও ভ্যালেন্টাইন উপলক্ষে প্রিয়জনকে উপহার দিন ডায়মন্ডের গহনা আর লুফে নিন ২৫% ছাড় ও কেনাকাটায় নিশ্চিত উপহার। ০১৭১৩১৯৯২৭০,এবারের ফাল্গুন ও ভ্যালেন্টাইন উপলক্ষে প্রিয়জনকে উপহার দিন ডায়মন্ডের গহনা আর লুফে নিন <NUMBER> % ছাড় ও কেনাকাটায় নিশ্চিত উপহার। <PHONE>
spam,1,"বিশ্ব ভালোবাসা দিবস উপলক্ষে ডায়মন্ড ওয়ার্ল্ডের অনলাইন অর্ডারে থাকছে ডায়মন্ড গহনাতে ২৫% ও আরো ৫% ছাড় স্কীমে। যেকোনো কেনাকাটায় নিশ্চিত উপহার ১৫/০২/২৪ পর্যন্ত। কল: ০১৬১৩১৯৯২৭০, ভিজিট: diamondworldltd.com","বিশ্ব ভালোবাসা দিবস উপলক্ষে ডায়মন্ড ওয়ার্ল্ডের অনলাইন অর্ডারে থাকছে ডায়মন্ড গহনাতে <NUMBER> % ও আরো <NUMBER> % ছাড় স্কীমে। যেকোনো কেনাকাটায় নিশ্চিত উপহার <NUMBER> / <NUMBER> / <NUMBER> পর্যন্ত। কল: <PHONE> , ভিজিট: <URL>"
spam,1,বিশ্ব ভালোবাসা দিবসে ডায়মন্ড ওয়ার্ল্ড দিচ্ছে ডায়মন্ড গহনাতে ২৫% ছাড় ও কেনাকাটায় নিশ্চিত উপহার ১৫ই ফেব্রুয়ারী পর্যন্ত। কল: ০১৭১৩১৯৯২৭০,বিশ্ব ভালোবাসা দিবসে ডায়মন্ড ওয়ার্ল্ড দিচ্ছে ডায়মন্ড গহনাতে <NUMBER> % ছাড় ও কেনাকাটায় নিশ্চিত উপহার ১৫ই ফেব্রুয়ারী পর্যন্ত। কল: <PHONE>
spam,1,অমর একুশের শুভেচ্ছা। ২১শে ফেব্রুয়ারি উপলক্ষে ২০-২১ তারিখ পাচ্ছেন ২৫% ছাড়। ০১৭১৩১৯৯২৭০,অমর একুশের শুভেচ্ছা। ২১শে ফেব্রুয়ারি উপলক্ষে <NUMBER> - <NUMBER> তারিখ পাচ্ছেন <NUMBER> % ছাড়। <PHONE>
spam,1,অমর একুশের শুভেচ্ছা। আজ ও আগামীকাল ২১শে ফেব্রুয়ারি উপলক্ষে থাকছে ২১% ছাড়। আগামীকাল রবিবার গুলশান ব্রাঞ্চ খোলা থাকছে। ০১৭১৩১৯৯২৭০,অমর একুশের শুভেচ্ছা। আজ ও আগামীকাল ২১শে ফেব্রুয়ারি উপলক্ষে থাকছে <NUMBER> % ছাড়। আগামীকাল রবিবার গুলশান ব্রাঞ্চ খোলা থাকছে। <PHONE>
spam,1,"বসন্ত ও ভালোবাসা দিবস উদযাপন করুন ডায়মন্ড ওয়ার্ল্ডের সাথে। পাচ্ছেন ডায়মন্ড গহনায় ২৫% ছাড়, চলবে ১৫ই ফেব্রুয়ারী পর্যন্ত। ০১৭১৩১৯৯২৭০","বসন্ত ও ভালোবাসা দিবস উদযাপন করুন ডায়মন্ড ওয়ার্ল্ডের সাথে। পাচ্ছেন ডায়মন্ড গহনায় <NUMBER> % ছাড়, চলবে ১৫ই ফেব্রুয়ারী পর্যন্ত। <PHONE>"
spam,1,"শুভ বিবাহ বার্ষিকী,","শুভ বিবাহ বার্ষিকী,"
spam,1,বিশ্ব ভালোবাসা দিবসে ডায়মন্ড গহনাতে ২৫% ছাড় ১৫ই ফেব্রুয়ারী পর্যন্ত।,বিশ্ব ভালোবাসা দিবসে ডায়মন্ড গহনাতে <NUMBER> % ছাড় ১৫ই ফেব্রুয়ারী পর্যন্ত।
spam,1,ডায়মন্ড ওয়ার্ল্ডের পক্ষ থেকে বড়দিন এবং ইংরেজি নববর্ষের শুভেচ্ছা। পাচ্ছেন ডায়মন্ড গহনায় ২৫% ছাড় ২৫-৩১ ডিসেম্বর পর্যন্ত। ০১৭১৩১৯৯২৭০,ডায়মন্ড ওয়ার্ল্ডের পক্ষ থেকে বড়দিন এবং ইংরেজি নববর্ষের শুভেচ্ছা। পাচ্ছেন ডায়মন্ড গহনায় <NUMBER> % ছাড় <NUMBER> - <NUMBER> ডিসেম্বর পর্যন্ত। <PHONE>
spam,1,বড়দিনের শুভেচ্ছা! ডায়মন্ড ওয়ার্ল্ডের পক্ষ থেকে বড়দিন ও নতুন বছর উপলক্ষে ২৫-১লা জানুয়ারী পর্যন্ত থাকছে ২৫% ছাড়। প্রয়োজনে: ০১৭১৩১৯৯২৭০,বড়দিনের শুভেচ্ছা! ডায়মন্ড ওয়ার্ল্ডের পক্ষ থেকে বড়দিন ও নতুন বছর উপলক্ষে <NUMBER> -১লা জানুয়ারী পর্যন্ত থাকছে <NUMBER> % ছাড়। প্রয়োজনে: <PHONE>
spam,1,ডায়মন্ড ওয়ার্ল্ডের পক্ষ থেকে বড়দিনের শুভেচ্ছা। বড়দিন ও নতুন বছর উপলক্ষে ২৫-৩১ডিসেম্বর পর্যন্ত থাকছে ২৭% ছাড়। বিস্তারিত: ০১৭১৩১৯৯২৭০,ডায়মন্ড ওয়ার্ল্ডের পক্ষ থেকে বড়দিনের শুভেচ্ছা। বড়দিন ও নতুন বছর উপলক্ষে <NUMBER> -৩১ডিসেম্বর পর্যন্ত থাকছে <NUMBER> % ছাড়। বিস্তারিত: <PHONE>
spam,1,বড়দিনের শুভেচ্ছা। থাকছে ২৫% ছাড় ৩১ ডিসেম্বর পর্যন্ত । ০১৭১৩১৯৯২৭০,বড়দিনের শুভেচ্ছা। থাকছে <NUMBER> % ছাড় <NUMBER> ডিসেম্বর পর্যন্ত । <PHONE>
spam,1,"বিজয়োল্লাসে মেতে উঠুন ২৫% ছাড় নিয়ে, ১৬ই ডিসেম্বর পর্যন্ত। ০১৭১৩১৯৯২৭০","বিজয়োল্লাসে মেতে উঠুন <NUMBER> % ছাড় নিয়ে, ১৬ই ডিসেম্বর পর্যন্ত। <PHONE>"
spam,1,"ডায়মন্ড ওয়ার্ল্ডের পক্ষ থেকে মহান বিজয় দিবসের শুভেচ্ছা। বিজয়োল্লাসে মেতে উঠুন, ডায়মন্ড গহনায় ২৫% ছাড় ১৫-১৮ ডিসেম্বর। ০১৭১৩১৯৯২৭০","ডায়মন্ড ওয়ার্ল্ডের পক্ষ থেকে মহান বিজয় দিবসের শুভেচ্ছা। বিজয়োল্লাসে মেতে উঠুন, ডায়মন্ড গহনায় <NUMBER> % ছাড় <NUMBER> - <NUMBER> ডিসেম্বর। <PHONE>"
spam,1,বিজয়ের ৫০ বছর উপলক্ষে ডায়মন্ড ওয়ার্ল্ডে উপভোগ করুন গোল্ডের মজুরীতে ৫০% এবং ডায়মন্ড গহনাতে ২৫% ছাড় ১৭ ডিসেম্বর পর্যন্ত। ০১৭১৩১৯৯২৭০,বিজয়ের <NUMBER> বছর উপলক্ষে ডায়মন্ড ওয়ার্ল্ডে উপভোগ করুন গোল্ডের মজুরীতে <NUMBER> % এবং ডায়মন্ড গহনাতে <NUMBER> % ছাড় <NUMBER> ডিসেম্বর পর্যন্ত। <PHONE>
spam,1,"ডায়মন্ড ওয়ার্ল্ডের বৈশাখী অনলাইন ধামাকা অফারে অংশ গ্রহণ করে জিতে নিন ৯৯৯ টাকায় হীরের গহনা। ভিজিট: diamondworldltd.com, কল: ০১৭১৩১৯৯২৭০","ডায়মন্ড ওয়ার্ল্ডের বৈশাখী অনলাইন ধামাকা অফারে অংশ গ্রহণ করে জিতে নিন <PHONE> টাকায় হীরের গহনা। ভিজিট: <URL> , কল: <PHONE>"
spam,1,"এবার বৈশাখ ও ঈদ কেনাকাটা করুন ডায়মন্ড ওয়ার্ল্ডের সাথে আর উপভোগ করুন ডায়মন্ড গহনায় ২৫% ছাড়, চাঁদরাত পর্যন্ত। ০১৭১৩১৯৯২৭০","এবার বৈশাখ ও ঈদ কেনাকাটা করুন ডায়মন্ড ওয়ার্ল্ডের সাথে আর উপভোগ করুন ডায়মন্ড গহনায় <NUMBER> % ছাড়, চাঁদরাত পর্যন্ত। <PHONE>"
spam,1,"ঈদ কেনাকাটা চলুক এবার ডায়মন্ড ওয়ার্ল্ডের সাথে, আমাদের যেকোনো শোরুমে উপভোগ করুন ২৫% ছাড় ও সাথে নিশ্চিত ক্যাশ ব্যাক। কলঃ ০১৭১৩১৯৯২৭০","ঈদ কেনাকাটা চলুক এবার ডায়মন্ড ওয়ার্ল্ডের সাথে, আমাদের যেকোনো শোরুমে উপভোগ করুন <NUMBER> % ছাড় ও সাথে নিশ্চিত ক্যাশ ব্যাক। কলঃ <PHONE>"
spam,1,আসন্ন ঈদ উপলক্ষে অনলাইনে অর্ডার করুন ২৭% ছাড়ে এবং প্রতিটি অর্ডারে থাকছে নিশ্চিত ক্যাশব্যাক। ভিজিট- diamondworldltd.com কল- 01610199270,আসন্ন ঈদ উপলক্ষে অনলাইনে অর্ডার করুন <NUMBER> % ছাড়ে এবং প্রতিটি অর্ডারে থাকছে নিশ্চিত ক্যাশব্যাক। ভিজিট- <URL> কল- <PHONE>
spam,1,"লাকি ড্র, ক্যাশ ব্যাক ও ২৫% ছাড় চলছে, আর খোলা আছি মধ্য রাত পর্যন্ত।","লাকি ড্র, ক্যাশ ব্যাক ও <NUMBER> % ছাড় চলছে, আর খোলা আছি মধ্য রাত পর্যন্ত।"
spam,1,শুভ নববর্ষ ! আজ থেকে আমাদের চট্টগ্রাম শোরুম খোলা আছে। ০১৭১৩১৯৯২৭০,শুভ নববর্ষ ! আজ থেকে আমাদের চট্টগ্রাম শোরুম খোলা আছে। <PHONE>
spam,1,"বৈশাখী ও ঈদের কেনাকাটা চলুক এবার ডায়মন্ড ওয়ার্ল্ডের সাথে, উপভোগ করুন ২৫% ছাড় ও সাথে নিশ্চিত ক্যাশ ব্যাক চাঁদ রাত পর্যন্ত। ০১৭১৩১৯৯২৭০","বৈশাখী ও ঈদের কেনাকাটা চলুক এবার ডায়মন্ড ওয়ার্ল্ডের সাথে, উপভোগ করুন <NUMBER> % ছাড় ও সাথে নিশ্চিত ক্যাশ ব্যাক চাঁদ রাত পর্যন্ত। <PHONE>"
spam,1,৩০দিনের জন্য পাচ্ছেন ৫জিবি ইউটিউব মাত্র ১২০টাকায়! পেতে: *212*7220#,৩০দিনের জন্য পাচ্ছেন ৫জিবি ইউটিউব মাত্র <MONEY> য়! পেতে: * <NUMBER> * <NUMBER> #
spam,1,পাচ্ছেন ২জিবি ইমো (৩০দিন) মাত্র ৭৭টাকায়! পেতে: *212*728#,পাচ্ছেন ২জিবি ইমো (৩০দিন) মাত্র <MONEY> য়! পেতে: * <NUMBER> * <NUMBER> #
spam,1,৩জিবি ফেসবুক (৩০দিন) মাত্র ৯৫টাকায়! পেতে: *212*717#,৩জিবি ফেসবুক (৩০দিন) মাত্র <MONEY> য়! পেতে: * <NUMBER> * <NUMBER> #
spam,1,সেরা ডিল! ৮জিবি ইউটিউব (৩০দিন) মাত্র ২০০টাকায়! পেতে: *212*7270#,সেরা ডিল! ৮জিবি ইউটিউব (৩০দিন) মাত্র <MONEY> য়! পেতে: * <NUMBER> * <NUMBER> #
spam,1,চলবে আরো বেশি ভিডিও কল! ১জিবি ইমো(৩০দিন) মাত্র ৪৫টাকায় পেতে: *212*750#,চলবে আরো বেশি ভিডিও কল! ১জিবি ইমো(৩০দিন) মাত্র <MONEY> য় পেতে: * <NUMBER> * <NUMBER> #
spam,1,৩জিবি ফেসবুক (৩০দিন) মাত্র ৯০টাকায়! পেতে: *212*717#,৩জিবি ফেসবুক (৩০দিন) মাত্র <MONEY> য়! পেতে: * <NUMBER> * <NUMBER> #
spam,1,১জিবি ইউটিউব (৩দিন) ঘরে বসেই কিনুন মাত্র ২৭টাকায়! পেতে: *212*727#,১জিবি ইউটিউব (৩দিন) ঘরে বসেই কিনুন মাত্র <MONEY> য়! পেতে: * <NUMBER> * <NUMBER> #
spam,1,ঘরে বসেই ৪জিবি সোশ্যাল প্যাক (১৪দিন)! মাত্র ১২০টাকায় কিনতে: *212*725#,ঘরে বসেই ৪জিবি সোশ্যাল প্যাক (১৪দিন)! মাত্র <MONEY> য় কিনতে: * <NUMBER> * <NUMBER> #
spam,1,১জিবি ইমো(৩০দিন) ৪৫টাকায়! পেতে হলে ৪৬টাকা ব্যালেন্স রেখে ডায়াল: *212*750#,১জিবি ইমো(৩০দিন) <MONEY> য়! পেতে হলে <MONEY> ব্যালেন্স রেখে ডায়াল: * <NUMBER> * <NUMBER> #
spam,1,মাত্র ৫টাকায় ৭৫MB ৩দিন! পেতে: *212*700#,মাত্র <MONEY> য় ৭৫MB ৩দিন! পেতে: * <NUMBER> * <NUMBER> #
spam,1,২৮দিনের জন্য ৫জিবি সোশ্যাল প্যাক মাত্র ১৩৯টাকায়! কিনতে: *212*725#,২৮দিনের জন্য ৫জিবি সোশ্যাল প্যাক মাত্র <MONEY> য়! কিনতে: * <NUMBER> * <NUMBER> #
spam,1,৫জিবি ইমো (৩০দিন) ঘরে বসেই কিনুন মাত্র ৮০টাকায়! পেতে: *212*738#,৫জিবি ইমো (৩০দিন) ঘরে বসেই কিনুন মাত্র <MONEY> য়! পেতে: * <NUMBER> * <NUMBER> #
spam,1,৪জিবি সোশ্যাল প্যাক (২৮দিন)! মাত্র ১২০টাকায়! কিনতে: *212*725#,৪জিবি সোশ্যাল প্যাক (২৮দিন)! মাত্র <MONEY> য়! কিনতে: * <NUMBER> * <NUMBER> #
spam,1,ঘরে বসেই ৪জিবি সোশ্যাল প্যাক (২৮দিন)! মাত্র ১২০টাকায় কিনতে: *212*725#,ঘরে বসেই ৪জিবি সোশ্যাল প্যাক (২৮দিন)! মাত্র <MONEY> য় কিনতে: * <NUMBER> * <NUMBER> #
spam,1,অ্যাপে রিচার্জ অফারে ২০০৳ পর্যন্ত ক্যাশব্যাক। কিনতে ক্লিক cutt.ly/rco,অ্যাপে রিচার্জ অফারে <MONEY> পর্যন্ত ক্যাশব্যাক। কিনতে ক্লিক <URL>
spam,1,"আকর্ষণীয় ১৫% ছাড়* ৳১০০ পর্যন্ত! উপায় অ্যাপ দিয়ে বিডিটিকেটস এর পেমেন্ট করলেই নিশ্চিত ছাড়, সর্বোচ্চ ৳৩০০ প্রতি কাস্টমার।","আকর্ষণীয় <NUMBER> % ছাড়* <MONEY> পর্যন্ত! উপায় অ্যাপ দিয়ে বিডিটিকেটস এর পেমেন্ট করলেই নিশ্চিত ছাড়, সর্বোচ্চ <MONEY> প্রতি কাস্টমার।"
spam,1,আরিফিন শুভ অভিনীত ভালো থেকো দেখুন রবি স্ক্রিনে: cutt.ly/LlBFSZk,আরিফিন শুভ অভিনীত ভালো থেকো দেখুন রবি স্ক্রিনে: <URL>
spam,1,"প্রতিদিনের ভাগ্য রাশিফল পেতে টিয়া পাখির কথা না শুনে *26397*6# ডায়াল করে জেনেনিন আপনার রাশি, চার্জ ৳২.৬৭ দৈনিক","প্রতিদিনের ভাগ্য রাশিফল পেতে টিয়া পাখির কথা না শুনে * <NUMBER> * <NUMBER> # ডায়াল করে জেনেনিন আপনার রাশি, চার্জ <MONEY> দৈনিক"
ham,0,আলহামদুলিল্লাহ সব একই আছে।,আলহামদুলিল্লাহ সব একই আছে।
ham,0,"কোভিড-১৯ ভ্যাকসিন নিবন্ধনঃ আপনার OTP কোড-004653 , ধন্যবাদ।","কোভিড- <NUMBER> ভ্যাকসিন নিবন্ধনঃ আপনার OTP কোড- <NUMBER> , ধন্যবাদ।"
spam,1,এয়ারটেলে আপনার জন্য সেরা সব অফার পেতে *4# বা *123*3# ডায়াল করুন আজই।,এয়ারটেলে আপনার জন্য সেরা সব অফার পেতে * <NUMBER> # বা * <NUMBER> * <NUMBER> # ডায়াল করুন আজই।
spam,1,সুস্বাদু হিমসাগর ও ল্যাংড়া আম 🥭 গিফট বক্স!http://chaldal.com/fresh-fruit,সুস্বাদু হিমসাগর ও ল্যাংড়া আম 🥭 গিফট বক্স! <URL>
spam,1,আলহামদুলিল্লাহ। আল্লাহ তায়ালার রহমতে এবং আপনাদের সকলের দোয়া নিয়ে সামনে এগোতে চাই। 🥰🥰🥰 একটা করে ভালোবাসা দিয়ে পাশে থাকবেন৷ ইনশাআল্লাহ 🙏🙏🙏🙏🙏🙏🙏,আলহামদুলিল্লাহ। আল্লাহ তায়ালার রহমতে এবং আপনাদের সকলের দোয়া নিয়ে সামনে এগোতে চাই। 🥰🥰🥰 একটা করে ভালোবাসা দিয়ে পাশে থাকবেন৷ ইনশাআল্লাহ 🙏🙏🙏🙏🙏🙏🙏
spam,1,"কর্ণফুলী এক্সপ্রেস কক্সবাজার শহরের উত্তর নুনিয়াছড়া (এয়ারপোর্ট রোড) বি আই ডব্লিও টিএ ঘাট থেকে প্রতিদিন নিয়মিত চলাচল করছে এম ভি কর্নফুলী এক্সপ্রেস জাহাজ টি। 🌊🛳️ কক্সবাজার টু সেন্টমার্টিন - সেন্টমার্টিন টু কক্সবাজার 🛳️🌊🚢 সম্পূর্ণ শীতাতপ নিয়ন্ত্রিত Karnafuly Express এর যাত্রা সময়সূচী: ⌚কক্সবাজার এয়ারপোর্ট রোড নুনিয়াছড়া বি আই ডব্লিও টি এ ঘাট থেকে ছাড়ে সকাল: ৭.০০ টায়।⌚সেন্টমার্টিন থেকে ছাড়ে বিকাল: ৩.৩০ মিনিটে।উভয় দিক থেকে গন্তব্যে পৌছতে সময় লাগবে ৫ ঘন্টা (+,-) ।🏖️ পর্যটকবাহী জাহাজের (জনপ্রতি আসা-যাওয়া) নতুন ভাড়ার তালিকা: 🏖️==========================💺রেগুলার ক্লাস ( Lavender) : ৩,০০০/-💺(শোভন ক্লাস চেয়ার (Marigold) : ৩,০০০/-💺বিজনেস ক্লাস (ডিলাক্স) চেয়ার ( Gladiolas) : ৪,০০০/-💺ওপেন ডেক চেয়ার ( Open Deck) : ৪,০০০/- 💺লিলাক লাউঞ্জ( Lelak Lounge) : ৪,০০০/-💺ভি আই পি লাউঞ্জ (Chrysanthemum Lounge) : ৪,৫০০/- 🛏সিঙ্গেল কেবিন( Single Cabin) : ৭,৫০০/- টাকা (১ জন এর জন্য প্রযোজ্য) 🛌টুইন বেড কেবিন (Twin Bed Cabin) : ১২,০০০/- (২ জন এর জন্য প্রযোজ্য) 🛌ভি আই পি কেবিন ( VIP Cabin) : ২০,০০০/-(২ জন এর জন্য প্রযোজ্য)🛌ভি ভি আই পি কেবিন (VVIP Cabin) : ২৮,০০০/- (২ জন এর জন্য প্রযোজ্য) শুধু যাওয়া বা আসা:-==============================💺রেগুলার ক্লাস ( Lavender) : ১,৬০০/-💺(শোভন ক্লাস চেয়ার (Marigold) : ১,৬০০/-💺বিজনেস ক্লাস (ডিলাক্স) চেয়ার ( Gladiolas) : ২,১০০/- 💺ওপেন ডেক চেয়ার ( Open Deck) : ২,১০০/-💺লিলাক লাউঞ্জ( Lelak Lounge) : ২,১০০/-💺ভি আই পি লাউঞ্জ (Chrysanthemum Lounge) : ২,৩০০/- 🛏সিঙ্গেল কেবিন( Single Cabin) : ৪,০০০/- টাকা (১ জন এর জন্য প্রযোজ্য)🛌টুইন বেড কেবিন (Twin Bed Cabin) : ৬,৫০০/-(২ জন এর জন্য প্রযোজ্য)🛌ভি আই পি কেবিন ( VIP Cabin) : ১১,৫০০/-(২ জন এর জন্য প্রযোজ্য)🛌ভি ভি আই পি কেবিন (VVIP Cabin) : ১৫,০০০/-(২ জন এর জন্য প্রযোজ্য)🚸 (প্রতিটি কেবিন ২ জন এর জন্য প্রযোজ্য, সিঙ্গেল কেবিনে ১জন প্রযোজ্য। অতিরিক্ত জনপ্রতি আলাদা টিকেট কেটে নিতে হবে)👪 শিশু পলেসি: ৫ বছর বয়স পর্যন্ত সম্পূর্ণ ফ্রি, ৫ বছরের বড় সকলকে টিকেট কাটতে হবে।🏠 অফিসঃ B-70,Sea beach R/A,Shugandha point,Cox's Bazar.For more details:01922287423.","কর্ণফুলী এক্সপ্রেস কক্সবাজার শহরের উত্তর নুনিয়াছড়া (এয়ারপোর্ট রোড) বি আই ডব্লিও টিএ ঘাট থেকে প্রতিদিন নিয়মিত চলাচল করছে এম ভি কর্নফুলী এক্সপ্রেস জাহাজ টি। 🌊🛳️ কক্সবাজার টু সেন্টমার্টিন - সেন্টমার্টিন টু কক্সবাজার 🛳️🌊🚢 সম্পূর্ণ শীতাতপ নিয়ন্ত্রিত Karnafuly Express এর যাত্রা সময়সূচী: ⌚কক্সবাজার এয়ারপোর্ট রোড নুনিয়াছড়া বি আই ডব্লিও টি এ ঘাট থেকে ছাড়ে সকাল: <NUMBER> টায়।⌚সেন্টমার্টিন থেকে ছাড়ে বিকাল: <NUMBER> মিনিটে।উভয় দিক থেকে গন্তব্যে পৌছতে সময় লাগবে <NUMBER> ঘন্টা (+,-) ।🏖️ পর্যটকবাহী জাহাজের (জনপ্রতি আসা-যাওয়া) নতুন ভাড়ার তালিকা: 🏖️==========================💺রেগুলার ক্লাস ( Lavender) : <MONEY> 💺(শোভন ক্লাস চেয়ার (Marigold) : <MONEY> 💺বিজনেস ক্লাস (ডিলাক্স) চেয়ার ( Gladiolas) : <MONEY> 💺ওপেন ডেক চেয়ার ( Open Deck) : <MONEY> 💺লিলাক লাউঞ্জ( Lelak Lounge) : <MONEY> 💺ভি আই পি লাউঞ্জ (Chrysanthemum Lounge) : <MONEY> 🛏সিঙ্গেল কেবিন( Single Cabin) : <MONEY> টাকা ( <NUMBER> জন এর জন্য প্রযোজ্য) 🛌টুইন বেড কেবিন (Twin Bed Cabin) : <MONEY> ( <NUMBER> জন এর জন্য প্রযোজ্য) 🛌ভি আই পি কেবিন ( VIP Cabin) : <MONEY> ( <NUMBER> জন এর জন্য প্রযোজ্য)🛌ভি ভি আই পি কেবিন (VVIP Cabin) : <MONEY> ( <NUMBER> জন এর জন্য প্রযোজ্য) শুধু যাওয়া বা আসা:-==============================💺রেগুলার ক্লাস ( Lavender) : <MONEY> 💺(শোভন ক্লাস চেয়ার (Marigold) : <MONEY> 💺বিজনেস ক্লাস (ডিলাক্স) চেয়ার ( Gladiolas) : <MONEY> 💺ওপেন ডেক চেয়ার ( Open Deck) : <MONEY> 💺লিলাক লাউঞ্জ( Lelak Lounge) : <MONEY> 💺ভি আই পি লাউঞ্জ (Chrysanthemum Lounge) : <MONEY> 🛏সিঙ্গেল কেবিন( Single Cabin) : <MONEY> টাকা ( <NUMBER> জন এর জন্য প্রযোজ্য)🛌টুইন বেড কেবিন (Twin Bed Cabin) : <MONEY> ( <NUMBER> জন এর জন্য প্রযোজ্য)🛌ভি আই পি কেবিন ( VIP Cabin) : <MONEY> ( <NUMBER> জন এর জন্য প্রযোজ্য)🛌ভি ভি আই পি কেবিন (VVIP Cabin) : <MONEY> ( <NUMBER> জন এর জন্য প্রযোজ্য)🚸 (প্রতিটি কেবিন <NUMBER> জন এর জন্য প্রযোজ্য, সিঙ্গেল কেবিনে ১জন প্রযোজ্য। অতিরিক্ত জনপ্রতি আলাদা টিকেট কেটে নিতে হবে)👪 শিশু পলেসি: <NUMBER> বছর বয়স পর্যন্ত সম্পূর্ণ ফ্রি, <NUMBER> বছরের বড় সকলকে টিকেট কাটতে হবে।🏠 অফিসঃ B- <NUMBER> ,Sea beach R/A,Shugandha point,Cox's Bazar.For more details: <PHONE> ."
ham,0,"ভাই, আপাতত দুইটার রেফারি হিসেবে জীবন তেজপাতা।","ভাই, আপাতত দুইটার রেফারি হিসেবে জীবন তেজপাতা।"
spam,1,ইমরান ও ন্যান্সির এক পৃথিবী প্রেম ৭দিনের জন্য গুন্গুন্ সেট ক,ইমরান ও ন্যান্সির এক পৃথিবী প্রেম ৭দিনের জন্য গুন্গুন্ সেট ক
spam,1,ফ্লোর ক্লিনার ১লিঃ৳১৪৯মাসের বাজারে ছাড় কোড:CD2 T&C chdl.co/pukKKgMF,ফ্লোর ক্লিনার ১লিঃ <MONEY> মাসের বাজারে ছাড় কোড:CD2 T&C <URL>
spam,1,মোবাইল ব্যালেন্সে আনলিমিটেড সিনেমা দেখতে Subscribe: https://robi.epicon.in,মোবাইল ব্যালেন্সে আনলিমিটেড সিনেমা দেখতে Subscribe: <URL>
spam,1,ডিলে জাতীয় পতাকা৳৭১ নগদ-এ ৳৭৫ক্যাশব্যাক গিফট কোডঃBD Chaldal.com/Free,ডিলে জাতীয় পতাকা <MONEY> নগদ-এ <MONEY> ক্যাশব্যাক গিফট কোডঃBD <URL>
spam,1,আমাদের প্রিয় নবী মুহাম্মাদ (সা.) কীভাবে পবিত্র জুম্মার দিনটি কাটাতেন জানতে ডায়াল করুন *213*14746# চার্জ ২.৬৭ টাকা/দিন।,আমাদের প্রিয় নবী মুহাম্মাদ (সা.) কীভাবে পবিত্র জুম্মার দিনটি কাটাতেন জানতে ডায়াল করুন * <NUMBER> * <NUMBER> # চার্জ <MONEY> /দিন।
ham,0,দিয়ে যা। বেকার আছি,দিয়ে যা। বেকার আছি
spam,1,সাথেই থাকুন। *1122*10# ডায়েল করে পেয়ে যান 10 টাকা ব্যালেন্স ! ভ্যাট এবং সার্ভিস চার্জ প্রযোজ্য!,সাথেই থাকুন। * <NUMBER> * <NUMBER> # ডায়েল করে পেয়ে যান <MONEY> ব্যালেন্স ! ভ্যাট এবং সার্ভিস চার্জ প্রযোজ্য!
spam,1,"সুলতান'স ডাইনে ৩০% ডিস্কাউন্ট লুফে নিন এই মেসেজটি দেখিয়ে আগামী তিনদিনের মধ্যে, কমপক্ষে ৫০০ টাকার অর্ডারে টেকএওয়ে কিংবা ডাইনইনে। বিস্তারিতঃ 01407059983","সুলতান'স ডাইনে <NUMBER> % ডিস্কাউন্ট লুফে নিন এই মেসেজটি দেখিয়ে আগামী তিনদিনের মধ্যে, কমপক্ষে <MONEY> র অর্ডারে টেকএওয়ে কিংবা ডাইনইনে। বিস্তারিতঃ <PHONE>"
ham,0,যেগুলা বিয়ে করে নাই এদের কি হবে!!!😄,যেগুলা বিয়ে করে নাই এদের কি হবে!!!😄
ham,0,আপু আমার মেয়ে আজকে শরীর খারাপ... আমি কালকে যাবো,আপু আমার মেয়ে আজকে শরীর খারাপ... আমি কালকে যাবো
spam,1,"হেলথ্কেয়ার ফার্মাসিউটিক্যালস লিমিটেড এর অঙ্গপ্রতিষ্ঠান ‘শিলাইদহ ডেইরী’ আপনার প্রয়োজন পূরণ ও সুস্বাস্থ্য নিশ্চিত করতে বাজারে এনেছে খাঁটি দুধের ক্রীম থেকে তৈরি আল্ট্রা বাটার। পণ্য বাছাই এর সময় তাই পরিবারের জন্য হেলদি ও টেস্টি খাবার নিশ্চিত করুন স্বাদ ও মানে অনন্য আল্ট্রা বাটারের সাথে। আল্ট্রা বাটার - লেটস্ টেস্ট দ্যা বেস্ট।

আমাদের সম্পর্কে বিস্তারিত জানতে কিংবা অর্ডার করতে ভিজিট করুন- আল্ট্রা’র ফেসবুক পেজঃ https://cutt.ly/iEW25U8 ওয়েবসাইটঃ https://cutt.ly/JEW9fQl অথবা কল করুন ০১৮৪৪২৪৫২০৬ এই নম্বরে।",হেলথ্কেয়ার ফার্মাসিউটিক্যালস লিমিটেড এর অঙ্গপ্রতিষ্ঠান ‘শিলাইদহ ডেইরী’ আপনার প্রয়োজন পূরণ ও সুস্বাস্থ্য নিশ্চিত করতে বাজারে এনেছে খাঁটি দুধের ক্রীম থেকে তৈরি আল্ট্রা বাটার। পণ্য বাছাই এর সময় তাই পরিবারের জন্য হেলদি ও টেস্টি খাবার নিশ্চিত করুন স্বাদ ও মানে অনন্য আল্ট্রা বাটারের সাথে। আল্ট্রা বাটার - লেটস্ টেস্ট দ্যা বেস্ট। আমাদের সম্পর্কে বিস্তারিত জানতে কিংবা অর্ডার করতে ভিজিট করুন- আল্ট্রা’র ফেসবুক পেজঃ <URL> ওয়েবসাইটঃ <URL> অথবা কল করুন <PHONE> এই নম্বরে।
spam,1,করোনা ভাইরাস থেকে বাঁচতে নানা টিপস পেতে ডায়াল করুন *213*14002# চার্জ ২.৬৭/দিন,করোনা ভাইরাস থেকে বাঁচতে নানা টিপস পেতে ডায়াল করুন * <NUMBER> * <NUMBER> # চার্জ <NUMBER> /দিন
spam,1,নেট এমবি থাক বা না থাক sms টা সবাই কে পাঠাবেন কারণ আজ প্রিও নবির জন্মের রাত,নেট এমবি থাক বা না থাক sms টা সবাই কে পাঠাবেন কারণ আজ প্রিও নবির জন্মের রাত
spam,1,কুরআন পাকের ১৪৪১ বছর হয়ে গেছে । New Year তো অনেক এই sms করেন দেখা যাক কুরআন পাকের মুবারক কতজন কে জানান,কুরআন পাকের <NUMBER> বছর হয়ে গেছে । New Year তো অনেক এই sms করেন দেখা যাক কুরআন পাকের মুবারক কতজন কে জানান
spam,1,ঈদ কবে হচ্ছে জানতে ডায়াল করুন,ঈদ কবে হচ্ছে জানতে ডায়াল করুন
spam,1,"২২ মার্চ ২০২৩ বিশ্ব পানি দিবস, এবারের প্রতিপাদ্য বিষয় “পানি ও স্যানিটেশন সংকট সমাধানে ত্বরান্বিত পরিবর্তন’’-পানি সম্পদ মন্ত্রণালয়।","<NUMBER> মার্চ <NUMBER> বিশ্ব পানি দিবস, এবারের প্রতিপাদ্য বিষয় “পানি ও স্যানিটেশন সংকট সমাধানে ত্বরান্বিত পরিবর্তন’’-পানি সম্পদ মন্ত্রণালয়।"
spam,1,"মাত্র ৫০০ টাকায় ইংরেজি কোর্স করতে ক্লিক করুন
 http://bit.ly/3IVA0tu",মাত্র <MONEY> য় ইংরেজি কোর্স করতে ক্লিক করুন <URL>
spam,1,*213*2843# ডায়াল করে জানুন সেলস/মার্কেটিং চাকুরীর খবর ২.৬৭ টাকা/দিন,* <NUMBER> * <NUMBER> # ডায়াল করে জানুন সেলস/মার্কেটিং চাকুরীর খবর <MONEY> /দিন
spam,1,*213*22718# ডায়াল করে জানুন সরকারি চাকুরীর খবর ২.৬৭ টাকা/দিন,* <NUMBER> * <NUMBER> # ডায়াল করে জানুন সরকারি চাকুরীর খবর <MONEY> /দিন
spam,1,প্রেম করা কেন গুনাহ জানতে ডায়াল করুন,প্রেম করা কেন গুনাহ জানতে ডায়াল করুন
spam,1,"স্পেশাল অফার ১০জিবি(বোনাসসহ)১৩০টাকা ৩০দিন।ডায়াল *১২১*৫৪৬৯#, mygp.li/mo","স্পেশাল অফার ১০জিবি(বোনাসসহ) <MONEY> ৩০দিন।ডায়াল * <NUMBER> * <NUMBER> #, mygp.li/mo"
spam,1,শুধুমাত্র একটি ফোনের প্রয়োজন প্রতিদিন 1000TK আয় wa.me/8801797890449,শুধুমাত্র একটি ফোনের প্রয়োজন প্রতিদিন <MONEY> আয় <URL>
spam,1,"‘জাতীয় দুর্যোগ প্রস্তুতি দিবস-২০২৩’ এর প্রতিপাদ্য
“স্মার্ট বাংলাদেশের প্রত্যয়
দুর্যোগ প্রস্তুতি সবসময়”
- দুর্যোগ ব্যবস্থাপনা ও ত্রাণ মন্ত্রণালয়",‘জাতীয় দুর্যোগ প্রস্তুতি দিবস- <NUMBER> ’ এর প্রতিপাদ্য “স্মার্ট বাংলাদেশের প্রত্যয় দুর্যোগ প্রস্তুতি সবসময়” - দুর্যোগ ব্যবস্থাপনা ও ত্রাণ মন্ত্রণালয়
spam,1,"স্মার্টফোন জেতার দুর্দান্ত অফার! সহজ প্রশ্নের উত্তর দিয়ে জিতে নিন ৩০,৯৯৯ টাকার আকর্ষণীয় স্মার্টফোন Samsung Galaxy M33 5G মাত্র ৳২.৬৭/দিন/প্রশ্ন, ডায়াল *213*45644#","স্মার্টফোন জেতার দুর্দান্ত অফার! সহজ প্রশ্নের উত্তর দিয়ে জিতে নিন <NUMBER> , <PHONE> টাকার আকর্ষণীয় স্মার্টফোন Samsung Galaxy M33 5G মাত্র <MONEY> /দিন/প্রশ্ন, ডায়াল * <NUMBER> * <NUMBER> #"
spam,1,মজার এবং হাসির SMS জোকস পেতে ডায়াল করুন *213*4493#,মজার এবং হাসির SMS জোকস পেতে ডায়াল করুন * <NUMBER> * <NUMBER> #
spam,1,"স্মার্টফোন জেতার দুর্দান্ত অফার! সহজ প্রশ্নের উত্তর দিয়ে জিতে নিন ৩০,৯৯৯ টাকার আকর্ষণীয় স্মার্টফোন Samsung Galaxy M33 5G","স্মার্টফোন জেতার দুর্দান্ত অফার! সহজ প্রশ্নের উত্তর দিয়ে জিতে নিন <NUMBER> , <PHONE> টাকার আকর্ষণীয় স্মার্টফোন Samsung Galaxy M33 5G"
spam,1,মাইজিপি রেফার করে ৫১২এমবি ফ্রি ইন্টারনেট জিততে https://mygp.li/r2,মাইজিপি রেফার করে ৫১২এমবি ফ্রি ইন্টারনেট জিততে <URL>
spam,1,খণ্ডকালীন জব৷বেতন 1500 BDT/দিন৷ঘরে বসে কাজ :wa.me/8801768702573,খণ্ডকালীন জব৷বেতন <MONEY> /দিন৷ঘরে বসে কাজ : <URL>
spam,1,"ঘরে বসে রোজার বাজার
ডিস্কাউন্টকোড:RD2
গিফটকোড:6W
T&C
chdl.co/tt8tj8-7",ঘরে বসে রোজার বাজার ডিস্কাউন্টকোড:RD2 গিফটকোড:6W T&C <URL>
spam,1,পরপর দুটি জমজমাট ম্যাচ কি মিস করছেন? Binge-এর সাথে PSL-এ দেখুন Peshawar vs. Lahore দুপুর ৩টা আর Islamabad vs. Multan এর ম্যাচ রাত ৮টায় Sony Sports 5 HD-তে। ক্লিক- cutt.ly/T8UrmSh,পরপর দুটি জমজমাট ম্যাচ কি মিস করছেন? Binge-এর সাথে PSL-এ দেখুন Peshawar vs. Lahore দুপুর ৩টা আর Islamabad vs. Multan এর ম্যাচ রাত ৮টায় Sony Sports <NUMBER> HD-তে। ক্লিক- <URL>
spam,1,ফ্রি ২০০এমবি ইন্টারনেট নিতে আজই মাইজিপি অ্যাপে আসুন। ক্লিক: mygp.li/f1,ফ্রি ২০০এমবি ইন্টারনেট নিতে আজই মাইজিপি অ্যাপে আসুন। ক্লিক: mygp.li/f1
spam,1,"ঘরে বসে রোজার বাজার
ডিস্কাউন্টকোড:RD2
গিফটকোড:6W
T&C
chdl.co/z5e57e66",ঘরে বসে রোজার বাজার ডিস্কাউন্টকোড:RD2 গিফটকোড:6W T&C <URL>
spam,1,"লুফে নিন পিওরইট RO ২৫০০৳ ছাড়ে, রেফারেই উপহার! বিস্তারিত/অপ্টআউট ১৬৬২৭*","লুফে নিন পিওরইট RO <MONEY> ছাড়ে, রেফারেই উপহার! বিস্তারিত/অপ্টআউট <PHONE> *"
spam,1,"ইনশআল্লাহ A+ নিশ্চয়তায় ভর্তি চলছে
01760192958
bit.ly/3kh9CGC",ইনশআল্লাহ A+ নিশ্চয়তায় ভর্তি চলছে <PHONE> <URL>
spam,1,"মীনা বাজারে
তীর তেল ৮৮৫
প্রিঃগরুর মাংস ৭৩৯
ব্রয়ঃমুরগি(চাঃছাঃ)৪১৭
প্রিঃনাজিরশাইল ৭৩
প্রিঃচিনিগুঁড়া ১২০
খেজুর ৩৭০*
ছোলা ৮৫
বুট বেসন ১২০
পেঁয়াজ ৪৮*
বেগুন ৬৮*
লবণ ৩৭*
তরমুজ ২৭৫*
বিস্তারিতঃ t.ly/3RDj
০১৯৩৩১১৭৭৫৫
*শ/প্র-চট্টগ্রাম-২৫মার্চ.পর্যন্ত",মীনা বাজারে তীর তেল <NUMBER> প্রিঃগরুর মাংস <NUMBER> ব্রয়ঃমুরগি(চাঃছাঃ) <NUMBER> প্রিঃনাজিরশাইল <NUMBER> প্রিঃচিনিগুঁড়া <NUMBER> খেজুর <NUMBER> * ছোলা <NUMBER> বুট বেসন <NUMBER> পেঁয়াজ <NUMBER> * বেগুন <NUMBER> * লবণ <NUMBER> * তরমুজ <NUMBER> * বিস্তারিতঃ <URL> <PHONE> *শ/প্র-চট্টগ্রাম-২৫মার্চ.পর্যন্ত
spam,1,৫০০০+ রেস্টুরেন্টে ফ্রি ডেলিভারি সাথে ডিলস এবং ডিসকাউন্ট তো থাকছেই। tinyurl.com/3md3wecd,<NUMBER> + রেস্টুরেন্টে ফ্রি ডেলিভারি সাথে ডিলস এবং ডিসকাউন্ট তো থাকছেই। <URL>
spam,1,"আজই শেষ দিন ! ১৩০টাকায় ১৫০মিনিট(৩০দিন) সাথে বোনাস,নিতে*১২১*৫২০৫# https://mygp.li/a0","আজই শেষ দিন ! <MONEY> য় ১৫০মিনিট(৩০দিন) সাথে বোনাস,নিতে* <NUMBER> * <NUMBER> # <URL>"
spam,1,"আজ রিচার্জে
২৯৭Tk-১৫GB+৩০০মি ৩০D/*123*297*1#
৯৮TK-৭GB+৬০মি ৭D/*123*098*1#
৬৮TK-৬GB ৩D/*123*068*1#
 বিকাশ/নগদ/উপায়/রকেটেও পাবেন",আজ রিচার্জে <MONEY> -১৫GB+৩০০মি ৩০D/* <NUMBER> * <NUMBER> * <NUMBER> # <MONEY> -৭GB+৬০মি ৭D/* <NUMBER> * <NUMBER> * <NUMBER> # <MONEY> -৬GB ৩D/* <NUMBER> * <NUMBER> * <NUMBER> # বিকাশ/নগদ/উপায়/রকেটেও পাবেন
spam,1,রমজান অফার! অ্যাপে ৳৫৯৮-৫০GB+ফ্রি Noor সাবস্ক্রিপশন(৩০দিন) cutt.ly/inr,রমজান অফার! অ্যাপে <MONEY> -৫০GB+ফ্রি Noor সাবস্ক্রিপশন(৩০দিন) <URL>
spam,1,"DINNER45 দিচ্ছে ৪৫ টাকা ছাড় ১৯৯ টাকায়।		
DINNER105 দিচ্ছে ১০৫ টাকা পর্যন্ত ছাড় ২৯৯ টাকায়।		
অর্ডার করুন এখনিঃ tinyurl.com/3md3wecd",DINNER45 দিচ্ছে <MONEY> ছাড় <MONEY> য়। DINNER105 দিচ্ছে <MONEY> পর্যন্ত ছাড় <MONEY> য়। অর্ডার করুন এখনিঃ <URL>
spam,1,আড়ংয়ের ঈদ কালেকশন এখন সকল আউটলেট এবং aarong.com এ। cutt.ly/E8S4qZv,আড়ংয়ের ঈদ কালেকশন এখন সকল আউটলেট এবং <URL> এ। <URL>
spam,1,লম্বা ছুটিতে ঘুরতে যাওয়ার টিকেট কাটতে ক্লিক: bdtickets.com কল ১৬৪৬০,লম্বা ছুটিতে ঘুরতে যাওয়ার টিকেট কাটতে ক্লিক: <URL> কল <PHONE>
spam,1,"স্বদেশপল্লীর আকর্ষণীয় ঈদ-উল-ফিতর কালেকশন, এখন পাওয়া যাচ্ছে আপনার নিকটস্থ আউটলেটে! বিস্তারিত: https://cutt.ly/i8ZZmNI","স্বদেশপল্লীর আকর্ষণীয় ঈদ-উল-ফিতর কালেকশন, এখন পাওয়া যাচ্ছে আপনার নিকটস্থ আউটলেটে! বিস্তারিত: <URL>"
ham,0,গ্রামীণফোনের সিস্টেম উন্নয়নমূলক কাজ সফলভাবে সম্পন্ন হয়েছে। বর্তমানে রিচার্জ বা বিল পেমেন্ট সহ আমাদের সকল সার্ভিস আগের মতো চালু রয়েছে। গ্রামীণফোনের সাথে থাকার জন্য ধন্যবাদ।,গ্রামীণফোনের সিস্টেম উন্নয়নমূলক কাজ সফলভাবে সম্পন্ন হয়েছে। বর্তমানে রিচার্জ বা বিল পেমেন্ট সহ আমাদের সকল সার্ভিস আগের মতো চালু রয়েছে। গ্রামীণফোনের সাথে থাকার জন্য ধন্যবাদ।
ham,0,আমি ১০ তারিখ সকালে রওনা দিব।শান্তিনগরে ইস্টার্ন প্লাস একটা মার্কেট আছে যে?!ওটার উপরে উত্তরা ব্যাংকের ট্রেনিং ইন্সটিটিউট।ওখানে ট্রেনিং।মতিঝিল থেকে কাছে।,আমি <NUMBER> তারিখ সকালে রওনা দিব।শান্তিনগরে ইস্টার্ন প্লাস একটা মার্কেট আছে যে?!ওটার উপরে উত্তরা ব্যাংকের ট্রেনিং ইন্সটিটিউট।ওখানে ট্রেনিং।মতিঝিল থেকে কাছে।
ham,0,কোভিড-১৯ ভ্যাকসিন নিবন্ধন,কোভিড- <NUMBER> ভ্যাকসিন নিবন্ধন
ham,0,"প্রিয় গ্রাহক, আপনার নম্বরে ৮৫০.০ টাকা লোকাল বিল প্রদান করা হয়েছে |ধন্যবাদ |","প্রিয় গ্রাহক, আপনার নম্বরে <MONEY> লোকাল বিল প্রদান করা হয়েছে |ধন্যবাদ |"
ham,0,তোরা সবগুলা আমার জন্য দোয়া কর।যাতে আমার বিয়েটা হয়।যেই ফাড়া লাগসে আমার।,তোরা সবগুলা আমার জন্য দোয়া কর।যাতে আমার বিয়েটা হয়।যেই ফাড়া লাগসে আমার।
ham,0,"স্যার [CK21252], আপনার সংযোগটির মেয়াদ শেষ হতে যাচ্ছে 2023-02-27 তারিখে। অনুগ্রহ করে বিল পরিশোধ করুন । বিকাশ: 01782 66 33 77","স্যার [CK21252], আপনার সংযোগটির মেয়াদ শেষ হতে যাচ্ছে <NUMBER> - <NUMBER> - <NUMBER> তারিখে। অনুগ্রহ করে বিল পরিশোধ করুন । বিকাশ: <PHONE>"
ham,0,ল্যাপটপে রাখছিলাম কিনা মনে নাই।কিন্তু ল্যাপটপ তো বাসায়,ল্যাপটপে রাখছিলাম কিনা মনে নাই।কিন্তু ল্যাপটপ তো বাসায়
ham,0,"স্যার, গ্রাহক আইডি CK21252 তে 1000.00 টাকা বিল প্রদানটি সফল হয়েছে। ধন্যবাদ","স্যার, গ্রাহক আইডি CK21252 তে <MONEY> বিল প্রদানটি সফল হয়েছে। ধন্যবাদ"
ham,0,আল্লাহ বড় বাচা বাচাইছে তোকে।এটা ভেবে শুকরিয়া কর ❤️,আল্লাহ বড় বাচা বাচাইছে তোকে।এটা ভেবে শুকরিয়া কর ❤️
ham,0,"প্রিয় গ্রাহক,03-MAR-2023 পর্যন্ত আপনার লোকাল বিল -1134.50 টাকা এবং রোমিং বিল 0 টাকা। অনুগ্রহ করে এর মধ্যে সমুদয় বকেয়া বিল পরিশোধ করে গ্রামীণফোনের সাথে থাকুন। অনলাইনে পেমেন্টে করতে ব্রাউজ করুন mygp.li/ib","প্রিয় গ্রাহক, <NUMBER> -MAR- <NUMBER> পর্যন্ত আপনার লোকাল বিল - <MONEY> এবং রোমিং বিল <MONEY> । অনুগ্রহ করে এর মধ্যে সমুদয় বকেয়া বিল পরিশোধ করে গ্রামীণফোনের সাথে থাকুন। অনলাইনে পেমেন্টে করতে ব্রাউজ করুন mygp.li/ib"
ham,0,সায়মার লাইফে এখন বস্তায় বস্তায় কংগ্রাচুলেশনস 😅😅😅,সায়মার লাইফে এখন বস্তায় বস্তায় কংগ্রাচুলেশনস 😅😅😅
ham,0,"ট্যুর, কম্পিউটার ক্লাব সব ঝামেলায় পড়া হয় নি।আমাদের পরীক্ষাটা কাল না দিয়ে পরশু দিতে চাচ্ছি। আগামীকাল group স্টাডি করে এবং আপনার কাছ থেকে বিষয়টা ক্লিয়ার করে নিবো। আশাকরি,বিষয়টা দেখবেন।বিষয়গুলো ক্লািয়ার না করলে,পরীক্ষায় তেমন কিছু পারবো না।পরশু নিয়েন মেম, প্লিজ।","ট্যুর, কম্পিউটার ক্লাব সব ঝামেলায় পড়া হয় নি।আমাদের পরীক্ষাটা কাল না দিয়ে পরশু দিতে চাচ্ছি। আগামীকাল group স্টাডি করে এবং আপনার কাছ থেকে বিষয়টা ক্লিয়ার করে নিবো। আশাকরি,বিষয়টা দেখবেন।বিষয়গুলো ক্লািয়ার না করলে,পরীক্ষায় তেমন কিছু পারবো না।পরশু নিয়েন মেম, প্লিজ।"
ham,0,ম্যাম পরিক্ষা না নিতে বলসে রাহাতে সেটার উত্তর বলসে। কালকে পরিক্ষা নিবে না এটা বলে দিসে অলরেডি,ম্যাম পরিক্ষা না নিতে বলসে রাহাতে সেটার উত্তর বলসে। কালকে পরিক্ষা নিবে না এটা বলে দিসে অলরেডি
ham,0,তুই কী সিওর আগামীকাল এক্সাম না?,তুই কী সিওর আগামীকাল এক্সাম না?
ham,0,ডিপার্টমেন্ট থেকে কোনো ফিক্সড করা এসাইনমেন্টের জন্য কভার পেইজ আছে?নাকি নিজ থেকে বানাতে হবে?,ডিপার্টমেন্ট থেকে কোনো ফিক্সড করা এসাইনমেন্টের জন্য কভার পেইজ আছে?নাকি নিজ থেকে বানাতে হবে?
ham,0,কেউ একটু বলো এখানে ৫ নাম্বারে ১ এর পরিপূরক কোনটারে করতাম?,কেউ একটু বলো এখানে <NUMBER> নাম্বারে <NUMBER> এর পরিপূরক কোনটারে করতাম?
ham,0,Lecture 1 এবং Lecture 2 তে আমার কিছু বিষয় এখনো ক্লিয়ার নাই।,Lecture <NUMBER> এবং Lecture <NUMBER> তে আমার কিছু বিষয় এখনো ক্লিয়ার নাই।
ham,0,55 ব্যাচ এর সবাই 55 লিখা পিডিএফ টা ডাউনলোড করে ওইখানে ডান পাশে লিংকে যাবা.. প্রত্যেক টা কোর্সের জন্য আলাদা আলাদা ফরম আছে.. সবগুলো পুরণ করতে হবে...আর 44 ব্যাচের যারা আপনারা 44 লিখা পিডিএফ এ যাবেন আর সবগুলো লিংকে ঢুকে ফরমগুলো ফিল করবেন,<NUMBER> ব্যাচ এর সবাই <NUMBER> লিখা পিডিএফ টা ডাউনলোড করে ওইখানে ডান পাশে লিংকে যাবা.. প্রত্যেক টা কোর্সের জন্য আলাদা আলাদা ফরম আছে.. সবগুলো পুরণ করতে হবে...আর <NUMBER> ব্যাচের যারা আপনারা <NUMBER> লিখা পিডিএফ এ যাবেন আর সবগুলো লিংকে ঢুকে ফরমগুলো ফিল করবেন
ham,0,"হ্যালু,ম্যাম আসসালামুয়ালাইকুম।","হ্যালু,ম্যাম আসসালামুয়ালাইকুম।"
ham,0,তোমাদের কম্পিউটার ফান্ডামেন্টাল এক্সাম কখন হবে?,তোমাদের কম্পিউটার ফান্ডামেন্টাল এক্সাম কখন হবে?
ham,0,"আসসালামুয়ালাইকুম ম্যাম, ম্যাথ গুলো এখন ও ভালো করে প্রিপারেশন নিতে পারি নাই ।","আসসালামুয়ালাইকুম ম্যাম, ম্যাথ গুলো এখন ও ভালো করে প্রিপারেশন নিতে পারি নাই ।"
spam,1,আসসালামু আলাইকুম আমার ছেলেটা খুবই অসুস্থ ওর চিকিৎসার জন্য সবাই সহায়তা করুন প্লিজ 🙏,আসসালামু আলাইকুম আমার ছেলেটা খুবই অসুস্থ ওর চিকিৎসার জন্য সবাই সহায়তা করুন প্লিজ 🙏
spam,1,ক্লিক করুনঃ onelink.to/j7rwyf বিস্তারিত জানতে কল করুনঃ ১৬৪৬০ *শর্ত প্রযোজ্য,ক্লিক করুনঃ onelink.to/j7rwyf বিস্তারিত জানতে কল করুনঃ <PHONE> *শর্ত প্রযোজ্য
ham,0,আফমির দোকানদারেরা অনেক ভালো,আফমির দোকানদারেরা অনেক ভালো
ham,0,"প্রিয় গ্রাহক, NPSB সিস্টেমে জরুরি কার্যক্রম পরিচালনার জন্য ইবিএলের সকল কার্ড সম্পর্কিত সেবা ০৬ জুলাই ২০২৩, রাত ১১:৫৯ টা থেকে ০৭ জুলাই ২০২৩, সকাল ৬:০০ টা পর্যন্ত বন্ধ থাকবে। সাময়িক এই অসুবিধার জন্য আমরা আন্তরিকভাবে দুঃখিত।","প্রিয় গ্রাহক, NPSB সিস্টেমে জরুরি কার্যক্রম পরিচালনার জন্য ইবিএলের সকল কার্ড সম্পর্কিত সেবা <NUMBER> জুলাই <NUMBER> , রাত <NUMBER> : <NUMBER> টা থেকে <NUMBER> জুলাই <NUMBER> , সকাল <NUMBER> : <NUMBER> টা পর্যন্ত বন্ধ থাকবে। সাময়িক এই অসুবিধার জন্য আমরা আন্তরিকভাবে দুঃখিত।"
ham,0,"সেহরি ও ইফতারে নিরাপদ ও সুষম খাবার গ্রহণ করুন। অস্বাস্থ্যকর ও অতিরিক্ত ভাজা-পোড়া খাবার পরিহার করুন। বাংলাদেশ নিরাপদ খাদ্য কর্তৃপক্ষ, খাদ্য মন্ত্রণালয়।","সেহরি ও ইফতারে নিরাপদ ও সুষম খাবার গ্রহণ করুন। অস্বাস্থ্যকর ও অতিরিক্ত ভাজা-পোড়া খাবার পরিহার করুন। বাংলাদেশ নিরাপদ খাদ্য কর্তৃপক্ষ, খাদ্য মন্ত্রণালয়।"
ham,0,এভাবে মোবাইল পাব জীবনেও ভাবি নাই। এক মাস আগেও দুইটা মোবাইল হারাইছি,এভাবে মোবাইল পাব জীবনেও ভাবি নাই। এক মাস আগেও দুইটা মোবাইল হারাইছি
ham,0,প্রয়োজনীয় মনে হয়নি,প্রয়োজনীয় মনে হয়নি
ham,0,"আজকে আমি ভাই যে কাহিনী করছি। আজকে আমি আফমি প্লাজায় গেছি, সাথে ছেলেকেও নিয়ে গেছি। অনেক দোকান ঘুতে টুরে চলে যাব বাসায় তখন দেখি মোবাইল নাই। এবার সব দোকান চেক করে দেখি কোথাও মোবাইল নাই। দেন এক দোকানদার আমাকে আফমি প্লাজার টপ রুফে সেন্ট্রাল সিসি ক্যামেরা কন্ট্রোল রুমে গেছি, সব দোকান চেক করতে। তখন ক্যামেরায় দোকানে দেখা গেছে আমি মোবাইল নিয়ে Savee's by Tony দোকানে গেছি, বাট খালি হাতে আসছি। এরপর ওই দোকানে গেলাম ওরা সিসি ক্যামেরা দেখার জন্য রেডি, তখন আমি ওদের বললাম যে আমি যেখানে মিরর এর সামনে ড্রেস দেখতে ছিলাম সেখানে দেখতে চাইলাম, ওরা দেখতে দিলো। এরপর মোবাইল টা ভাই কাপড়ের সেল্ফ এর কয়েকটা কাপড়ের নিচে থেকে বের হইছে। মোবাইল টাও বন্ধ হয়ে গেছিলো।","আজকে আমি ভাই যে কাহিনী করছি। আজকে আমি আফমি প্লাজায় গেছি, সাথে ছেলেকেও নিয়ে গেছি। অনেক দোকান ঘুতে টুরে চলে যাব বাসায় তখন দেখি মোবাইল নাই। এবার সব দোকান চেক করে দেখি কোথাও মোবাইল নাই। দেন এক দোকানদার আমাকে আফমি প্লাজার টপ রুফে সেন্ট্রাল সিসি ক্যামেরা কন্ট্রোল রুমে গেছি, সব দোকান চেক করতে। তখন ক্যামেরায় দোকানে দেখা গেছে আমি মোবাইল নিয়ে Savee's by Tony দোকানে গেছি, বাট খালি হাতে আসছি। এরপর ওই দোকানে গেলাম ওরা সিসি ক্যামেরা দেখার জন্য রেডি, তখন আমি ওদের বললাম যে আমি যেখানে মিরর এর সামনে ড্রেস দেখতে ছিলাম সেখানে দেখতে চাইলাম, ওরা দেখতে দিলো। এরপর মোবাইল টা ভাই কাপড়ের সেল্ফ এর কয়েকটা কাপড়ের নিচে থেকে বের হইছে। মোবাইল টাও বন্ধ হয়ে গেছিলো।"
ham,0,নামাজ বেহেশতের চাবিকাঠি।,নামাজ বেহেশতের চাবিকাঠি।
ham,0,"কোভিড-১৯ ভ্যাকসিন নিবন্ধনঃ আপনার OTP কোড-651947 , ধন্যবাদ।","কোভিড- <NUMBER> ভ্যাকসিন নিবন্ধনঃ আপনার OTP কোড- <NUMBER> , ধন্যবাদ।"
ham,0,তোদের সাথে গত ফ্রাইডে মিট করার পর আমার ফার্স্ট রিয়েলাইজেশন,তোদের সাথে গত ফ্রাইডে মিট করার পর আমার ফার্স্ট রিয়েলাইজেশন
ham,0,সবার তো নরমাল ডেলিভারি হয় নাই।সবাইকে কষ্টটা কেমন সেটার এক্সপেরিয়ান্স জানাইলাম আরকি।ইন ফিউচার কাজে দিবে সবার।তুই সওয়াব পাবি।,সবার তো নরমাল ডেলিভারি হয় নাই।সবাইকে কষ্টটা কেমন সেটার এক্সপেরিয়ান্স জানাইলাম আরকি।ইন ফিউচার কাজে দিবে সবার।তুই সওয়াব পাবি।
ham,0,"প্রমোশনাল এসমএস না চাইলে *৭# ডায়াল করে চালু করুন ডু নট ডিসটার্ব সেবা, অন্যথায় চালু না করার অনুরোধ করা হলো : বিটিআরসি","প্রমোশনাল এসমএস না চাইলে * <NUMBER> # ডায়াল করে চালু করুন ডু নট ডিসটার্ব সেবা, অন্যথায় চালু না করার অনুরোধ করা হলো : বিটিআরসি"
ham,0,আমি এটাও ভুলে যাই,আমি এটাও ভুলে যাই
ham,0,এখন নাহিদা ডাকিস,এখন নাহিদা ডাকিস
ham,0,খেলাধুলার সর্বশেষ খবর পেতে ভিজিট করুন http://mysports.com.bd । ট্যাক্সসহ চার্জ ৩.৩৩ টাকা প্রতিদিন।,খেলাধুলার সর্বশেষ খবর পেতে ভিজিট করুন <URL> । ট্যাক্সসহ চার্জ <MONEY> প্রতিদিন।
ham,0,আপনার প্রেমিকাকে পটানোর টিপস আমরা প্রোভাইড করবো,আপনার প্রেমিকাকে পটানোর টিপস আমরা প্রোভাইড করবো
ham,0,সেরকম পাইনি এখন অব্দি,সেরকম পাইনি এখন অব্দি
ham,0,ইবিএল থেকে কার্ডের PIN নম্বর ৪ থেকে ৬ সংখ্যায় উন্নীত/পরিবর্তন সংক্রান্ত ফোন কল করা হয় না। এ ধরনের প্রতারণামূলক ফোন কল থেকে সতর্ক থাকুন।,ইবিএল থেকে কার্ডের PIN নম্বর <NUMBER> থেকে <NUMBER> সংখ্যায় উন্নীত/পরিবর্তন সংক্রান্ত ফোন কল করা হয় না। এ ধরনের প্রতারণামূলক ফোন কল থেকে সতর্ক থাকুন।
ham,0,"আপনার ইবিএল ক্রেডিট এবং ডেবিট কার্ডে সর্বনিম্ন ১০০০ টাকা QR ট্রান্সাকশনে উপভোগ করুন ১৫% ক্যাশব্যাক, সর্বোচ্চ ৫০০ টাকা, ৩০ জুন ২০২৩ পর্যন্ত।","আপনার ইবিএল ক্রেডিট এবং ডেবিট কার্ডে সর্বনিম্ন <MONEY> QR ট্রান্সাকশনে উপভোগ করুন <NUMBER> % ক্যাশব্যাক, সর্বোচ্চ <MONEY> , <NUMBER> জুন <NUMBER> পর্যন্ত।"
ham,0,এমন ম্যাসেজ কেউ দেয় না💔,এমন ম্যাসেজ কেউ দেয় না💔
ham,0,ভাই আমি সিউর ভবিষ্যতে আল্লাহ বাচ্চাকাচ্চা দিলে ডেলিভারির সময় কষ্টে কান্দার জায়গায় কথা মনে করে চিল্লাই উলটা হাসবো মনে হচ্ছে,ভাই আমি সিউর ভবিষ্যতে আল্লাহ বাচ্চাকাচ্চা দিলে ডেলিভারির সময় কষ্টে কান্দার জায়গায় কথা মনে করে চিল্লাই উলটা হাসবো মনে হচ্ছে
ham,0,আমিও হাসতেই আছি,আমিও হাসতেই আছি
ham,0,এখন থেকে রবিতে আপনার বিশেষ অফারগুলো জানতে ডায়াল করুন *৮৮৮#,এখন থেকে রবিতে আপনার বিশেষ অফারগুলো জানতে ডায়াল করুন * <NUMBER> #
ham,0,বোনাস সহ ২৫জিবি-২০০টাকা-৭দিন। নিতে ডায়াল *১২১*৫৪৫৩# বা mygp.li/mo,বোনাস সহ ২৫জিবি- <MONEY> -৭দিন। নিতে ডায়াল * <NUMBER> * <NUMBER> # বা mygp.li/mo
ham,0,আমার গাল ব্যথা হয়ে গেছে অলরেডি,আমার গাল ব্যথা হয়ে গেছে অলরেডি
ham,0,ইতির এক্সাম্পল শুনে আমি হাসতেই আছি,ইতির এক্সাম্পল শুনে আমি হাসতেই আছি
spam,1,কুরবানি মজাদার রেসিপি SMS পেতে ডায়াল করুন *26397*94# চার্জ ৳২.৬৭দৈনিক,কুরবানি মজাদার রেসিপি SMS পেতে ডায়াল করুন * <NUMBER> * <NUMBER> # চার্জ <MONEY> দৈনিক
spam,1,এই দায়ভার তোদের।,এই দায়ভার তোদের।
spam,1,এন্ড্রয়েড ফোন পেতে এই লিংকে ক্লিক করুন!!,এন্ড্রয়েড ফোন পেতে এই লিংকে ক্লিক করুন!!
ham,0,ভাই তোরা বাচ্চাকাচ্চার মা হইছস কেম্নে! ঝাউরা গুলা,ভাই তোরা বাচ্চাকাচ্চার মা হইছস কেম্নে! ঝাউরা গুলা
ham,0,আরেকটা বিষয় অনেক ভয়ানক লাগে।সেটা হইল বাচ্চা ডেলিভারির বিষয়টা।আমি শুনসি অনেক কষ্টের।,আরেকটা বিষয় অনেক ভয়ানক লাগে।সেটা হইল বাচ্চা ডেলিভারির বিষয়টা।আমি শুনসি অনেক কষ্টের।
spam,1,"আপনার জন্য সুবর্ণ সুযোগ স্মার্টফোন জিতার!! সহজ প্রশ্নের উত্তর দিয়ে জিতে নিন ৩৩,৬০০ টাকার আকর্ষণীয় স্মার্টফোন Oppo F21s Pro 5G মাত্র ৳২.৬৭/দিন/প্রশ্ন, ডায়াল *213*56565#","আপনার জন্য সুবর্ণ সুযোগ স্মার্টফোন জিতার!! সহজ প্রশ্নের উত্তর দিয়ে জিতে নিন <MONEY> র আকর্ষণীয় স্মার্টফোন Oppo F21s Pro 5G মাত্র <MONEY> /দিন/প্রশ্ন, ডায়াল * <NUMBER> * <NUMBER> #"
spam,1,চিরসবুজ বাংলা গান শুনুন এখনই StarMaker- রে আর কয়েন রিচার্জ করতে https://bit.ly/3XULpXy,চিরসবুজ বাংলা গান শুনুন এখনই StarMaker- রে আর কয়েন রিচার্জ করতে <URL>
spam,1,ভালোবাসার টিপস ও রিংটোন সেট,ভালোবাসার টিপস ও রিংটোন সেট
spam,1,Pureit,Pureit
spam,1,"সুবর্ণ সুযোগ স্মার্টফোন জিতার!! সহজ কিছু প্রশ্নের উত্তর দিয়ে জিতে নিন ৩১,৯৯০ টাকার আকর্ষণীয় স্মার্টফোন Realme 9 Pro, ডায়াল *213*40404#","সুবর্ণ সুযোগ স্মার্টফোন জিতার!! সহজ কিছু প্রশ্নের উত্তর দিয়ে জিতে নিন <MONEY> র আকর্ষণীয় স্মার্টফোন Realme <NUMBER> Pro, ডায়াল * <NUMBER> * <NUMBER> #"
spam,1,ঘরের সকল কাজ করে দিবে একদম নিশ্চিন্তে!! সেবা পেতে আজই যোগাযোগ করুন আমাদের সাথে,ঘরের সকল কাজ করে দিবে একদম নিশ্চিন্তে!! সেবা পেতে আজই যোগাযোগ করুন আমাদের সাথে
spam,1,ওপেলিয়ার সকল আউটলেটে চলছে ২০% ছাড়!!,ওপেলিয়ার সকল আউটলেটে চলছে <NUMBER> % ছাড়!!
spam,1,প্রেমের টিপস পেতে চাইলে এইসব ভুংচুং চাপুন,প্রেমের টিপস পেতে চাইলে এইসব ভুংচুং চাপুন
spam,1,আপনার ভালবাসার মানুষ্কে খুজে পেতে ডায়াল করুন,আপনার ভালবাসার মানুষ্কে খুজে পেতে ডায়াল করুন
ham,0,"ম্যাম, আমি এক্সাম দিয়েছি। অফিসের শিডিউলটা কমপ্লিট করতে পেরেছিলাম।","ম্যাম, আমি এক্সাম দিয়েছি। অফিসের শিডিউলটা কমপ্লিট করতে পেরেছিলাম।"
spam,1,আপনি কী দক্ষ গৃ্হশিক্ষক খুজছেন???,আপনি কী দক্ষ গৃ্হশিক্ষক খুজছেন???
ham,0,লাস্ট মোমেন্ট এ এক্সাম দিয়ে দিয়েছি।,লাস্ট মোমেন্ট এ এক্সাম দিয়ে দিয়েছি।
ham,0,খে জমা দাও... ওরা সবাই ক্লাস টেস্ট দিয়েছে... লিখেও জমা দিয়েছে...,খে জমা দাও... ওরা সবাই ক্লাস টেস্ট দিয়েছে... লিখেও জমা দিয়েছে...
ham,0,তোমরা আমাকে গত কালকে সকালে বললেও হত,তোমরা আমাকে গত কালকে সকালে বললেও হত
ham,0,এখন তো আর পসিবল না,এখন তো আর পসিবল না
ham,0,"আসসালামুয়ালাইকুম, ম্যাম 
parallel exam টা একটু সময় নিয়ে দিতে পারলে আমরা ভালো রেজাল্ট করতে পরব।","আসসালামুয়ালাইকুম, ম্যাম parallel exam টা একটু সময় নিয়ে দিতে পারলে আমরা ভালো রেজাল্ট করতে পরব।"
spam,1,বাংলাদেশ সেনাবাহিনীতে কমিশন অফিসার হিসাবে ৯১তম বিএমএ দীর্ঘমেয়াদী কোর্সে যোগ দিন। ২৪ এপ্রিল ২০২৩ তারিখের মধ্যে অনলাইনে আবেদন করুন বিস্তারিতঃ https://joinbangladesharmy.army.mil.bd,বাংলাদেশ সেনাবাহিনীতে কমিশন অফিসার হিসাবে ৯১তম বিএমএ দীর্ঘমেয়াদী কোর্সে যোগ দিন। <NUMBER> এপ্রিল <NUMBER> তারিখের মধ্যে অনলাইনে আবেদন করুন বিস্তারিতঃ <URL>
spam,1,"৮ এপ্রিল ‘বাংলাদেশ স্কাউটস দিবস’। ‘স্কাউটিং করবো, স্মার্ট বাংলাদেশ গড়বো’ থিমে দ্বিতীয়বারের মতো দেশব্যাপী উদযাপিত হচ্ছে এ দিবস।। সকলকে বাংলাদেশ স্কাউটস দিবসের শুভেচ্ছা","<NUMBER> এপ্রিল ‘বাংলাদেশ স্কাউটস দিবস’। ‘স্কাউটিং করবো, স্মার্ট বাংলাদেশ গড়বো’ থিমে দ্বিতীয়বারের মতো দেশব্যাপী উদযাপিত হচ্ছে এ দিবস।। সকলকে বাংলাদেশ স্কাউটস দিবসের শুভেচ্ছা"
spam,1,"“আজ ৭ এপ্রিল বিশ্ব স্বাস্থ্য দিবস। এবারের প্রতিপাদ্য “Health for All” যার বাংলা ভাবানুবাদ করা হয়েছে “সবার জন্য স্বাস্থ্য”।-স্বাস্থ্য সেবা বিভাগ, স্বাস্থ্য ও পরিবার কল্যাণ মন্ত্রণালয়”।","“আজ <NUMBER> এপ্রিল বিশ্ব স্বাস্থ্য দিবস। এবারের প্রতিপাদ্য “Health for All” যার বাংলা ভাবানুবাদ করা হয়েছে “সবার জন্য স্বাস্থ্য”।-স্বাস্থ্য সেবা বিভাগ, স্বাস্থ্য ও পরিবার কল্যাণ মন্ত্রণালয়”।"
spam,1,০২ এপ্রিল ২০২৩ তারিখ ১৬তম বিশ্ব অটিজম সচেতনতা দিবস। এবারের প্রতিপাদ্য “রূপান্তরের অভিযাত্রায় সবার জন্য নিউরোবান্ধব অন্তর্ভুক্তিমূলক বিশ্বগঠন”- সমাজ কল্যান মন্ত্রণালয়।,<NUMBER> এপ্রিল <NUMBER> তারিখ ১৬তম বিশ্ব অটিজম সচেতনতা দিবস। এবারের প্রতিপাদ্য “রূপান্তরের অভিযাত্রায় সবার জন্য নিউরোবান্ধব অন্তর্ভুক্তিমূলক বিশ্বগঠন”- সমাজ কল্যান মন্ত্রণালয়।
spam,1,"‘‘০৬ এপ্রিল জাতীয় ও আন্তর্জাতিক ক্রীড়া দিবস। এ বছরের প্রতিপাদ্য হলো স্মার্ট বাংলাদেশ, স্মার্ট ক্রীড়াঙ্গন, শেখ হাসিনার দর্শন। যুব ও ক্রীড়া মন্ত্রণালয়।","‘‘ <NUMBER> এপ্রিল জাতীয় ও আন্তর্জাতিক ক্রীড়া দিবস। এ বছরের প্রতিপাদ্য হলো স্মার্ট বাংলাদেশ, স্মার্ট ক্রীড়াঙ্গন, শেখ হাসিনার দর্শন। যুব ও ক্রীড়া মন্ত্রণালয়।"
spam,1,"“করলে জাটকা সংরক্ষণ-বাড়বে ইলিশের উৎপাদন“ ০১-০৭ এপ্রিল “জাটকা সংরক্ষণ সপ্তাহ-২০২৩’’ উদ্‌যাপিত হচ্ছে। আসুন, আমরা জাটকা রক্ষা করে ইলিশ উৎপাদন বৃদ্ধি করি-মৎস্য অধিদপ্তর/মপ্রাম’’।","“করলে জাটকা সংরক্ষণ-বাড়বে ইলিশের উৎপাদন“ <NUMBER> - <NUMBER> এপ্রিল “জাটকা সংরক্ষণ সপ্তাহ- <NUMBER> ’’ উদ্‌যাপিত হচ্ছে। আসুন, আমরা জাটকা রক্ষা করে ইলিশ উৎপাদন বৃদ্ধি করি-মৎস্য অধিদপ্তর/মপ্রাম’’।"
spam,1,মাননীয় প্রধানমন্ত্রী শেখ হাসিনা ২৯ মার্চ ২০২৩ তারিখ সকাল ১০:৩০ টায় জাতীয় ভূমি সম্মেলন এবং ভূমি মন্ত্রণালয়ের ৭টি উদ্যোগ উদ্বোধন করবেন। ভিজিট করুন: land.gov.bd,মাননীয় প্রধানমন্ত্রী শেখ হাসিনা <NUMBER> মার্চ <NUMBER> তারিখ সকাল <NUMBER> : <NUMBER> টায় জাতীয় ভূমি সম্মেলন এবং ভূমি মন্ত্রণালয়ের ৭টি উদ্যোগ উদ্বোধন করবেন। ভিজিট করুন: <URL>
spam,1,‘আপনার সন্তান ও আগামী প্রজন্ম,‘আপনার সন্তান ও আগামী প্রজন্ম
spam,1,জ্বালানি সাশ্রয় হোক তার জন্য'।,জ্বালানি সাশ্রয় হোক তার জন্য'।
spam,1,"-হাইড্রোকার্বন ইউনিট, জ্বালানি ও খনিজ সম্পদ বিভাগ।","-হাইড্রোকার্বন ইউনিট, জ্বালানি ও খনিজ সম্পদ বিভাগ।"
spam,1,রঙ বাংলাদেশ ও সাদাকালো-র ভাউচারে ২৫%ছাড়,রঙ বাংলাদেশ ও সাদাকালো-র ভাউচারে <NUMBER> %ছাড়
spam,1,"হাই ভোল্টেজ ম্যাচে রিয়াল-ইন্টার,বাফার ফ্রি দেখতে - cutt.ly/YW4f6Wb","হাই ভোল্টেজ ম্যাচে রিয়াল-ইন্টার,বাফার ফ্রি দেখতে - <URL>"
spam,1,নীতি নাকি ক্যারিয়ার? জানতে দেখুন নিষিদ্ধ ফল Binge-এ! cutt.ly/6W1zgR4,নীতি নাকি ক্যারিয়ার? জানতে দেখুন নিষিদ্ধ ফল Binge-এ! <URL>
spam,1,দেখুন সাড়া জাগানো থ্রিলার ওয়েব সিরিজ সদরঘাটের টাইগার cutt.ly/mWKUZTx,দেখুন সাড়া জাগানো থ্রিলার ওয়েব সিরিজ সদরঘাটের টাইগার <URL>
spam,1,*213*2843# ডায়াল করে জানুন সেলস/মার্কেটিং চাকুরীর খবর চার্জ ২.৬৭ টাকা/দিন,* <NUMBER> * <NUMBER> # ডায়াল করে জানুন সেলস/মার্কেটিং চাকুরীর খবর চার্জ <MONEY> /দিন
spam,1,ফিফা বিশ্বকাপ উপলক্ষে লুফে নিন সুলতান'স ডাইন অ্যাপসে ১৫% ডিসকাউন্ট যেকোনো অর্ডারে সর্বোচ্চ ৫২৫ টাকা !!,ফিফা বিশ্বকাপ উপলক্ষে লুফে নিন সুলতান'স ডাইন অ্যাপসে <NUMBER> % ডিসকাউন্ট যেকোনো অর্ডারে সর্বোচ্চ <MONEY> !!
spam,1,"দারাজ ইদ সেলে লুফে নিন ২০% পর্যন্ত ক্যাশব্যাক নগদ/বিকাশে, সাথে আছে মেগা ডিলস, হট ডিলস, মিস্ট্রি বক্স > https://click.daraz.com.bd/e/_CY9njh","দারাজ ইদ সেলে লুফে নিন <NUMBER> % পর্যন্ত ক্যাশব্যাক নগদ/বিকাশে, সাথে আছে মেগা ডিলস, হট ডিলস, মিস্ট্রি বক্স > <URL>"
spam,1,"FastExGo নতুন শপে স্বাগতম,","FastExGo নতুন শপে স্বাগতম,"
spam,1,সোফা কাভার সহ ঘর সাজানো সকল পন্যের উপর থাকছে বিশাল মূল্য ছাড় !!!,সোফা কাভার সহ ঘর সাজানো সকল পন্যের উপর থাকছে বিশাল মূল্য ছাড় !!!
spam,1,"সেন্ট্রাল প্লাজা,Ctg.Call: 01329658739","সেন্ট্রাল প্লাজা,Ctg.Call: <PHONE>"
spam,1,আপনার ঈদ কেনাকাটা হোক নিশ্চিত ও নিরাপদ! Essentials ও Ophelia এর ঈদ কালেকশন এখন সকল শো-রুমে ও essentialsshop.com.bd তে Call:01797527238,আপনার ঈদ কেনাকাটা হোক নিশ্চিত ও নিরাপদ! Essentials ও Ophelia এর ঈদ কালেকশন এখন সকল শো-রুমে ও <URL> তে Call: <PHONE>
spam,1,রবি অ্যাপে ১৫০টাকা পর্যন্ত মেগা ক্যাশব্যাক। কিনতে ক্লিক cutt.ly/rco,রবি অ্যাপে <MONEY> পর্যন্ত মেগা ক্যাশব্যাক। কিনতে ক্লিক <URL>
spam,1,মনা খারাপ!! পছন্দের গান খুজে পেতে ডায়াল করুন,মনা খারাপ!! পছন্দের গান খুজে পেতে ডায়াল করুন
spam,1,"IDP's Biggest Education Roadshow in Chattogram today! মিট করুন ৪৫ টিরও বেশি বিশ্ববিদ্যালয়ের (Australia, Canada, UK & USA) সাথে at Radisson Blu Chattogram Bay View আজ সকাল ১১টা থেকে সন্ধ্যা ৬টা পর্যন্ত। Sign up: http://ow.ly/2BAY50N8JCL বা কল করুন 01970082082_IDP Education","IDP's Biggest Education Roadshow in Chattogram today! মিট করুন <NUMBER> টিরও বেশি বিশ্ববিদ্যালয়ের (Australia, Canada, UK & USA) সাথে at Radisson Blu Chattogram Bay View আজ সকাল ১১টা থেকে সন্ধ্যা ৬টা পর্যন্ত। Sign up: <URL> বা কল করুন 01970082082_IDP Education"
spam,1,"হ্যালো .,কানাডিয়ান ইউনিভার্সিটি তে আপনার ভর্তি বিষয়ে আমার সাথে আজ কে অ্যাপয়েন্টমেন্ট আছে৷ঠিকানাঃ Wasa Circle (Beside SH Khan petrol pump), Chattogram.কোন প্রশ্ন থাকলে নক করুন, https://rrj.nu/2W5Oty1Eশারমিন, GIC Education.","হ্যালো .,কানাডিয়ান ইউনিভার্সিটি তে আপনার ভর্তি বিষয়ে আমার সাথে আজ কে অ্যাপয়েন্টমেন্ট আছে৷ঠিকানাঃ Wasa Circle (Beside SH Khan petrol pump), Chattogram.কোন প্রশ্ন থাকলে নক করুন, <URL> GIC Education."
spam,1,"প্রিয় ., 
মিঃ তাহমিদুল ৩০০০০CAD স্কলারশিপসহ কানাডার Lakehead University তে ভর্তি হয়েছে৷
https://rrj.nu/VucpYxnb 

আপনিও স্কলারশিপসহ ভর্তি হতে চাইলে আগামিকাল 3pm-5pm এর মধ্যে আমাদের অফিসে আসতে ভুলবেন না৷ 

ঠিকানাঃ Wasa Circle (Beside SH Khan petrol pump), Chattogram.
GIC Education.","প্রিয় ., মিঃ তাহমিদুল ৩০০০০CAD স্কলারশিপসহ কানাডার Lakehead University তে ভর্তি হয়েছে৷ <URL> আপনিও স্কলারশিপসহ ভর্তি হতে চাইলে আগামিকাল 3pm-5pm এর মধ্যে আমাদের অফিসে আসতে ভুলবেন না৷ ঠিকানাঃ Wasa Circle (Beside SH Khan petrol pump), Chattogram. GIC Education."
spam,1,"অভিনন্দন .!
আপনার প্রোফাইলটি কানাডিয়ান ইউনিভার্সিটিতে ভর্তির জন্য প্রি-সিলেক্টেড হয়েছে৷ 

মিঃ রাফির মতো আপনিও পেতে পারেন ৪০০০০ CAD পর্যন্ত স্কলারশিপসহ কানাডিয়ান ইউনিভার্সিটি ভর্তি হবার সুযোগ৷ 
https://rrj.nu/kFGj26Cd 
পরবর্তী প্রসেস শুরু করতে আমাদের সাথে দেখা করুন ১০ জানুয়ারী, 3pm-5pm এর মধ্যে৷ 

ঠিকানাঃ Wasa Circle (Beside SH Khan petrol pump), Chattogram.
GIC Education.","অভিনন্দন .! আপনার প্রোফাইলটি কানাডিয়ান ইউনিভার্সিটিতে ভর্তির জন্য প্রি-সিলেক্টেড হয়েছে৷ মিঃ রাফির মতো আপনিও পেতে পারেন <NUMBER> CAD পর্যন্ত স্কলারশিপসহ কানাডিয়ান ইউনিভার্সিটি ভর্তি হবার সুযোগ৷ <URL> পরবর্তী প্রসেস শুরু করতে আমাদের সাথে দেখা করুন <NUMBER> জানুয়ারী, 3pm-5pm এর মধ্যে৷ ঠিকানাঃ Wasa Circle (Beside SH Khan petrol pump), Chattogram. GIC Education."
spam,1,"তুরষ্কের বিখ্যাত Aygaz LPG এখন আপনার এলাকায়।
অর্ডার করুন- 09612090909
StopAd? SMS BVZI to 21242",তুরষ্কের বিখ্যাত Aygaz LPG এখন আপনার এলাকায়। অর্ডার করুন- <NUMBER> StopAd? SMS BVZI to <NUMBER>
spam,1,"উপহার 2500 টাকা পেয়েছেন, চেক 213*26544#","উপহার <MONEY> পেয়েছেন, চেক <NUMBER> * <NUMBER> #"
spam,1,"৩৬%পর্যন্ত ছাড়ে বাবুর ডায়াপার
নগদ-এ৳৭৫ক্যাশব্যাক
T&C
chdl.co/nYSDqvCC",<NUMBER> %পর্যন্ত ছাড়ে বাবুর ডায়াপার নগদ-এ <MONEY> ক্যাশব্যাক T&C <URL>
spam,1,"মূল্যছাড়ে
শাক-সবজি
মাছ-মাংস
চাল-ডাল
ডিম-তেল
স্ন্যাকস
chdl.co/nY3qqtgf",মূল্যছাড়ে শাক-সবজি মাছ-মাংস চাল-ডাল ডিম-তেল স্ন্যাকস <URL>
spam,1,"আসসালামু আলাইকুম।

চট্রগ্রামে আননিসা গ্যালারির ২য় শোরুম উদ্বোধন উপলক্ষে আকর্ষণীয় ছাড় এবং উপহার পেতে চলে আসুন আমাদের আউটলেট এ।

গ্র্যান্ড ওপেনিং: ১৭/১২/২০২২। সকালঃ ১১টা। সপ: A2 , লেভেল: 3, বালি আর্কেড, চকবাজার, চট্রগ্রাম।
Helpline: 01630536530
www.annisagallerybd.com","আসসালামু আলাইকুম। চট্রগ্রামে আননিসা গ্যালারির ২য় শোরুম উদ্বোধন উপলক্ষে আকর্ষণীয় ছাড় এবং উপহার পেতে চলে আসুন আমাদের আউটলেট এ। গ্র্যান্ড ওপেনিং: <NUMBER> / <NUMBER> / <NUMBER> । সকালঃ ১১টা। সপ: A2 , লেভেল: <NUMBER> , বালি আর্কেড, চকবাজার, চট্রগ্রাম। Helpline: <PHONE> <URL>"
spam,1,আপনার BondhuShondan IVR_Daily সার্ভিসটির সাবস্ক্রিপশন সম্পন্ন করতে দয়া করে এই 123 টি এসএমএস এ পাঠান।,আপনার BondhuShondan IVR_Daily সার্ভিসটির সাবস্ক্রিপশন সম্পন্ন করতে দয়া করে এই <NUMBER> টি এসএমএস এ পাঠান।
spam,1,"[Pathao] বেশি অডার গরি জিতি লন কক্সবাজার ট্রিপ!
তাহলে আর দেরি কিসের? পাঠাও ফুড-এ মি লাইকি রেস্টুরেন্ট চকবাজার ব্রাঞ্চ থেকে বেশি বেশি অর্ডার করে জিতে নিন কক্সবাজার ট্রিপ! 
এখনই অর্ডার করুন: https://cutt.ly/J1xS6vD *শর্ত প্রযোজ্য",[Pathao] বেশি অডার গরি জিতি লন কক্সবাজার ট্রিপ! তাহলে আর দেরি কিসের? পাঠাও ফুড-এ মি লাইকি রেস্টুরেন্ট চকবাজার ব্রাঞ্চ থেকে বেশি বেশি অর্ডার করে জিতে নিন কক্সবাজার ট্রিপ! এখনই অর্ডার করুন: <URL> *শর্ত প্রযোজ্য
spam,1,"৳৯৯ ডিম আজই শেষদিন
তেল ৳৯৫৯
Y25 কোডে ৳২৫ মূল্যের গিফট
Chaldal.com/FREE",<MONEY> ডিম আজই শেষদিন তেল <MONEY> Y25 কোডে <MONEY> মূল্যের গিফট <URL>
spam,1,"৩ জিবি ৯৮ টাকা, মেয়াদ ৩০ দিন। শুধুমাত্র মাইটেলিটক অ্যাপে।","<NUMBER> জিবি <MONEY> , মেয়াদ <NUMBER> দিন। শুধুমাত্র মাইটেলিটক অ্যাপে।"
spam,1,এই ইদে ইবিএল কার্ডে উপভোগ করুন আকর্ষণীয় ট্র্যাভেল ও টুরিজম অফার! বিস্তারিত: https://ebl.com.bd/Eid-Offers-2023#travel শর্ত প্রযোজ্য,এই ইদে ইবিএল কার্ডে উপভোগ করুন আকর্ষণীয় ট্র্যাভেল ও টুরিজম অফার! বিস্তারিত: <URL> শর্ত প্রযোজ্য
spam,1,"কোরবানির জন্য পছন্দের পশুটি কিনুন নির্বিঘ্নে, আপনার ইবিএল কার্ড দিয়ে! বিস্তারিত জানতে ভিজিট করুন: https://ebl.com.bd/Eid-Offers-2023#cattle শর্ত প্রযোজ্য।","কোরবানির জন্য পছন্দের পশুটি কিনুন নির্বিঘ্নে, আপনার ইবিএল কার্ড দিয়ে! বিস্তারিত জানতে ভিজিট করুন: <URL> শর্ত প্রযোজ্য।"
ham,0,"প্রিয় আপু আসসালামু আলাইকুম। আগামী ২৩/১২/২০২২ কসবাউবি প্রথম রিইউনিয়ন অনুষ্ঠানে আপনাকে স্বাগতম। অনুষ্ঠানে যোগদানের জন্য আমাদের পাঠানো এই এসএমএস টি অবশ্যই সঙ্গে করে নিয়ে আসবেন। 
বিঃদ্রঃ- কোন বাচ্চা ও অতিথি গ্রহণযোগ্য নয়।
ধন্যবাদ।",প্রিয় আপু আসসালামু আলাইকুম। আগামী <NUMBER> / <NUMBER> / <NUMBER> কসবাউবি প্রথম রিইউনিয়ন অনুষ্ঠানে আপনাকে স্বাগতম। অনুষ্ঠানে যোগদানের জন্য আমাদের পাঠানো এই এসএমএস টি অবশ্যই সঙ্গে করে নিয়ে আসবেন। বিঃদ্রঃ- কোন বাচ্চা ও অতিথি গ্রহণযোগ্য নয়। ধন্যবাদ।
ham,0,ইন শা আল্লাহ,ইন শা আল্লাহ
ham,0,মন খারাপ করিস না.... আমাদের সবার একসাথে আসবে ইনশাআল্লাহ,মন খারাপ করিস না.... আমাদের সবার একসাথে আসবে ইনশাআল্লাহ
ham,0,"কোভিড-১৯ ভ্যাকসিনঃ ফারিবা তাসনিয়া খান, ৩য় ডোজ গ্রহণের তারিখঃ ২১-০৪-২০২২, কেন্দ্রঃচট্টগ্রাম মেডিকেল কলেজ হাসপাতাল(টিকা কার্ড ডাউনলোড করে সঙ্গে নিয়ে আসতে হবে)","কোভিড- <NUMBER> ভ্যাকসিনঃ ফারিবা তাসনিয়া খান, ৩য় ডোজ গ্রহণের তারিখঃ <NUMBER> - <NUMBER> - <NUMBER> , কেন্দ্রঃচট্টগ্রাম মেডিকেল কলেজ হাসপাতাল(টিকা কার্ড ডাউনলোড করে সঙ্গে নিয়ে আসতে হবে)"
spam,1,KFCপপকর্ন পিৎজা এখন সানডে স্পেশালে! ১টি কিনলে ১টি ফ্রি! pizzahutbd.com,KFCপপকর্ন পিৎজা এখন সানডে স্পেশালে! ১টি কিনলে ১টি ফ্রি! <URL>
spam,1,প্রতিদিনের খবর এসএমএস এ পেতে ডায়াল করুন *26397*1# চার্জ ৳২.৬৭ দৈনিক,প্রতিদিনের খবর এসএমএস এ পেতে ডায়াল করুন * <NUMBER> * <NUMBER> # চার্জ <MONEY> দৈনিক
spam,1,"ছবি, ভিডিও, মিউজিক- মোবাইলের সব ডাটার ব্যাকআপ রাখুন My Drive-এ। আজই ডাউনলোড করুন: https://cutt.ly/MyDrive","ছবি, ভিডিও, মিউজিক- মোবাইলের সব ডাটার ব্যাকআপ রাখুন My Drive-এ। আজই ডাউনলোড করুন: <URL>"
ham,0,আমার কলেজ লাইফের ফ্রেন্ড।সম্ভব হলে হেল্প করিস তোরা।,আমার কলেজ লাইফের ফ্রেন্ড।সম্ভব হলে হেল্প করিস তোরা।
ham,0,Facebook-এ দুই-ধাপ বিশিষ্ট যাচাইকরণের জন্য 799199 ব্যবহার করুন৷,Facebook-এ দুই-ধাপ বিশিষ্ট যাচাইকরণের জন্য <NUMBER> ব্যবহার করুন৷
ham,0,আমাকেই এখনো একজনের পালা লাগে।আম্মু সকালে উঠে নাস্তা বানায়।আমার টিফিন রেডি করে দেয়।তারপর স্কুলে যায়।আর আমি ঘুম থেকে উঠে খালি রেডি হই।তাতেই আমার লেইট হয়ে যায়।,আমাকেই এখনো একজনের পালা লাগে।আম্মু সকালে উঠে নাস্তা বানায়।আমার টিফিন রেডি করে দেয়।তারপর স্কুলে যায়।আর আমি ঘুম থেকে উঠে খালি রেডি হই।তাতেই আমার লেইট হয়ে যায়।
spam,1,তোমায় যদি-বুশরা শাহরিয়ার গানটি Airteltune সেট করতে dial *22788*951#,তোমায় যদি-বুশরা শাহরিয়ার গানটি Airteltune সেট করতে dial * <NUMBER> * <NUMBER> #
spam,1,প্রিয়জনের মুখে হাসি ফুটানোর বার্তা পেতে ডায়াল করুন *213*820# চার্জ ২.৬৭ টাকা/দিন,প্রিয়জনের মুখে হাসি ফুটানোর বার্তা পেতে ডায়াল করুন * <NUMBER> * <NUMBER> # চার্জ <MONEY> /দিন
spam,1,"আলী আকবর (মিন্টু) ভাইয়ের সালাম নিন, জনগনের সেবা করার সুযোগ দিন।","আলী আকবর (মিন্টু) ভাইয়ের সালাম নিন, জনগনের সেবা করার সুযোগ দিন।"
spam,1,ESSENTIALS & OPHELIA এর সকল শোরুমে ন্যূনতম ৩০০০ টাকার পন্য ক্রয় করলেই পাচ্ছেন মেম্বারশিপ কার্ড! যে কার্ডে উপভোগ করবেন আজীবন 10% ছাড়!,ESSENTIALS & OPHELIA এর সকল শোরুমে ন্যূনতম <MONEY> র পন্য ক্রয় করলেই পাচ্ছেন মেম্বারশিপ কার্ড! যে কার্ডে উপভোগ করবেন আজীবন <NUMBER> % ছাড়!
spam,1,"ডিম🥚৳৫৯!
হিমসাগর🥭 ৳৭৯/KG!
মাল্টা🍊৳১২৯/KG!

Chaldal.com/top-items",ডিম🥚 <MONEY> ! হিমসাগর🥭 <MONEY> /KG! মাল্টা🍊 <MONEY> /KG! <URL>
spam,1,"সুস্বাদু হিমসাগর ও ল্যাংড়া আম 🥭 গিফট বক্স!

Chaldal.com/fresh-fruit",সুস্বাদু হিমসাগর ও ল্যাংড়া আম 🥭 গিফট বক্স! <URL>
spam,1,"পবিত্র ঈদকে সামনে রেখে আপনার প্রিমিয়াম লাইফস্টাইল ব্র্যান্ড স্ট্রাইপে চলছে স্ট্রাইপ ঈদ ফেস্ট, পাচ্ছেন ২০% পর্যন্ত ছাড়! আজই শপিং করুন www.stripe.clothing থেকে।","পবিত্র ঈদকে সামনে রেখে আপনার প্রিমিয়াম লাইফস্টাইল ব্র্যান্ড স্ট্রাইপে চলছে স্ট্রাইপ ঈদ ফেস্ট, পাচ্ছেন <NUMBER> % পর্যন্ত ছাড়! আজই শপিং করুন <URL> থেকে।"
ham,0,হল আপনার Google যাচাইকরণ কোড৷,হল আপনার Google যাচাইকরণ কোড৷
ham,0,"শুভ জন্মদিন নানী.. অনেক অনেক ভাল থাক, সুস্থ থাক.. ভালবাসা রইল.. 
শ্রাবন্তী..","শুভ জন্মদিন নানী.. অনেক অনেক ভাল থাক, সুস্থ থাক.. ভালবাসা রইল.. শ্রাবন্তী.."
spam,1,"ইসলামী ব্যাংক আপনার সেবায় এখন চট্টগ্রামের টেরিবাজারে,আপনি আমন্ত্রিত।
StopAd? SMS SWRL to 21242","ইসলামী ব্যাংক আপনার সেবায় এখন চট্টগ্রামের টেরিবাজারে,আপনি আমন্ত্রিত। StopAd? SMS SWRL to <NUMBER>"
ham,0,তোর ফোন বন্ধ। কোন সমস্যা?,তোর ফোন বন্ধ। কোন সমস্যা?
spam,1,আজ আড়ং এর বর্ষপূর্তি উপলক্ষে চলছে বিশাল ডিস্কাউন্ট। লুকে নিন সব আকর্ষণীয় উপহার। নিচের লিংকটি ক্লিক করে জিতে নিন এখনই।,আজ আড়ং এর বর্ষপূর্তি উপলক্ষে চলছে বিশাল ডিস্কাউন্ট। লুকে নিন সব আকর্ষণীয় উপহার। নিচের লিংকটি ক্লিক করে জিতে নিন এখনই।
spam,1,ভালোবাসার রঙে জীবন সাজাতে ডায়াল করুন *213*29363# চার্জ ৳২.৬৭/দিন।,ভালোবাসার রঙে জীবন সাজাতে ডায়াল করুন * <NUMBER> * <NUMBER> # চার্জ <MONEY> /দিন।
spam,1,প্রিয়জনকে ভালবাসি বলতে ডায়াল করুন *213*1533# চার্জ ৳২.৬৭/দিন,প্রিয়জনকে ভালবাসি বলতে ডায়াল করুন * <NUMBER> * <NUMBER> # চার্জ <MONEY> /দিন
spam,1,প্রিয়জনদের খুশী করার টিপস পেতে ডায়াল *213*1468# চার্জ ৳২.৬৭/দিন,প্রিয়জনদের খুশী করার টিপস পেতে ডায়াল * <NUMBER> * <NUMBER> # চার্জ <MONEY> /দিন
spam,1,জিতে নিন আই ফোন। এখনই এই লিংকে ক্লিক করে জেনে নিন বিস্তারিত,জিতে নিন আই ফোন। এখনই এই লিংকে ক্লিক করে জেনে নিন বিস্তারিত
spam,1,অভিনন্দন। আপনি বিকাশের নিয়মিত ব্যবহারকারী হিসেবে বিকাশের স্পেশাল কাস্টমার হিসেবে নির্বাচিত হয়েছেন। আপনি বিকাশ থেকে পেতে যাচ্ছেন দুই লক্ষ টাকা । জানতে এখনই ডায়াল করুন,অভিনন্দন। আপনি বিকাশের নিয়মিত ব্যবহারকারী হিসেবে বিকাশের স্পেশাল কাস্টমার হিসেবে নির্বাচিত হয়েছেন। আপনি বিকাশ থেকে পেতে যাচ্ছেন দুই লক্ষ টাকা । জানতে এখনই ডায়াল করুন
spam,1,‘‘১২ মে আন্তর্জাতিক নার্স দিবস। এবারের প্রতিপাদ্য-আমাদের নার্সঃ আমাদের ভবিষ্যৎ”।,‘‘ <NUMBER> মে আন্তর্জাতিক নার্স দিবস। এবারের প্রতিপাদ্য-আমাদের নার্সঃ আমাদের ভবিষ্যৎ”।
spam,1,“বস্ত্র অধিদপ্তরাধীন সরকারি টেক্সটাইল ইঞ্জিনিয়ারিং কলেজসমূহে বি.এসসি. ইন টেক্সটাইল ইঞ্জিনিয়ারিং কোর্সে অনলাইনে শিক্ষার্থীদের ভর্তির আবেদন গ্রহণ চলছে” বিস্তারিত www.dot.gov.bd,“বস্ত্র অধিদপ্তরাধীন সরকারি টেক্সটাইল ইঞ্জিনিয়ারিং কলেজসমূহে বি.এসসি. ইন টেক্সটাইল ইঞ্জিনিয়ারিং কোর্সে অনলাইনে শিক্ষার্থীদের ভর্তির আবেদন গ্রহণ চলছে” বিস্তারিত <URL>
spam,1,থ্যালাসেমিয়া রোগ থেকে বাঁচতে বিয়ের আগে রক্ত পরীক্ষা করিয়ে নিন । রোগী ও বাহক কিংবা বাহকে বাহকে বিয়ে নয়-বাংলাদেশ থ্যালাসেমিয়া সমিতি।,থ্যালাসেমিয়া রোগ থেকে বাঁচতে বিয়ের আগে রক্ত পরীক্ষা করিয়ে নিন । রোগী ও বাহক কিংবা বাহকে বাহকে বিয়ে নয়-বাংলাদেশ থ্যালাসেমিয়া সমিতি।
spam,1,ডিলে মরটিন অ্যারোসল৳২৫৯বিফ৳৭৯৯চাল৳৫৬🎁কোডঃ FNT&Cchdl.co/vYWZmxri,ডিলে মরটিন অ্যারোসল <MONEY> বিফ <MONEY> চাল <MONEY> 🎁কোডঃ FNT& <URL>
spam,1,অফার! অফার!! অফার!!! আজ আড়ং এর ২০ বছর পুর্তি উপলক্ষে স্পেশাল অফার। লিংক্টিতে ক্লিক করুন এবং বুঝে নিন আকর্ষণীয় পুরষ্কার।,অফার! অফার!! অফার!!! আজ আড়ং এর <NUMBER> বছর পুর্তি উপলক্ষে স্পেশাল অফার। লিংক্টিতে ক্লিক করুন এবং বুঝে নিন আকর্ষণীয় পুরষ্কার।
spam,1,ডিলে টয়লেট ক্লিনার ৳৬৯৳ ৯৯+ বাজারে ৫টি গিফটঃ WR T&C chdl.co/1k37U8dp,ডিলে টয়লেট ক্লিনার <MONEY> <MONEY> + বাজারে ৫টি গিফটঃ WR T&C <URL>
spam,1,১০জিবি+১০০মিনিট+৫০SMS@২০৯ টাকা/৩০ দিন; অফার পেতে ডায়াল করুন*১১১*১০৭#,১০জিবি+১০০মিনিট+৫০SMS@ <MONEY> / <NUMBER> দিন; অফার পেতে ডায়াল করুন* <NUMBER> * <NUMBER> #
spam,1,৩৫০মিনিট+২জিবি+২০SMS@২২৪ টাকা /৩০ দিন; অফার পেতে ডায়াল করুন*১১১*১০৮#,৩৫০মিনিট+২জিবি+২০SMS@ <MONEY> / <NUMBER> দিন; অফার পেতে ডায়াল করুন* <NUMBER> * <NUMBER> #
spam,1,বিকাশ অ্যাপ থেকে নিজ নাম্বারে ৳৬০ রিচার্জ করলেই ৳২০ ক্যাশব্যাক! TCA,বিকাশ অ্যাপ থেকে নিজ নাম্বারে <MONEY> রিচার্জ করলেই <MONEY> ক্যাশব্যাক! TCA
spam,1,কুইক লোনে রেজিস্ট্রেশন করতে ডায়াল *8811*005# এবং জরুরী মুহূর্তে নিশ্চিন্তে পেয়ে যান লোন,কুইক লোনে রেজিস্ট্রেশন করতে ডায়াল * <NUMBER> * <NUMBER> # এবং জরুরী মুহূর্তে নিশ্চিন্তে পেয়ে যান লোন
spam,1,"২৬জিবি ৩০৯টাকা,মেয়াদ আনলিমিটেড।অফার পেতে ৩০৯টাকা রিচার্জ/ডায়াল*১১১*৩০৯#","২৬জিবি <MONEY> ,মেয়াদ আনলিমিটেড।অফার পেতে <MONEY> রিচার্জ/ডায়াল* <NUMBER> * <NUMBER> #"
spam,1,"২৭ জুন ‌আন্তর্জাতিক এমএসএমই দিবস। মাইক্রো, ক্ষুদ্র ও মাঝারি শিল্পের পৃষ্ঠপোষকতা করে ২০৪১ সালের মধ্যে একটি উন্নত সমৃদ্ধ দেশ গঠনে অবদান রাখুন। এসএমই ফাউন্ডেশন, শিল্প মন্ত্রণালয়।","<NUMBER> জুন ‌আন্তর্জাতিক এমএসএমই দিবস। মাইক্রো, ক্ষুদ্র ও মাঝারি শিল্পের পৃষ্ঠপোষকতা করে <NUMBER> সালের মধ্যে একটি উন্নত সমৃদ্ধ দেশ গঠনে অবদান রাখুন। এসএমই ফাউন্ডেশন, শিল্প মন্ত্রণালয়।"
spam,1,বাংলাদেশ বিমান বাহিনীতে ৮৯ বাফা কোর্সে অফিসার ক্যাডেট নিয়োগ চলছে। বিস্তারিতঃ https://joinairforce.baf.mil.bd,বাংলাদেশ বিমান বাহিনীতে <NUMBER> বাফা কোর্সে অফিসার ক্যাডেট নিয়োগ চলছে। বিস্তারিতঃ <URL>
spam,1,"আসুন পরিচ্ছন্ন চট্টগ্রাম গড়ি।
ঈদ মোবারক
মোঃ রেজাউল করিম চৌং
মেয়র, চসিক
StopAd? SMS WHVK to 21242","আসুন পরিচ্ছন্ন চট্টগ্রাম গড়ি। ঈদ মোবারক মোঃ রেজাউল করিম চৌং মেয়র, চসিক StopAd? SMS WHVK to <NUMBER>"
spam,1,*213*18389# ডায়াল করে জানুন সেলস/মার্কেটিং চাকুরীর খবর চার্জ ২.৬৭ টাকা/দিন,* <NUMBER> * <NUMBER> # ডায়াল করে জানুন সেলস/মার্কেটিং চাকুরীর খবর চার্জ <MONEY> /দিন
spam,1,"৩৫৳ পিয়াজ কিনতে ডাউনলোড করুন
ln.run/F-3-w
ফ্রি ডেলিভারী 
প্রথম বার",<MONEY> পিয়াজ কিনতে ডাউনলোড করুন ln.run/F- <NUMBER> -w ফ্রি ডেলিভারী প্রথম বার
spam,1,ঈদের আগেই GKK লাইফ চেক করে অর্ডার করুন। বিস্তারিত/অপ্টআউট ১৬৬২৭-TCA*,ঈদের আগেই GKK লাইফ চেক করে অর্ডার করুন। বিস্তারিত/অপ্টআউট <PHONE> -TCA*
spam,1,এই ঈদে সবার জন্য পিওরইট RO তে চলছে ২৫০০৳ ছাড়! বিস্তারিত/অপ্টআউট ১৬৬২৭*,এই ঈদে সবার জন্য পিওরইট RO তে চলছে <MONEY> ছাড়! বিস্তারিত/অপ্টআউট <PHONE> *
spam,1,"বিটিআরসি অফিস এখন নতুন ঠিকানায় নিজস্ব ভবনে, প্লট: ই-৫/এ, আগারগাঁও প্রশাসনিক এলাকা, শেরে-বাংলা নগর, ঢাকা-১২০৭","বিটিআরসি অফিস এখন নতুন ঠিকানায় নিজস্ব ভবনে, প্লট: ই- <NUMBER> /এ, আগারগাঁও প্রশাসনিক এলাকা, শেরে-বাংলা নগর, ঢাকা- <NUMBER>"
spam,1,"প্রিয় গ্রাহক, আপনার এলাকায় রবি 4.5G ইন্টারনেট এখন আরও বেশি শক্তিশালী। আজই এক্সপেরিয়েন্স করুন দ্রুত গতির ইন্টারনেট।। আকর্ষণীয় সব অফার কিনতে ডায়াল করুন *৮৮৮#। কোনো মতামত বা অভিযোগ জানাতে ব্যবহার করুন মাই রবি অ্যাপ https://cutt.ly/Vwqu8c6C","প্রিয় গ্রাহক, আপনার এলাকায় রবি <NUMBER> .5G ইন্টারনেট এখন আরও বেশি শক্তিশালী। আজই এক্সপেরিয়েন্স করুন দ্রুত গতির ইন্টারনেট।। আকর্ষণীয় সব অফার কিনতে ডায়াল করুন * <NUMBER> #। কোনো মতামত বা অভিযোগ জানাতে ব্যবহার করুন মাই রবি অ্যাপ <URL>"
spam,1,ঈদ মোবারক! নিউ হিমাচল ট্রাভেলসের ঢাকা-নাটোর-রাজশাহী-ঢাকা রুটের ঈদের টিকেট এখন অনলাইনে পাওয়া যাচ্ছে। টিকেট ক্রয় করতে ক্লিক করুন : newhimachaltravels.com অথবা bdtickets.com কল: ১৬৪৬০,ঈদ মোবারক! নিউ হিমাচল ট্রাভেলসের ঢাকা-নাটোর-রাজশাহী-ঢাকা রুটের ঈদের টিকেট এখন অনলাইনে পাওয়া যাচ্ছে। টিকেট ক্রয় করতে ক্লিক করুন : <URL> অথবা <URL> কল: <PHONE>
spam,1,"দারাজে ঈদ উৎসবে ফ্রি ডেলিভারি🚚💨 সাথে আছে বিকাশে ৳২৫০ ক্যাশব্যাক, মিস্ট্রি বক্স ও হট ডিলস > ক্লিক https://click.daraz.com.bd/e/_C69OCr","দারাজে ঈদ উৎসবে ফ্রি ডেলিভারি🚚💨 সাথে আছে বিকাশে <MONEY> ক্যাশব্যাক, মিস্ট্রি বক্স ও হট ডিলস > ক্লিক <URL>"
spam,1,"ঈদ কেনাকাটা হোক এবার ডায়মন্ড ওয়ার্ল্ডের সাথে, উপভোগ করুন ডায়মন্ড গহনায় ২৫% ও গোল্ড মজুরীতে বিশাল ছাড়। ০১৭১৩১৯৯২৭০","ঈদ কেনাকাটা হোক এবার ডায়মন্ড ওয়ার্ল্ডের সাথে, উপভোগ করুন ডায়মন্ড গহনায় <NUMBER> % ও গোল্ড মজুরীতে বিশাল ছাড়। <PHONE>"
spam,1,দারাজে ৳২৫০ বিকাশ ক্যাশব্যাক🥳ঈদ উৎসব🎁মিস্ট্রি বক্স+হট ডিলস > ক্লিক https://click.daraz.com.bd/e/_CY8qr9,দারাজে <MONEY> বিকাশ ক্যাশব্যাক🥳ঈদ উৎসব🎁মিস্ট্রি বক্স+হট ডিলস > ক্লিক <URL>
spam,1,ESSENTIALS ও Ophelia এ চলছে নির্দিষ্ট পণ্যে ৫০% ছাড়! এক্ষুনি চলে আসুন৷,ESSENTIALS ও Ophelia এ চলছে নির্দিষ্ট পণ্যে <NUMBER> % ছাড়! এক্ষুনি চলে আসুন৷
spam,1,মি. নূরের মত ২০২৩ ইনটেকে কানাডাতে যাবেন যেভাবে https://gic.im/noor/,মি. নূরের মত <NUMBER> ইনটেকে কানাডাতে যাবেন যেভাবে <URL>
spam,1,Morning! আজ ২০২৩ এর লাস্ট ইনটেকে প্রসেস শুরু করতে 3pm-5pm এর মাঝে আমাদের অফিস ভিসিট করুন: https://gic.im/ec - GIC Edu,Morning! আজ <NUMBER> এর লাস্ট ইনটেকে প্রসেস শুরু করতে 3pm-5pm এর মাঝে আমাদের অফিস ভিসিট করুন: <URL> - GIC Edu
spam,1,"up to ১৭,০০০CAD স্কলারশিপে ২০২৩ এর শেষ ইনটেকে apply করতে ৩ জুন 3pm-5pm এর মাঝে আমাদের Free counselling সেশনে জয়েন করুন https://gic.im/ec","up to <NUMBER> ,০০০CAD স্কলারশিপে <NUMBER> এর শেষ ইনটেকে apply করতে <NUMBER> জুন 3pm-5pm এর মাঝে আমাদের Free counselling সেশনে জয়েন করুন <URL>"
spam,1,"অভিনন্দন। আপনি বছরজুড়ে ফ্রি সর্বোচ্চ২৬জিবি পাবেন, সাথে ১ম ৩মাস BINGE সাবসক্রিপশন ফ্রি। অফারটি পেতে ৩০মিনিট পরে ডায়াল *২১২৯১*২১#","অভিনন্দন। আপনি বছরজুড়ে ফ্রি সর্বোচ্চ২৬জিবি পাবেন, সাথে ১ম ৩মাস BINGE সাবসক্রিপশন ফ্রি। অফারটি পেতে ৩০মিনিট পরে ডায়াল * <NUMBER> * <NUMBER> #"
spam,1,এই ঈদে সেরা অফারে মোবাইল কিনুন Pickaboo থেকে! https://cutt.ly/Awttr5dc,এই ঈদে সেরা অফারে মোবাইল কিনুন Pickaboo থেকে! <URL>
spam,1,"চাল৳৬০
ডিম৳১৪৯
চিনি৳১৪০
মাল্টা৳২২৯
🎁গিফট কোড:C2
T&C
chdl.co/yk708WVj",চাল <MONEY> ডিম <MONEY> চিনি <MONEY> মাল্টা <MONEY> 🎁গিফট কোড:C2 T&C <URL>
spam,1,"সাশ্রয়ে বাজার!
চাল৳৬০
আলু৳৩৯
মুরগী৳২৬৯
🎁কোড: 5L
T&C
chdl.co/VLp4o1wx",সাশ্রয়ে বাজার! চাল <MONEY> আলু <MONEY> মুরগী <MONEY> 🎁কোড: 5L T&C <URL>
spam,1,"সাশ্রয়ে ঈদ বাজার🌙
৫লি রূপচাঁদা তেল ৳৮৯৯
কোড: 1W
T&C
chdl.co/81klM2yX",সাশ্রয়ে ঈদ বাজার🌙 ৫লি রূপচাঁদা তেল <MONEY> কোড: 1W T&C <URL>
spam,1,"Lotto প্রিমিয়াম কোয়ালিটি লোফার সুজ, দারাজে এখন ৫৭% ডিস্কাউন্টে ডেলিভারি চার্জসহ মাত্র ৩১২টাকায়, অর্ডার করার জন্য নিচের লিংকে ক্লিক করুন-👇","Lotto প্রিমিয়াম কোয়ালিটি লোফার সুজ, দারাজে এখন <NUMBER> % ডিস্কাউন্টে ডেলিভারি চার্জসহ মাত্র <MONEY> য়, অর্ডার করার জন্য নিচের লিংকে ক্লিক করুন-👇"
spam,1,"অস্থির বাজারে, স্বস্তির অফার 🥰😇

(৭৬ টাকায় ১ কেজি আলু,১ কেজি পিয়াজ,১/২ কেজি শশা🔥 বিকাশ ক্যাশব্যাক এরপর)

ঢাকার জন্য👇

আধাকেজি শশা মাত্র ১১ টাকা 😱 https://click.daraz.com.bd/e/_CZIXHP


১ কেজি আলু ১৯ টাকা ~
https://click.daraz.com.bd/e/_CWi1F3

১ কেজি পেয়াজ ২৯ টাকা ~
https://click.daraz.com.bd/e/_CXOOXX

❄️❄ডেলিভারি চার্জ ফ্ল্যাট ২৫ টাকা।

💥পেয়াজ বর্তমান বাজার মুল্য ৭০-৮০৳ টাকা 
💥আলু বর্তমান বাজার মুল্য ৪০ টাকা
💥বিকাশ ১০% ক্যাশব্যাক তো আছেই
(৭৬ টাকায় ১ কেজি আলু, ১ কেজি পিয়াজ আর আধাকেজি শশা ৩ টি আইটেম এক সাথে অর্ডার করুন বাজারমূল্য থেকে অনেক কম দামে)","অস্থির বাজারে, স্বস্তির অফার 🥰😇 ( <MONEY> য় <NUMBER> কেজি আলু, <NUMBER> কেজি পিয়াজ, <NUMBER> / <NUMBER> কেজি শশা🔥 বিকাশ ক্যাশব্যাক এরপর) ঢাকার জন্য👇 আধাকেজি শশা মাত্র <MONEY> 😱 <URL> <NUMBER> কেজি আলু <MONEY> ~ <URL> <NUMBER> কেজি পেয়াজ <MONEY> ~ <URL> ❄️❄ডেলিভারি চার্জ ফ্ল্যাট <MONEY> । 💥পেয়াজ বর্তমান বাজার মুল্য <NUMBER> - <MONEY> টাকা 💥আলু বর্তমান বাজার মুল্য <MONEY> 💥বিকাশ <NUMBER> % ক্যাশব্যাক তো আছেই ( <MONEY> য় <NUMBER> কেজি আলু, <NUMBER> কেজি পিয়াজ আর আধাকেজি শশা <NUMBER> টি আইটেম এক সাথে অর্ডার করুন বাজারমূল্য থেকে অনেক কম দামে)"
spam,1,"কোপ দেন ৫০% অফে এয়ার ফ্রেশনার - 

https://click.daraz.com.bd/e/_CUvX0N

🍁2 টা Add To Cart করে অর্ডার দিলে আরো ৪০ টাকা ডিসকাউন্ট পাবেন। ১৫% ভাউচার কালেক্ট করে নিবেন। বিকাশ পেমেন্টে ১০% ক্যাশব্যাক তো আছেই।",কোপ দেন <NUMBER> % অফে এয়ার ফ্রেশনার - <URL> 🍁 <NUMBER> টা Add To Cart করে অর্ডার দিলে আরো <MONEY> ডিসকাউন্ট পাবেন। <NUMBER> % ভাউচার কালেক্ট করে নিবেন। বিকাশ পেমেন্টে <NUMBER> % ক্যাশব্যাক তো আছেই।
spam,1,"১৪ টাকায় ২৩ মিনিট, ৩ দিন(২৪ ঘন্টায় একবার)। অফার পেতে ১৪ টাকা রিচার্জ করুন।","<MONEY> য় <NUMBER> মিনিট, <NUMBER> দিন( <NUMBER> ঘন্টায় একবার)। অফার পেতে <MONEY> রিচার্জ করুন।"
spam,1,💢অর্ডার করার আগে অবশ্যই ডিস্কাউন্ট ভাউচার কালেক্ট করে নিবেন তাহলে এ দামে পাবেন।,💢অর্ডার করার আগে অবশ্যই ডিস্কাউন্ট ভাউচার কালেক্ট করে নিবেন তাহলে এ দামে পাবেন।
spam,1,"গরমে আরাম করে পরতে পারবেন এমন কয়েকটি কিমোনো দেখে নিন এই পোস্টে। সাইজ এভেলেবল আছে। স্টক শেষ হওয়ার আগেই অর্ডার কনফার্ম করে ফেলুন। 

আমাদের শোরুম এর ঠিকানাঃ
পান্থপথ, স্কয়ার হাসপাতাল এর উল্টো দিকে, সুন্দরম প্লাজা, ২য় তলা,ঢাকা, বাংলাদেশ
শোরুম খোলা সপ্তাহে প্রতিদিন, সকাল ১১টা থেকে রাত ৮ টা পর্যন্ত।

অনলাইনে অর্ডারের ক্ষেত্রে স্ক্রিনশট নিয়ে পেইজে ইনবক্স করুন দিন বা রাতের যে কোনো সময়। আমাদের ম্যাসেজ রিপ্লাই টাইম সকাল ৯টা থেকে সন্ধ্যা ৬টা। Saturday- Thursday

#abayaandgown #kimono #koti #borkha #khimar #gown #kurti #hijab #modesty #comfortP","গরমে আরাম করে পরতে পারবেন এমন কয়েকটি কিমোনো দেখে নিন এই পোস্টে। সাইজ এভেলেবল আছে। স্টক শেষ হওয়ার আগেই অর্ডার কনফার্ম করে ফেলুন। আমাদের শোরুম এর ঠিকানাঃ পান্থপথ, স্কয়ার হাসপাতাল এর উল্টো দিকে, সুন্দরম প্লাজা, ২য় তলা,ঢাকা, বাংলাদেশ শোরুম খোলা সপ্তাহে প্রতিদিন, সকাল ১১টা থেকে রাত <NUMBER> টা পর্যন্ত। অনলাইনে অর্ডারের ক্ষেত্রে স্ক্রিনশট নিয়ে পেইজে ইনবক্স করুন দিন বা রাতের যে কোনো সময়। আমাদের ম্যাসেজ রিপ্লাই টাইম সকাল ৯টা থেকে সন্ধ্যা ৬টা। Saturday- Thursday #abayaandgown #kimono #koti #borkha #khimar #gown #kurti #hijab #modesty #comfortP"
spam,1,আকর্ষণীয় পুরষ্কার জিততে নিচের লিংকে ক্লিক করুন,আকর্ষণীয় পুরষ্কার জিততে নিচের লিংকে ক্লিক করুন
spam,1,"আপনি জিতেছেন ৫০,০০০ টাকার লটারি। রেজিষ্ট্রেশন করতে ২০০ টাকা বিকাশ করুন এই নাম্বারে",আপনি জিতেছেন <MONEY> র লটারি। রেজিষ্ট্রেশন করতে <MONEY> বিকাশ করুন এই নাম্বারে
ham,0,এখান থেকেও পড়তে পারেন বই থেকেও পড়তে পারেন,এখান থেকেও পড়তে পারেন বই থেকেও পড়তে পারেন
ham,0,বইয়েও আছে পাইপ লাইনের পারফরম্যান্স টা,বইয়েও আছে পাইপ লাইনের পারফরম্যান্স টা
ham,0,আপনাদের যেটা সুবিধা লাগে পড়েন,আপনাদের যেটা সুবিধা লাগে পড়েন
ham,0,না ম্যাম।,না ম্যাম।
ham,0,তাড়াতাড়ি এসে ঠিক করে দাও না হয় ফেইল আসবে,তাড়াতাড়ি এসে ঠিক করে দাও না হয় ফেইল আসবে
ham,0,তোমাদের মধ্যে একজন ল্যাব কার্ডে নাম লিখ নাই,তোমাদের মধ্যে একজন ল্যাব কার্ডে নাম লিখ নাই
ham,0,স্টুডেন্ট না গেলে টিচাররা ক্যাম্পাসে কষ্ট করে এসে কি করবেন,স্টুডেন্ট না গেলে টিচাররা ক্যাম্পাসে কষ্ট করে এসে কি করবেন
ham,0,এমনিতে Fee ২৫০ টাকা।,এমনিতে Fee <MONEY> ।
ham,0,না দিলেও সমস্যা নাই।,না দিলেও সমস্যা নাই।
ham,0,"তোমরা যদি ক্লাসে আসো আমাকে জানাইও
আমার সকালে কিছু কাজ আছে
তোমরা যদি ক্লাস না কর আমি একটু লেইট করে যাব কালকে
সো কালকে ক্লাস করতে চাইলে আমাকে বলে দাও
আর যদি না কর সেটাও বলে দাও",তোমরা যদি ক্লাসে আসো আমাকে জানাইও আমার সকালে কিছু কাজ আছে তোমরা যদি ক্লাস না কর আমি একটু লেইট করে যাব কালকে সো কালকে ক্লাস করতে চাইলে আমাকে বলে দাও আর যদি না কর সেটাও বলে দাও
ham,0,আমি ঈদের আগে লাস্টদিন অফিস থেকে আসার সময় রিস্কা সহ উল্টায় পড়ে গেসি।গাড়ির ধাক্কায়।আল্লাহ অনেক বড় এক্সিডেন্ট থেকে মাফ করসে আমাকে।,আমি ঈদের আগে লাস্টদিন অফিস থেকে আসার সময় রিস্কা সহ উল্টায় পড়ে গেসি।গাড়ির ধাক্কায়।আল্লাহ অনেক বড় এক্সিডেন্ট থেকে মাফ করসে আমাকে।
ham,0,আল্লাহর কাছে প্রত্যেকটা মুহুর্তে আমাদের শুকরিয়া আদায় করা উচিৎ।,আল্লাহর কাছে প্রত্যেকটা মুহুর্তে আমাদের শুকরিয়া আদায় করা উচিৎ।
ham,0,কেমন জানি খুব খারাপ লাগতেসে আমার,কেমন জানি খুব খারাপ লাগতেসে আমার
spam,1,নগদের নতুন গ্রাহক হিসেবে আপনাকে অভিনন্দন। নগদে নতুন গ্রাহকদের দেওয়া হচ্ছে অনেক অনেক আকর্ষণীয় গিফট। রেজিষ্ট্রেশন করতে আপনার নাম ও পাসওয়ার্ড লিখে এই নাম্বারে পাঠিয়ে দিন। যত তাড়াতাড়ি রেজিষ্ট্রেশন তত তাড়াতাড়ি পুরষ্কার। এই সুযোগ সীমিত সময়ের জন্য।,নগদের নতুন গ্রাহক হিসেবে আপনাকে অভিনন্দন। নগদে নতুন গ্রাহকদের দেওয়া হচ্ছে অনেক অনেক আকর্ষণীয় গিফট। রেজিষ্ট্রেশন করতে আপনার নাম ও পাসওয়ার্ড লিখে এই নাম্বারে পাঠিয়ে দিন। যত তাড়াতাড়ি রেজিষ্ট্রেশন তত তাড়াতাড়ি পুরষ্কার। এই সুযোগ সীমিত সময়ের জন্য।
spam,1,"আজই শেষ দিন! ৭৫মিনিট ৪৫টাকা (৩০দিন), ডায়াল *১২১*৫১০১#","আজই শেষ দিন! ৭৫মিনিট <MONEY> (৩০দিন), ডায়াল * <NUMBER> * <NUMBER> #"
spam,1,"আজই শেষ দিন! ৩৫জিবি+৮০০মিনিট-৬০০টাকা-৩০দিন(বোনাসসহ), নিতে *১২১*৫২৬২# বা mygp.li/a8","আজই শেষ দিন! ৩৫জিবি+৮০০মিনিট- <MONEY> -৩০দিন(বোনাসসহ), নিতে * <NUMBER> * <NUMBER> # বা mygp.li/a8"
spam,1,সীমিত সময়ের অফার! ৪০জিবি (বোনাসসহ) ৫০০টাকা ৩০দিন।ডায়াল *১২১*৫০৪৯# বা mygp.li/mo,সীমিত সময়ের অফার! ৪০জিবি (বোনাসসহ) <MONEY> ৩০দিন।ডায়াল * <NUMBER> * <NUMBER> # বা mygp.li/mo
spam,1,গ্রামীণফোনে রিচার্জ এখন খুবই সহজ। ক্লিক https://gp.mygp.li/lt,গ্রামীণফোনে রিচার্জ এখন খুবই সহজ। ক্লিক <URL>
spam,1,৭০টি টিভি চ্যানেল দেখুন সম্পূর্ণ ফ্রি cutt.ly/ewuSZMvR,৭০টি টিভি চ্যানেল দেখুন সম্পূর্ণ ফ্রি <URL>
spam,1,সীমিত সময়ের অফার! এই নাম্বারে ৫০ টাকা বিকাশ করে লটারি কিনুন আর জিতে নিন আকর্ষণীয় পুরষ্কার।,সীমিত সময়ের অফার! এই নাম্বারে <MONEY> বিকাশ করে লটারি কিনুন আর জিতে নিন আকর্ষণীয় পুরষ্কার।
spam,1,"৯৯+BOGO
মাসের বাজারে
ফ্রি অফার সাথে উপহার
কোডঃJ6
T&C
chdl.co/b_zW7r8b",<NUMBER> +BOGO মাসের বাজারে ফ্রি অফার সাথে উপহার কোডঃJ6 T&C <URL>
spam,1,আজ শেষ দিন! বিকাশ অ্যাপ থেকে নিজ নাম্বারে ৳৬০ রিচার্জে ৳২০ ক্যাশব্যাক!,আজ শেষ দিন! বিকাশ অ্যাপ থেকে নিজ নাম্বারে <MONEY> রিচার্জে <MONEY> ক্যাশব্যাক!
spam,1,"৩০জিবি ৩৪৪ টাকা, ৩০দিন। অফার পেতে ৩৪৪ টাকা রিচার্জ/ডায়াল করুন*১১১*৩৪৪#","৩০জিবি <MONEY> , ৩০দিন। অফার পেতে <MONEY> রিচার্জ/ডায়াল করুন* <NUMBER> * <NUMBER> #"
spam,1,"৪৭৭ মিনিট, ৩০ দিন। অফার পেতে ২৮৭ টাকা রিচার্জ/ডায়াল করুন করুন*১১১*২৮৭#","<NUMBER> মিনিট, <NUMBER> দিন। অফার পেতে <MONEY> রিচার্জ/ডায়াল করুন করুন* <NUMBER> * <NUMBER> #"
ham,0,আম্মা অনেক ধৈর্যশীল মহিলা বলে পালতে পারসে।আমার মত সেকেন্ড কোনো কপি হইলে তো আমি পাগল হয়ে যাব।,আম্মা অনেক ধৈর্যশীল মহিলা বলে পালতে পারসে।আমার মত সেকেন্ড কোনো কপি হইলে তো আমি পাগল হয়ে যাব।
ham,0,এর আগেরটা কেউ ফিলাপ করে নাই,এর আগেরটা কেউ ফিলাপ করে নাই
ham,0,তোদের ফ্রেন্ডদেরকে বল,তোদের ফ্রেন্ডদেরকে বল
ham,0,"আরশি জীবনে গাড়িতে ঠেলা, কোলে নিয়ে হাটা ছাড়া ঘুমাতো না। আমি ছড়া বলতে বলতে মুখে ফেনা আসা টাইপ অবস্থা হতো এই বেটি তখনো বলেই যেত 'মিম্মি এটা বলো! ঐতা! ' 😐","আরশি জীবনে গাড়িতে ঠেলা, কোলে নিয়ে হাটা ছাড়া ঘুমাতো না। আমি ছড়া বলতে বলতে মুখে ফেনা আসা টাইপ অবস্থা হতো এই বেটি তখনো বলেই যেত 'মিম্মি এটা বলো! ঐতা! ' 😐"
ham,0,সে যে কি কি চুপচাপ খেয়াল করে ফেলে অনেকসময় আমরাও পরে যখন আমাদেরকে বলে তারপর বুঝতে পারি,সে যে কি কি চুপচাপ খেয়াল করে ফেলে অনেকসময় আমরাও পরে যখন আমাদেরকে বলে তারপর বুঝতে পারি
ham,0,আমার নামটা বাচ্চাদের মুখস্ত করার জন্য কঠিন।ওরে ইজি করে নাম বল।,আমার নামটা বাচ্চাদের মুখস্ত করার জন্য কঠিন।ওরে ইজি করে নাম বল।
ham,0,পাওয়া গেলে ২ কার্ল্প্রিটকে।পরেরবার দেখা হইলে ওরে সরি বলবি তোরা দুইটা।😅,পাওয়া গেলে <NUMBER> কার্ল্প্রিটকে।পরেরবার দেখা হইলে ওরে সরি বলবি তোরা দুইটা।😅
ham,0,আমি বললে তো বলত আপু বলসে।,আমি বললে তো বলত আপু বলসে।
ham,0,আমার মেয়ে বলতেসে কতগুলা আন্টি বলসে সামাহা তোমার মেয়ে কি ধরতেসে দেখো। বেড়াতে গেলে কিছু ধরলে এরকম বলে কেউ,আমার মেয়ে বলতেসে কতগুলা আন্টি বলসে সামাহা তোমার মেয়ে কি ধরতেসে দেখো। বেড়াতে গেলে কিছু ধরলে এরকম বলে কেউ
ham,0,আমি তোদের ছবি দেখার জন্য বসে ছিলাম সেই বিকেল থেকে।।। দেখে শান্তি লাগতেছে।🥰 চট্টগ্রামে থাকলে মিস হতো না আমার।,আমি তোদের ছবি দেখার জন্য বসে ছিলাম সেই বিকেল থেকে।।। দেখে শান্তি লাগতেছে।🥰 চট্টগ্রামে থাকলে মিস হতো না আমার।
ham,0,এমনে রেজাল্ট খারাপ করলে বকা দিসে।কেন লিখতে পারি নাই?!বা ভুল কেন করসি এটা জিজ্ঞাসা করসে।কিন্তু ওমুক এত নাম্বার পাইসে।তুমি কেন ওমুকের মত নাম্বার আনতে পার নাই এটা বলে নাই।এতটুকু শিখাইসে যে আমার কম্পিটিটর আমি নিজে।অন্য কেউ না।হয় আমি আমাকে জিতাবো নাহয় আমি আমাকে হারায় দিব।হার জিত দুইটাই আমার হবে।অন্য কারো হবে না।',এমনে রেজাল্ট খারাপ করলে বকা দিসে।কেন লিখতে পারি নাই?!বা ভুল কেন করসি এটা জিজ্ঞাসা করসে।কিন্তু ওমুক এত নাম্বার পাইসে।তুমি কেন ওমুকের মত নাম্বার আনতে পার নাই এটা বলে নাই।এতটুকু শিখাইসে যে আমার কম্পিটিটর আমি নিজে।অন্য কেউ না।হয় আমি আমাকে জিতাবো নাহয় আমি আমাকে হারায় দিব।হার জিত দুইটাই আমার হবে।অন্য কারো হবে না।'
ham,0,"নানু, আর আসমার মা উনি করতেসে যে...","নানু, আর আসমার মা উনি করতেসে যে..."
ham,0,"পুরা ঘর টা বুঝছেন...একদম ডাস্টবিন হই গেসে...
আজকে এক দফা করসে পরিষ্কার.. কালকে আবার করবে",পুরা ঘর টা বুঝছেন...একদম ডাস্টবিন হই গেসে... আজকে এক দফা করসে পরিষ্কার.. কালকে আবার করবে
ham,0,আজ পৃথিবীর সবচেয়ে সুখী মানুষ মনে হচ্ছে আমাকে ।তার জন্য আল্লাহর কাছে শুকরিয়া ।,আজ পৃথিবীর সবচেয়ে সুখী মানুষ মনে হচ্ছে আমাকে ।তার জন্য আল্লাহর কাছে শুকরিয়া ।
spam,1,আজ শেষ দিন! দারাজ অ্যাপ থেকে কেনাকাটা করলে পাবেন ১০% ডিস্কাউন্ট।,আজ শেষ দিন! দারাজ অ্যাপ থেকে কেনাকাটা করলে পাবেন <NUMBER> % ডিস্কাউন্ট।
spam,1,রিভিউ শেয়ার করে জিতুন আকর্ষণীয় গিফট,রিভিউ শেয়ার করে জিতুন আকর্ষণীয় গিফট
spam,1,আপনি কি ভুলে গেছেন আমাদের! দারাজ অ্যাপ থেকে কেনাকাটা করলে পাবেন ১০% ডিস্কাউন্ট। তাড়াতাড়ি লুফে নিন! আমরা আছি আপনার অপেক্ষায়।,আপনি কি ভুলে গেছেন আমাদের! দারাজ অ্যাপ থেকে কেনাকাটা করলে পাবেন <NUMBER> % ডিস্কাউন্ট। তাড়াতাড়ি লুফে নিন! আমরা আছি আপনার অপেক্ষায়।
spam,1,stylish কামিজ কিনুন একদম সাশ্রয়ী দামে। পছন্দের পণ্য কিনতে হবে এই অফারেই।,stylish কামিজ কিনুন একদম সাশ্রয়ী দামে। পছন্দের পণ্য কিনতে হবে এই অফারেই।
spam,1,জলদি জলদি অর্ডার করুন পছন্দের জুতা স্টকে থাকতেই,জলদি জলদি অর্ডার করুন পছন্দের জুতা স্টকে থাকতেই
spam,1,যখন আছেন budget deal এর সাথে অর্ডার করে ফেলুন আপনার পছন্দের পণ্যগুলো,যখন আছেন budget deal এর সাথে অর্ডার করে ফেলুন আপনার পছন্দের পণ্যগুলো
spam,1,স্টক সীমিত। তাড়াতাড়ি অর্ডার করুন আপনার পছন্দের জামা।,স্টক সীমিত। তাড়াতাড়ি অর্ডার করুন আপনার পছন্দের জামা।
spam,1,and free shipping এই অফারেই কিনে নিন পছন্দের সব পণ্য,and free shipping এই অফারেই কিনে নিন পছন্দের সব পণ্য
spam,1,stylish জুতা কিনে নিন একদম সাশ্রয়ী দামে,stylish জুতা কিনে নিন একদম সাশ্রয়ী দামে
spam,1,সময় থাকতেই পছন্দের জিনিস কিনে নিন। এমন অফার কিন্তু বার বার আসে না।,সময় থাকতেই পছন্দের জিনিস কিনে নিন। এমন অফার কিন্তু বার বার আসে না।
spam,1,দেরি না করে জলদি জলদি লুফে নিন,দেরি না করে জলদি জলদি লুফে নিন
ham,0,বিবাহিত জীবন সুখের হোক,বিবাহিত জীবন সুখের হোক
ham,0,আলহামদুলিল্লাহ,আলহামদুলিল্লাহ
ham,0,২০২৩ বিশ্বকাপ এর সর্বোচ্চ রান স্কোরার তামিম হবে ইনশা আল্লাহ,<NUMBER> বিশ্বকাপ এর সর্বোচ্চ রান স্কোরার তামিম হবে ইনশা আল্লাহ
ham,0,"বিশ্বাস করেন আর না করেন,বাচ্চা লালন পালনের ক্ষেত্রে মার চাইতে মাসিদের দরদ বেশী থাকে।","বিশ্বাস করেন আর না করেন,বাচ্চা লালন পালনের ক্ষেত্রে মার চাইতে মাসিদের দরদ বেশী থাকে।"
ham,0,50k টাকা ইনভেস্ট করে কি বিজনেস করা যায়? সবার মতামত যানতে যাচ্ছি। যেখানে আমার লাভ কম হলেও লস হবে না।,50k টাকা ইনভেস্ট করে কি বিজনেস করা যায়? সবার মতামত যানতে যাচ্ছি। যেখানে আমার লাভ কম হলেও লস হবে না।
ham,0,কম পুঁজিতে টাকা ইনকাম করার কিছু কৌশল এবং রিস্ক আপনাকে নিতে হবে।,কম পুঁজিতে টাকা ইনকাম করার কিছু কৌশল এবং রিস্ক আপনাকে নিতে হবে।
ham,0,বিজনেস এ লাভ লোকসান হবেই এইটা মেনে নিয়েই বিজনেস এ আসতে হবে,বিজনেস এ লাভ লোকসান হবেই এইটা মেনে নিয়েই বিজনেস এ আসতে হবে
ham,0,"যেহেতু অলরেডি অনলাইন বিজনেস করছেন ই টাকাগুলা জমা রাখেন,একটা মিনিমাম এমাউন্ট করার জন্য।এরপর আপনি যে সেক্টরে অনলাইন বিজনেস রান করছেন ওটা অফলাইনে আউটলেট দিতে পারবেন।","যেহেতু অলরেডি অনলাইন বিজনেস করছেন ই টাকাগুলা জমা রাখেন,একটা মিনিমাম এমাউন্ট করার জন্য।এরপর আপনি যে সেক্টরে অনলাইন বিজনেস রান করছেন ওটা অফলাইনে আউটলেট দিতে পারবেন।"
ham,0,আমিও জানতে চাই।আমার বেবিরা এখনো ফিডারেই জল খাচ্ছে।কিভাবে এটা বন্ধ করবো বুঝতে পারছিনা,আমিও জানতে চাই।আমার বেবিরা এখনো ফিডারেই জল খাচ্ছে।কিভাবে এটা বন্ধ করবো বুঝতে পারছিনা
ham,0,ভালো উদ্যোগ।,ভালো উদ্যোগ।
ham,0,গরুর গোশত খেতে ইচ্ছে করছে,গরুর গোশত খেতে ইচ্ছে করছে
ham,0,তামিমের অবসর ঘোষণার সাথে করুণ হিন্দি গানের তিন লাইন ব্যাকগ্রাউন্ড মিউজিক হিসেবে দেয়া ভিডিওগুলো কী রেডি হইছে!,তামিমের অবসর ঘোষণার সাথে করুণ হিন্দি গানের তিন লাইন ব্যাকগ্রাউন্ড মিউজিক হিসেবে দেয়া ভিডিওগুলো কী রেডি হইছে!
ham,0,"স্কুল, কলেজে এমন কয়েক হাজার পডকাস্ট করে ফেলেছি
~ আত্মসমর্পণ","স্কুল, কলেজে এমন কয়েক হাজার পডকাস্ট করে ফেলেছি ~ আত্মসমর্পণ"
ham,0,মা ছাড়া কেউ কোনও দিন কয়নাই - কী খাবি? কী রানবো?,মা ছাড়া কেউ কোনও দিন কয়নাই - কী খাবি? কী রানবো?
ham,0,"টাকা লাগবে? মা রে ফোন। জুতা ছিঁড়ে গেছে? মা রে ফোন। মন খারাপ? মা রে ফোন। মেজাজ খারাপ? মা রে ফোন। চশমা হারায় গেছে? মা রে ফোন। আমার মাঝে মাঝে মনে হয় আল্লা তো স্বরূপে দুনিয়ায় বিরাজ করেনা, তাই আমার জগতে তার হয়ে আমার মা রে পাঠাইছে।","টাকা লাগবে? মা রে ফোন। জুতা ছিঁড়ে গেছে? মা রে ফোন। মন খারাপ? মা রে ফোন। মেজাজ খারাপ? মা রে ফোন। চশমা হারায় গেছে? মা রে ফোন। আমার মাঝে মাঝে মনে হয় আল্লা তো স্বরূপে দুনিয়ায় বিরাজ করেনা, তাই আমার জগতে তার হয়ে আমার মা রে পাঠাইছে।"
ham,0,আর কতোদিন ঝুলে থাকবে? সর্বোচ্চ টেস্ট খেলতে পারতো এই ফিটনেস নিয়ে,আর কতোদিন ঝুলে থাকবে? সর্বোচ্চ টেস্ট খেলতে পারতো এই ফিটনেস নিয়ে
ham,0,"ভালোবেসে, সখী, নিভৃতে যতনে
আমার নামটি লিখো-- তোমার
মনের মন্দিরে।","ভালোবেসে, সখী, নিভৃতে যতনে আমার নামটি লিখো-- তোমার মনের মন্দিরে।"
ham,0,"জনগণের সাথে এভাবে দেমাগ দেখিয়ে,বাজেভাবে আচরণ করতেও বাধেনা তাদের। কে কি করবে তাকে??? সেই ক্ষমতা আছে কারো????????","জনগণের সাথে এভাবে দেমাগ দেখিয়ে,বাজেভাবে আচরণ করতেও বাধেনা তাদের। কে কি করবে তাকে??? সেই ক্ষমতা আছে কারো????????"
ham,0,স্মার্ট কার্ড রেডি হয়ে আছে বিগত ৫ বছর আগে অথচ আজকে আনতে গেলে বলে আগামী সপ্তাহে আসেন??,স্মার্ট কার্ড রেডি হয়ে আছে বিগত <NUMBER> বছর আগে অথচ আজকে আনতে গেলে বলে আগামী সপ্তাহে আসেন??
ham,0,খূঁজে বের করতে অনেক সময় লাগে??,খূঁজে বের করতে অনেক সময় লাগে??
spam,1,আপনি জিতেছেন এক লক্ষ টাকার লটারি,আপনি জিতেছেন এক লক্ষ টাকার লটারি
spam,1,অর্ডার করুন জলদি জলদি। আপনি পাবেন ৫০০ কয়েন অর্ডার করলেই,অর্ডার করুন জলদি জলদি। আপনি পাবেন <NUMBER> কয়েন অর্ডার করলেই
spam,1,যত জলদি রেজিষ্ট্রেশন তত জলদি অফার,যত জলদি রেজিষ্ট্রেশন তত জলদি অফার
spam,1,খরচ হবে বাজেটের মধ্যেই। এমন অফার কি মিস করা যায়?,খরচ হবে বাজেটের মধ্যেই। এমন অফার কি মিস করা যায়?
spam,1,নিজের যত্ন নিন। স্কিনকেয়ার পণ্য কিনুন বাজেটের মধ্যেই।,নিজের যত্ন নিন। স্কিনকেয়ার পণ্য কিনুন বাজেটের মধ্যেই।
spam,1,আড়ং এ চলছে আকর্ষণীয় অফার। তারিখের মধ্যে কেনাকাটা করে পান ২০% পর্যন্ত ফ্ল্যাট ডিস্কাউন্ট,আড়ং এ চলছে আকর্ষণীয় অফার। তারিখের মধ্যে কেনাকাটা করে পান <NUMBER> % পর্যন্ত ফ্ল্যাট ডিস্কাউন্ট
ham,0,বাচ্চার ব্যবহৃত কাঁথার ব্যবহার শেষ হয়ে গেলে সেগুলো কি করেন বা কিভাবে Recycle করা যায়,বাচ্চার ব্যবহৃত কাঁথার ব্যবহার শেষ হয়ে গেলে সেগুলো কি করেন বা কিভাবে Recycle করা যায়
spam,1,lotto তে চলছে 50% পর্যন্ত ফ্ল্যাট ডিস্কাউন্ট। বিস্তারিত জানতে আজই ভিজিট করুন,lotto তে চলছে <NUMBER> % পর্যন্ত ফ্ল্যাট ডিস্কাউন্ট। বিস্তারিত জানতে আজই ভিজিট করুন
spam,1,"ঢাকা গাউন্ডসেল এ স্বাগতম, আপনি জেনে আনন্দিত হবেন আমরা বাȁায় নতুন শো-রুম খুলেছি। এলখােন আপনারা
পাচ্ছেন 75% পযর্ন্ত ছাড়। আজই ঘুরে আসুন আমােদর শোরুম থেকে ।","ঢাকা গাউন্ডসেল এ স্বাগতম, আপনি জেনে আনন্দিত হবেন আমরা বাȁায় নতুন শো-রুম খুলেছি। এলখােন আপনারা পাচ্ছেন <NUMBER> % পযর্ন্ত ছাড়। আজই ঘুরে আসুন আমােদর শোরুম থেকে ।"
ham,0,"বর বলেছে, পাহাড়ের রাণী","বর বলেছে, পাহাড়ের রাণী"
ham,0,"আজ ১০টি বছর, পাপা তুমি নেই।","আজ ১০টি বছর, পাপা তুমি নেই।"
ham,0,এভাবে কি স্মার্ট বাংলাদেশের স্বপ্ন দেখা সম্ভব,এভাবে কি স্মার্ট বাংলাদেশের স্বপ্ন দেখা সম্ভব
ham,0,"আল্লাহ আমার ভাই সহ সকল মুদ্দারকে জান্নাতবাসী করেন,আমিন।","আল্লাহ আমার ভাই সহ সকল মুদ্দারকে জান্নাতবাসী করেন,আমিন।"
ham,0,বাংলাদেশ ক্রিকেটের এক কিংবদন্তির বিদায়,বাংলাদেশ ক্রিকেটের এক কিংবদন্তির বিদায়
ham,0,"আমি মেঘ ছুড়ে দেই তোমারও আকাশে,,","আমি মেঘ ছুড়ে দেই তোমারও আকাশে,,"
ham,0,বুঝে নিও তুমি এই আমাকে ..,বুঝে নিও তুমি এই আমাকে ..
ham,0,মাহমুদউল্লাহ ভাই আপনিও একটা সংবাদ সম্মেলনের ডাক দিয়া হাল্কা কান্নাকাটি করে ফেলেন।,মাহমুদউল্লাহ ভাই আপনিও একটা সংবাদ সম্মেলনের ডাক দিয়া হাল্কা কান্নাকাটি করে ফেলেন।
ham,0,কাজে দিয়া দিতেও পারে। তিনি আবার কারো কান্না সহ্য করতে পারেন না!,কাজে দিয়া দিতেও পারে। তিনি আবার কারো কান্না সহ্য করতে পারেন না!
ham,0,তাকওয়ার অধিকারী লোকদের ধন-সম্পদের মালিক হওয়াতে কোনো দোষ নেই।,তাকওয়ার অধিকারী লোকদের ধন-সম্পদের মালিক হওয়াতে কোনো দোষ নেই।
ham,0,#NAME?,#NAME?
ham,0,স্রষ্টার সৃষ্টি কত সুন্দর । প্রশংসা একমাত্র তারই।,স্রষ্টার সৃষ্টি কত সুন্দর । প্রশংসা একমাত্র তারই।
ham,0,ইদ মোবারক,ইদ মোবারক
ham,0,"আপেল, মাল্টা বাড়িতে রেখে দিলে ৩-৪ মাসেও কেন কিছু হয়না? বিস্তারিতঃ- কিন্তু বাংলাদেশ কৃষি গবেষণা কাউন্সিলের পরিচালক কৃষিবিজ্ঞানী ড. মোহাম্মদ মনিরুল ইসলাম ডয়চে ভেলেকে বলেন, ‘‘ওই সিদ্ধান্ত ভুল ছিল৷ ফল-মূল এবং শাক-সবজি ফরমালিন দিয়ে সংরক্ষণ করা যায় না৷ আর সংরক্ষণের কোনো প্রমাণও পাওয়া যায়নি, যা হয়েছে তা ভ্রান্তি ছাড়া আর কিছুই নয়৷'' তিনি বলেন, ‘‘ফল মূল, শাক-সবজি এগুলো হলো ফাইবার৷ এখানে ফরমালিন দেয়ার কোনো সুযোগই নেই৷ কেউ যদি না বুঝে দেয়ও, তাহলেও কোনো কাজে আসবে না৷ সংরক্ষণে কোনো ভূমিকা রাখবে না৷ কারণ, এখানে কোনো প্রোটিন নেই৷ আমাদের দেশের মানুষের মধ্যে ব্যাপকভাবে ধারণা যে, ফল-মূল, শাক-সবজিতে ফরমালিন দেয়া হয়৷ এটা দুর্ভাগ্যজনক৷'' তিনি বলেন, ‘‘আমদানি করা আপেলে এক ধরনের এডিবল প্যারাফিন দেয়া হয়৷ এটা খাওয়ার যোগ্য৷ আমরা আপেল খাওয়ার পর এটা আবার একইভাবে বেরিয়ে আসবে৷ ফল-মূলে ৪০ ভাগ পানি থাকে৷ প্রতিদিন ওজন কমে ৫ থেকে ১০ গ্রাম৷ এখন একটি আপেলের প্রতিদিন যদি ৫ গ্রাম ওজন কমে তাহলে নিউজিল্যান্ড, অস্ট্রেলিয়া, ব্রাজিল থেকে আপেল আসতে সময় লাগে ২১ দিন, আসতে আসতেই হাড্ডিসার হয়ে যাবে৷ কেউ কিনবে না৷ আপনি-আমি যে আপেল খাই, অ্যামেরিকার প্রেসিডেন্ট ট্রাম্পও সেই একই আপেল খান৷ বিদেশে গেলে একটা আপেল, একটা মাল্টা নিয়ে আসবেন, দেড় বছরে কিছু হবে না৷ এটা হলো সায়েন্স৷ এটা এডিবল প্যারাফিন দিয়ে করা হয়৷ এখন ফলের খোসা দিয়ে কোটিং তৈরি করা হয়৷ আবার স্টিকার বের হয়েছে, যা ফলের ওপরে লাগানো থাকে, ওই রকম স্টিকার, যা দিয়ে আমের লাইফ দুই সপ্তাহ বাড়ানো যায়৷ এখানে বিভ্রান্ত হওয়ার কোনো সুযোগ নেই৷''","আপেল, মাল্টা বাড়িতে রেখে দিলে <NUMBER> - <NUMBER> মাসেও কেন কিছু হয়না? বিস্তারিতঃ- কিন্তু বাংলাদেশ কৃষি গবেষণা কাউন্সিলের পরিচালক কৃষিবিজ্ঞানী ড. মোহাম্মদ মনিরুল ইসলাম ডয়চে ভেলেকে বলেন, ‘‘ওই সিদ্ধান্ত ভুল ছিল৷ ফল-মূল এবং শাক-সবজি ফরমালিন দিয়ে সংরক্ষণ করা যায় না৷ আর সংরক্ষণের কোনো প্রমাণও পাওয়া যায়নি, যা হয়েছে তা ভ্রান্তি ছাড়া আর কিছুই নয়৷'' তিনি বলেন, ‘‘ফল মূল, শাক-সবজি এগুলো হলো ফাইবার৷ এখানে ফরমালিন দেয়ার কোনো সুযোগই নেই৷ কেউ যদি না বুঝে দেয়ও, তাহলেও কোনো কাজে আসবে না৷ সংরক্ষণে কোনো ভূমিকা রাখবে না৷ কারণ, এখানে কোনো প্রোটিন নেই৷ আমাদের দেশের মানুষের মধ্যে ব্যাপকভাবে ধারণা যে, ফল-মূল, শাক-সবজিতে ফরমালিন দেয়া হয়৷ এটা দুর্ভাগ্যজনক৷'' তিনি বলেন, ‘‘আমদানি করা আপেলে এক ধরনের এডিবল প্যারাফিন দেয়া হয়৷ এটা খাওয়ার যোগ্য৷ আমরা আপেল খাওয়ার পর এটা আবার একইভাবে বেরিয়ে আসবে৷ ফল-মূলে <NUMBER> ভাগ পানি থাকে৷ প্রতিদিন ওজন কমে <NUMBER> থেকে <NUMBER> গ্রাম৷ এখন একটি আপেলের প্রতিদিন যদি <NUMBER> গ্রাম ওজন কমে তাহলে নিউজিল্যান্ড, অস্ট্রেলিয়া, ব্রাজিল থেকে আপেল আসতে সময় লাগে <NUMBER> দিন, আসতে আসতেই হাড্ডিসার হয়ে যাবে৷ কেউ কিনবে না৷ আপনি-আমি যে আপেল খাই, অ্যামেরিকার প্রেসিডেন্ট ট্রাম্পও সেই একই আপেল খান৷ বিদেশে গেলে একটা আপেল, একটা মাল্টা নিয়ে আসবেন, দেড় বছরে কিছু হবে না৷ এটা হলো সায়েন্স৷ এটা এডিবল প্যারাফিন দিয়ে করা হয়৷ এখন ফলের খোসা দিয়ে কোটিং তৈরি করা হয়৷ আবার স্টিকার বের হয়েছে, যা ফলের ওপরে লাগানো থাকে, ওই রকম স্টিকার, যা দিয়ে আমের লাইফ দুই সপ্তাহ বাড়ানো যায়৷ এখানে বিভ্রান্ত হওয়ার কোনো সুযোগ নেই৷''"
ham,0,আমি জানিনা,আমি জানিনা
ham,0,"রাস্তার মেয়ে নাকি তোরা,,, জলদি চলে আসো","রাস্তার মেয়ে নাকি তোরা,,, জলদি চলে আসো"
ham,0,জাস্ট ৪ টায় বলে বলে এখনো কেউ যদি আসতো!!!!,জাস্ট <NUMBER> টায় বলে বলে এখনো কেউ যদি আসতো!!!!
ham,0,আয় তোরা,আয় তোরা
ham,0,আমি ফিনলে তে আছি,আমি ফিনলে তে আছি
ham,0,আমি সবার আগে আসছি,আমি সবার আগে আসছি
ham,0,জলদি চলে আসো,জলদি চলে আসো
ham,0,এই পেট পেট বৃষ্টিতে কি করতাম,এই পেট পেট বৃষ্টিতে কি করতাম
ham,0,আমি বের হচ্ছি,আমি বের হচ্ছি
ham,0,আসতেছিস তোরা?,আসতেছিস তোরা?
ham,0,"তাহলে রাতে যাইতে পারবা,সাহসী আছে","তাহলে রাতে যাইতে পারবা,সাহসী আছে"
ham,0,হালিয়ার হতা হইদ্দে,হালিয়ার হতা হইদ্দে
ham,0,বিকেলে চলে যাইও,বিকেলে চলে যাইও
ham,0,"তোমরা এতগুলা কথা বললে,,,, ,,,,,একটা মেসেজ পিন পোস্ট করে রাখো,,,, যাতে আমরা সেটা দেখে আগাইতে পারি","তোমরা এতগুলা কথা বললে,,,, ,,,,,একটা মেসেজ পিন পোস্ট করে রাখো,,,, যাতে আমরা সেটা দেখে আগাইতে পারি"
ham,0,"আমি বলি শোন,তোমরা গরমে বের হও মানে শনিবার সকালে","আমি বলি শোন,তোমরা গরমে বের হও মানে শনিবার সকালে"
ham,0,এরপর কেচ্ছু বললে মাইর খাবি,এরপর কেচ্ছু বললে মাইর খাবি
ham,0,যা তোদের জ্বালায় ডিপি চেইঞ্জ করলাম,যা তোদের জ্বালায় ডিপি চেইঞ্জ করলাম
ham,0,আমি কি ডিপি দিছিলাম সেটাই তো মনে নাই,আমি কি ডিপি দিছিলাম সেটাই তো মনে নাই
ham,0,প্লেস ঠিক করছস?,প্লেস ঠিক করছস?
ham,0,আমি তো বিকেলে পারবো যে,আমি তো বিকেলে পারবো যে
ham,0,"তোমরা তো হিংসুক বান্ধুবি সব গুলা,,,,নাইলে এতোদিন কি আমি সুন্দর না হই থাকতাম?! তোমরা মেরিন সিটি মেগা শপিং কমপ্লেক্স থেকে লুকিয়ে লুকিয়ে সব কিনে কিনে মাখো আর সুন্দর হও,,,আমারে কিচ্ছু জানাও না হুহ,,,","তোমরা তো হিংসুক বান্ধুবি সব গুলা,,,,নাইলে এতোদিন কি আমি সুন্দর না হই থাকতাম?! তোমরা মেরিন সিটি মেগা শপিং কমপ্লেক্স থেকে লুকিয়ে লুকিয়ে সব কিনে কিনে মাখো আর সুন্দর হও,,,আমারে কিচ্ছু জানাও না হুহ,,,"
ham,0,"তোমরা কেউ আমার ভালো দেখতে চাও না,,, কেউ না,, কেউ না","তোমরা কেউ আমার ভালো দেখতে চাও না,,, কেউ না,, কেউ না"
ham,0,"ভার্সিটির শুরুতেও ছিলাম।এরপর আমার জীবনে ২য় প্রেমের ঢেউ আসলো,,, আর আমি আবার চদর ভদর হয়ে গেলাম","ভার্সিটির শুরুতেও ছিলাম।এরপর আমার জীবনে ২য় প্রেমের ঢেউ আসলো,,, আর আমি আবার চদর ভদর হয়ে গেলাম"
ham,0,"নিজেরা এই কয়দিন একটু প্র‍্যাকটিস করছ বলে আমাদের চোখে দেখতেছ না আর কি,,,","নিজেরা এই কয়দিন একটু প্র‍্যাকটিস করছ বলে আমাদের চোখে দেখতেছ না আর কি,,,"
ham,0,"মানুষের দুর্বল জায়গায় আঘাত করা ঠিক না,,,","মানুষের দুর্বল জায়গায় আঘাত করা ঠিক না,,,"
ham,0,যা রিলাক্স কর তীরা,যা রিলাক্স কর তীরা
ham,0,ডাইরেক্ট একশন তাইলে,ডাইরেক্ট একশন তাইলে
ham,0,"আগে জামাই বললেই আমাদের কতো বকা,,","আগে জামাই বললেই আমাদের কতো বকা,,"
ham,0,নিজে এখন সেই সংসার করতেছে,নিজে এখন সেই সংসার করতেছে
ham,0,"চোখবন্ধ তুশিপু, পানি মুখে মাইশা, আরহান বাবু","চোখবন্ধ তুশিপু, পানি মুখে মাইশা, আরহান বাবু"
ham,0,কয উনি প্রাইম মিনিস্টার। দেশ চালাইতে হবে,কয উনি প্রাইম মিনিস্টার। দেশ চালাইতে হবে
ham,0,সবাইকে পবিত্র ইদ-উল-আযহার শুভেচ্ছা,সবাইকে পবিত্র ইদ-উল-আযহার শুভেচ্ছা
ham,0,আলহামদুলিল্লাহ শ্বশুর বাড়িতে প্রথম ঈদ,আলহামদুলিল্লাহ শ্বশুর বাড়িতে প্রথম ঈদ
ham,0,সুন্দরবনের মধু কোনটা?,সুন্দরবনের মধু কোনটা?
ham,0,জিনি ঐটা থাকে তোর ভাইয়ের কাছে?,জিনি ঐটা থাকে তোর ভাইয়ের কাছে?
ham,0,কাশির জন্য সরিষাটা ভালো না?,কাশির জন্য সরিষাটা ভালো না?
ham,0,মেয়ের জ্বর,মেয়ের জ্বর
ham,0,সাবলীলভাবে করে নাই।কেমন জানি মেকি একটা ভাব আছে।,সাবলীলভাবে করে নাই।কেমন জানি মেকি একটা ভাব আছে।
ham,0,কোনটা নিতাম বল,কোনটা নিতাম বল
ham,0,তাও তো ভাই করসে।আমরা তো গাধুনিগুলা ওই জায়গায় যাইতেও পারব না।,তাও তো ভাই করসে।আমরা তো গাধুনিগুলা ওই জায়গায় যাইতেও পারব না।
ham,0,চিল মার।ব্যাংকে ওয়াক ইন কাস্টমার আসে না?!ওদেরকে বলবি।এর বেশি আর কি করতে পারস?!,চিল মার।ব্যাংকে ওয়াক ইন কাস্টমার আসে না?!ওদেরকে বলবি।এর বেশি আর কি করতে পারস?!
ham,0,অামিতো সরিষাটা অর্ডার দিছি।,অামিতো সরিষাটা অর্ডার দিছি।
ham,0,এপ্লাইড ফিজিক্সের,এপ্লাইড ফিজিক্সের
ham,0,এটা যুগ যুগ ধরে নিয়ম চলে আসতেসে।,এটা যুগ যুগ ধরে নিয়ম চলে আসতেসে।
ham,0,গিয়ে ব্যাগ রাখি।ফ্রশ হই।সবার সাথে গল্প করি।চা খাই।তারপর আস্তে-ধীরে কাজ শুরু করি।,গিয়ে ব্যাগ রাখি।ফ্রশ হই।সবার সাথে গল্প করি।চা খাই।তারপর আস্তে-ধীরে কাজ শুরু করি।
ham,0,লম্বা করে ছেলেটা,লম্বা করে ছেলেটা
ham,0,উত্তরা ব্যাংকের নিয়ম হইল বরিবার ৯ টার ভিতর ব্যাংকে ঢুকা লাগে।বরিবার আমাদের সান্ডে মিটিং থাকে।,উত্তরা ব্যাংকের নিয়ম হইল বরিবার <NUMBER> টার ভিতর ব্যাংকে ঢুকা লাগে।বরিবার আমাদের সান্ডে মিটিং থাকে।
ham,0,একদম ভালো কাজ করসোস।,একদম ভালো কাজ করসোস।
ham,0,ওই রিফাদের সাথে ফিজিক্স অলিম্পিয়াডে খাতা কাটতো যে,ওই রিফাদের সাথে ফিজিক্স অলিম্পিয়াডে খাতা কাটতো যে
ham,0,এই ছেলেটা আনফ্রেন্ড করে দিসিল।এখন এড পাঠাইসে।এক্সেপ্ট করে আইডিতে এক্সেস দিয়ে একটা সারপ্রাইজ দিব?!,এই ছেলেটা আনফ্রেন্ড করে দিসিল।এখন এড পাঠাইসে।এক্সেপ্ট করে আইডিতে এক্সেস দিয়ে একটা সারপ্রাইজ দিব?!
ham,0,তোরটা আমারও মনে থাকে না।,তোরটা আমারও মনে থাকে না।
ham,0,কই গেসিল ছেলেটা?,কই গেসিল ছেলেটা?
ham,0,কি দিয়ে বানাইছোস?,কি দিয়ে বানাইছোস?
ham,0,"দেশের বাহিরে যারা যায় সবাই তো এরকম পড়ে।পুজা,চন্দ্রিমা এগুলারে দেখস নাই?!","দেশের বাহিরে যারা যায় সবাই তো এরকম পড়ে।পুজা,চন্দ্রিমা এগুলারে দেখস নাই?!"
ham,0,খাতুনগঞ্জে ৯ টা ৯:৩০ থেকে কাস্টমার আসা শুরু করে যে রাতের ৭ টা ৮ টায়ও আসে।পারে না ব্যাংকেই থেকে যায়।,খাতুনগঞ্জে <NUMBER> টা <NUMBER> : <NUMBER> থেকে কাস্টমার আসা শুরু করে যে রাতের <NUMBER> টা <NUMBER> টায়ও আসে।পারে না ব্যাংকেই থেকে যায়।
ham,0,আমার পার্সেল আসছে না?!আমাকে বলতেসে যে এত্ত জামা কাপড় না কিনে আমাদেরকে খাওয়াইয়েন।সওয়াব পাবেন।আমি বলসি যে স্যার এত্ত সওয়াব দিয়ে আমি কি করব?!আপ্নারাও কিছু সওয়াব কামাই করেন।নাহয় মৃত্যুর পর দেখবেন আমি নাচতে নাচতে জান্নাতে ঢুকতেসি।আর আপ্নারা জান্নাতের দরজা ধরে দাঁড়ায় দাঁড়ায় কান্না করবেন।,আমার পার্সেল আসছে না?!আমাকে বলতেসে যে এত্ত জামা কাপড় না কিনে আমাদেরকে খাওয়াইয়েন।সওয়াব পাবেন।আমি বলসি যে স্যার এত্ত সওয়াব দিয়ে আমি কি করব?!আপ্নারাও কিছু সওয়াব কামাই করেন।নাহয় মৃত্যুর পর দেখবেন আমি নাচতে নাচতে জান্নাতে ঢুকতেসি।আর আপ্নারা জান্নাতের দরজা ধরে দাঁড়ায় দাঁড়ায় কান্না করবেন।
ham,0,আমার টাকা দিয়ে আমি কি করব না করব তা নিয়ে মানুষের এত্ত আগ্রহ,আমার টাকা দিয়ে আমি কি করব না করব তা নিয়ে মানুষের এত্ত আগ্রহ
ham,0,লিটল চিকন এগুলার বিয়েতেও তো যাই নাই।কিন্তু এগুলার যে বিয়ে হইসে ওটা মনে থাকে।,লিটল চিকন এগুলার বিয়েতেও তো যাই নাই।কিন্তু এগুলার যে বিয়ে হইসে ওটা মনে থাকে।
ham,0,আমি বলার পর বেটা পুরা চুপ,আমি বলার পর বেটা পুরা চুপ
ham,0,আমি বলসি যে স্যার আপনি কি কি করেন এত্ত টাকা দিয়ে আমাকে একটু বলেন।আমিও ওগুলা করব আরকি।,আমি বলসি যে স্যার আপনি কি কি করেন এত্ত টাকা দিয়ে আমাকে একটু বলেন।আমিও ওগুলা করব আরকি।
ham,0,তোকে স্যালারি নিয়ে এক বেটা বলসিল না যে এত্ত টাকা দিয়ে কি করবি?,তোকে স্যালারি নিয়ে এক বেটা বলসিল না যে এত্ত টাকা দিয়ে কি করবি?
ham,0,মাকসুদ হয়তবা এখন ওর বউকে খুব প্রাউড ফিল করে বলে যে ভার্সিটি থাকতে ক্লাসের ২ টা মেয়ে ওকে অনেক ডিস্টার্ব করসিল।,মাকসুদ হয়তবা এখন ওর বউকে খুব প্রাউড ফিল করে বলে যে ভার্সিটি থাকতে ক্লাসের <NUMBER> টা মেয়ে ওকে অনেক ডিস্টার্ব করসিল।
ham,0,আমিও ঢিলার মত কথা বলতেসি,আমিও ঢিলার মত কথা বলতেসি
ham,0,ও আচ্ছা হ্যা ঠিকাসে তো,ও আচ্ছা হ্যা ঠিকাসে তো
ham,0,তোদের ব্যাংক অনেক জোস তো,তোদের ব্যাংক অনেক জোস তো
ham,0,মাকসুদ কিন্তু আমাদের এগুলাতে মনে মনে অনেক খুশি হইত।,মাকসুদ কিন্তু আমাদের এগুলাতে মনে মনে অনেক খুশি হইত।
ham,0,দেখ না কি পরিমাণ হাস্যকর লেভেলের উপস্থাপনা করস,দেখ না কি পরিমাণ হাস্যকর লেভেলের উপস্থাপনা করস
ham,0,এখন আমাদেরকে পাত্তা দিবে না,এখন আমাদেরকে পাত্তা দিবে না
ham,0,মনে হয় তোর ম্যানেজার তোর এই ছুটিটা PD কে জানায় নাই।সেজন্য অফিশিয়ালি তোর সবকিছু বাকিদের মতো চলতেসে,মনে হয় তোর ম্যানেজার তোর এই ছুটিটা PD কে জানায় নাই।সেজন্য অফিশিয়ালি তোর সবকিছু বাকিদের মতো চলতেসে
ham,0,এই লোকটা কোন স্টুডেন্টের মোবাইল টিপতেসে আল্লায় জানে।,এই লোকটা কোন স্টুডেন্টের মোবাইল টিপতেসে আল্লায় জানে।
ham,0,শুন জিবি ইনচার্জ তেমন রিস্কি কাজ না।ক্যাশ ইনচার্জ হইলে ভয় পাওয়ার কথা ছিল।জিবিতে জাস্ট কাজের প্রেশার বেশি।কাজ শেষ হইতে চায় না জিবির।,শুন জিবি ইনচার্জ তেমন রিস্কি কাজ না।ক্যাশ ইনচার্জ হইলে ভয় পাওয়ার কথা ছিল।জিবিতে জাস্ট কাজের প্রেশার বেশি।কাজ শেষ হইতে চায় না জিবির।
ham,0,একবার সে আমার স্ট্যাটিস্টিক্স খাতা চাইসিল। এটাকে বলসিলাম আমাদেরকে ফেইসবুকে এড দিলে আমরা খাতা দিব।নাহয় দিব না।কি বেয়াদ্দপ ছিলাম আমরা ২ টা।,একবার সে আমার স্ট্যাটিস্টিক্স খাতা চাইসিল। এটাকে বলসিলাম আমাদেরকে ফেইসবুকে এড দিলে আমরা খাতা দিব।নাহয় দিব না।কি বেয়াদ্দপ ছিলাম আমরা <NUMBER> টা।
ham,0,Bank Company Act আছে না?!যে কোনো ব্যাংক চাইলেই নিজের মত করে আইন বানায় চলতে পারে না।,Bank Company Act আছে না?!যে কোনো ব্যাংক চাইলেই নিজের মত করে আইন বানায় চলতে পারে না।
ham,0,আর বাংলাদেশ ব্যাংক আছে না?!এই কাজ করলে বাংলাদেশ ব্যাংক থেকেই তো ছ্যাচা খাবে একটা।,আর বাংলাদেশ ব্যাংক আছে না?!এই কাজ করলে বাংলাদেশ ব্যাংক থেকেই তো ছ্যাচা খাবে একটা।
ham,0,ওই শ্রাবন্তী কই থাকে কি করে কেউ জানস?!,ওই শ্রাবন্তী কই থাকে কি করে কেউ জানস?!
ham,0,এগুলা যদি জানিতে পারে আমাদেরকে কি ভাববে ভেবে দেখ।,এগুলা যদি জানিতে পারে আমাদেরকে কি ভাববে ভেবে দেখ।
ham,0,তোরা এত্ত নেগেটিভলি কেন নিচ্ছস ব্যাপারটা?ও দেশের বাজারকে বিদেশে উপস্থাপন করতেসে।,তোরা এত্ত নেগেটিভলি কেন নিচ্ছস ব্যাপারটা?ও দেশের বাজারকে বিদেশে উপস্থাপন করতেসে।
ham,0,ওদের সব কিছু তো ফেইসবুকে দেয়। একটা দেয় না মনে হয়,ওদের সব কিছু তো ফেইসবুকে দেয়। একটা দেয় না মনে হয়
ham,0,হ্যা।বোনাস গুলা জাস্ট বেসিক স্যালারিটা দেয়।,হ্যা।বোনাস গুলা জাস্ট বেসিক স্যালারিটা দেয়।
ham,0,আমাদের সাথে হেড অফিসে সফটওয়্যার ডিপার্টমেন্ট বা আইটি ডিপার্টমেন্টে যারা আছে ওরা যেই আফসোস করে।যখন দেখে আমরা বিল নিচ্ছি।,আমাদের সাথে হেড অফিসে সফটওয়্যার ডিপার্টমেন্ট বা আইটি ডিপার্টমেন্টে যারা আছে ওরা যেই আফসোস করে।যখন দেখে আমরা বিল নিচ্ছি।
ham,0,আরেহ নাহ।এত্তটাও সেস্রা হয় না কোনো প্রতিষ্ঠান।,আরেহ নাহ।এত্তটাও সেস্রা হয় না কোনো প্রতিষ্ঠান।
ham,0,আর কনফারমেশনের পরে গ্রেড চেইঞ্জ হয়ে স্যালারি বাড়ে,আর কনফারমেশনের পরে গ্রেড চেইঞ্জ হয়ে স্যালারি বাড়ে
ham,0,অনেক ব্যাংকে গ্রেড চেইঞ্জ হয় না।জাস্ট স্যালারি বাড়ে,অনেক ব্যাংকে গ্রেড চেইঞ্জ হয় না।জাস্ট স্যালারি বাড়ে
ham,0,কিন্তু কোনো প্রতিষ্ঠানেই শুধু বেসিক স্যালারি দাওয়ার কোনো নিয়ম নাই।সেটা হোক প্রবিশন পিরিওডে।,কিন্তু কোনো প্রতিষ্ঠানেই শুধু বেসিক স্যালারি দাওয়ার কোনো নিয়ম নাই।সেটা হোক প্রবিশন পিরিওডে।
ham,0,"কোনো ব্যাংকেই প্রবিশনে শুধু বেসিক স্যালারি দেয় না।বেসিকের সাথে মেডিকেল এলাউয়েন্স,হোম রেন্ট ব্লা ব্লা সব যোগ হয়।","কোনো ব্যাংকেই প্রবিশনে শুধু বেসিক স্যালারি দেয় না।বেসিকের সাথে মেডিকেল এলাউয়েন্স,হোম রেন্ট ব্লা ব্লা সব যোগ হয়।"
ham,0,শুধু বেসিক দাওয়ার নিয়মই নাই।,শুধু বেসিক দাওয়ার নিয়মই নাই।
ham,0,ওবুক পেয়েও গেসোস?!আমাদের এটা নিয়ে আজকে মাত্র মিটিং করসে।কালকে বা পরশু দিতে পারে।,ওবুক পেয়েও গেসোস?!আমাদের এটা নিয়ে আজকে মাত্র মিটিং করসে।কালকে বা পরশু দিতে পারে।
ham,0,শুন না।আজকে বিকালে নাকি আমাদের ব্যাংকের ম্যানেজমেন্ট ফুটবল বোনাসের সার্কুলার নিয়ে মিটিং করসে।,শুন না।আজকে বিকালে নাকি আমাদের ব্যাংকের ম্যানেজমেন্ট ফুটবল বোনাসের সার্কুলার নিয়ে মিটিং করসে।
ham,0,ও আচ্ছা।উত্তরাতে মনে হয় দেখলাম যেই বছরের প্রফিট বোনাস ওই বছর ৬ মাস সার্ভিসে থাকা লাগবে।তাহলে পাবে।,ও আচ্ছা।উত্তরাতে মনে হয় দেখলাম যেই বছরের প্রফিট বোনাস ওই বছর <NUMBER> মাস সার্ভিসে থাকা লাগবে।তাহলে পাবে।
ham,0,তোদেরটার কোনো খবর পাইসোস এখনো?!,তোদেরটার কোনো খবর পাইসোস এখনো?!
ham,0,ওই আমার পার্সেল আজকে দিবে।তুই কি বিকাশ আজকে করতে পারবি?!নাহয় আমার অন্য কারো থেকে ম্যানেজ করা লাগবে।,ওই আমার পার্সেল আজকে দিবে।তুই কি বিকাশ আজকে করতে পারবি?!নাহয় আমার অন্য কারো থেকে ম্যানেজ করা লাগবে।
ham,0,তোরা পাস নাই?,তোরা পাস নাই?
ham,0,তুই ব্যাংকে জয়েন করসোস কবে?!পাস নাই কেন?!,তুই ব্যাংকে জয়েন করসোস কবে?!পাস নাই কেন?!
ham,0,তোদের নারায়নগঞ্জে যেই জোস জোস কাপড় বিক্রি করে।তাও যেই কম দামে।তুই তো বাড়িতে গেলেও একসাথে অনেকগুলা কিনতে পারস।,তোদের নারায়নগঞ্জে যেই জোস জোস কাপড় বিক্রি করে।তাও যেই কম দামে।তুই তো বাড়িতে গেলেও একসাথে অনেকগুলা কিনতে পারস।
ham,0,এই বোনাস গুলা পাইলেও তো কাজে দিত এখন।,এই বোনাস গুলা পাইলেও তো কাজে দিত এখন।
ham,0,সার্ভিসের ৬ মাস হইলেই তো পায়,সার্ভিসের <NUMBER> মাস হইলেই তো পায়
ham,0,অনেকগুলা দোকান আছে খুচরা বিক্রি করে,অনেকগুলা দোকান আছে খুচরা বিক্রি করে
ham,0,কোন কোন ব্যাংকে দিসে জানস?!,কোন কোন ব্যাংকে দিসে জানস?!
ham,0,শুনসি তো দিবে।এখনো তো কোনো সাড়াশব্দ নাই।তোদেরকে দেয় নাই এখনো?!,শুনসি তো দিবে।এখনো তো কোনো সাড়াশব্দ নাই।তোদেরকে দেয় নাই এখনো?!
ham,0,নারায়নগঞ্জের একটা মেয়ে ব্লগার আছে।ওর ভিডিওতে আমি দেখি।৩০০ টাকা থেকে শুরু থ্রিপিসের দাম।মোটামুটি ৫০০ টাকা হইলে যেই জোস জোস সুতির থ্রিপিস।,নারায়নগঞ্জের একটা মেয়ে ব্লগার আছে।ওর ভিডিওতে আমি দেখি। <MONEY> থেকে শুরু থ্রিপিসের দাম।মোটামুটি <MONEY> হইলে যেই জোস জোস সুতির থ্রিপিস।
ham,0,IFIC র MD নাকি বুলশিট বলে কাগজ বাতাসে উড়ায় দিসে।,IFIC র MD নাকি বুলশিট বলে কাগজ বাতাসে উড়ায় দিসে।
ham,0,ঢাকা থেকে নেস কেন তুই?!,ঢাকা থেকে নেস কেন তুই?!
ham,0,৪ টা দিসে যে ওটা মনে হয় প্রফিট বোনাস দিসে।,<NUMBER> টা দিসে যে ওটা মনে হয় প্রফিট বোনাস দিসে।
ham,0,আমি বৃহস্পতিবার সেকেন্ড স্যারকে বলতেসিলাম যে ব্যাংকারদের কপাল হইল কাজ করে কোটি কোটি টাকা নিয়ে।অথচ নিজেরা ফকির।,আমি বৃহস্পতিবার সেকেন্ড স্যারকে বলতেসিলাম যে ব্যাংকারদের কপাল হইল কাজ করে কোটি কোটি টাকা নিয়ে।অথচ নিজেরা ফকির।
ham,0,মানুষের মনে হয় ধারণা যে ব্যাংকে যারা জব করে ব্যাংকের সব টাকা পয়সা তাদের।,মানুষের মনে হয় ধারণা যে ব্যাংকে যারা জব করে ব্যাংকের সব টাকা পয়সা তাদের।
ham,0,ব্যাংকে জব করস তাও তোর টাকা ধার নেওয়া লাগে,ব্যাংকে জব করস তাও তোর টাকা ধার নেওয়া লাগে
ham,0,আমি যেই পেইজে অর্ডার দিসি ওই পেইজ থেকে আগেও ড্রেস নিসিলাম।খারাপ হয় নাই।তাই এবারও সাহস করে অর্ডার দিসি।আর আমার পায়ে ব্যাথা পাইসি।হাটতে কষ্ট হয়।তাই এবার মার্কেটেও যাইতে ইচ্ছা করতেসে না।,আমি যেই পেইজে অর্ডার দিসি ওই পেইজ থেকে আগেও ড্রেস নিসিলাম।খারাপ হয় নাই।তাই এবারও সাহস করে অর্ডার দিসি।আর আমার পায়ে ব্যাথা পাইসি।হাটতে কষ্ট হয়।তাই এবার মার্কেটেও যাইতে ইচ্ছা করতেসে না।
ham,0,ধুরো।আর হিসাব করতে পারব না।যা পাই তুই হিসাব করে আমাকে npsb করে দে।,ধুরো।আর হিসাব করতে পারব না।যা পাই তুই হিসাব করে আমাকে npsb করে দে।
ham,0,হায়রে ঢং,হায়রে ঢং
ham,0,বেইজ্জত করতে বলি নাই তো।এগুলা পুরা হাস্যকর বানায় ফেলসে এটাকে।আমার এই জিনিসটা অনেক ভয় লাগে কেমন কষ্ট হবে আমার।,বেইজ্জত করতে বলি নাই তো।এগুলা পুরা হাস্যকর বানায় ফেলসে এটাকে।আমার এই জিনিসটা অনেক ভয় লাগে কেমন কষ্ট হবে আমার।
ham,0,কত্তগুলা টাকা চলে আসছে।২ টা জামাতেই আমার সাড়ে ছয় হাজারের উপর কস্টিং চলে আসছে।আরো কুরিয়ার চার্জ।,কত্তগুলা টাকা চলে আসছে। <NUMBER> টা জামাতেই আমার সাড়ে ছয় হাজারের উপর কস্টিং চলে আসছে।আরো কুরিয়ার চার্জ।
ham,0,আমার টাকা পয়সা দিবি না?!অনলাইনে ঈদের জামা কাপড় অর্ডার দিয়ে বসে আছি।টাকা শর্ট পড়সে।,আমার টাকা পয়সা দিবি না?!অনলাইনে ঈদের জামা কাপড় অর্ডার দিয়ে বসে আছি।টাকা শর্ট পড়সে।
ham,0,আমি অর্ডার দিয়ে ফেলসি তো।পেমেন্ট হচ্ছে ক্যাশ অন ডেলিভারি।আমি টাকা ধার করসি।আম্মু থেকে করসি।আমার একাউন্টে কিছু ছিল।আর তুই দিবি যে ওগুলা।পারলে তুইও কিছু ধার দে।,আমি অর্ডার দিয়ে ফেলসি তো।পেমেন্ট হচ্ছে ক্যাশ অন ডেলিভারি।আমি টাকা ধার করসি।আম্মু থেকে করসি।আমার একাউন্টে কিছু ছিল।আর তুই দিবি যে ওগুলা।পারলে তুইও কিছু ধার দে।
ham,0,যেই সুন্দর জামাগুলা।আমি লোভ সামলায় একটা অর্ডার করলে পারতাম।,যেই সুন্দর জামাগুলা।আমি লোভ সামলায় একটা অর্ডার করলে পারতাম।
ham,0,তাইলে কোল্ড কফি ২৮০?!,তাইলে কোল্ড কফি <NUMBER> ?!
ham,0,প্রথমবার বেটা আমাকে ২০ টাকার নোট একটা আর ১০ টাকার নোট একটা দিসিল।পরেরবার বিল দিতে গিয়ে আমি ৫০ টাকার নোট কতগুলার সাথে ওগুলা আবার বেটাকে দিয়ে দিসি।,প্রথমবার বেটা আমাকে <MONEY> র নোট একটা আর <MONEY> র নোট একটা দিসিল।পরেরবার বিল দিতে গিয়ে আমি <MONEY> র নোট কতগুলার সাথে ওগুলা আবার বেটাকে দিয়ে দিসি।
ham,0,প্রথমবার বিল কত দিসিলাম?!,প্রথমবার বিল কত দিসিলাম?!
ham,0,ক্যাপাচিনো ২ শ কত করে জানি ছিল,ক্যাপাচিনো <NUMBER> শ কত করে জানি ছিল
ham,0,প্রথমবার বিল কত দিসিলাম এটা বল,প্রথমবার বিল কত দিসিলাম এটা বল
ham,0,তারপরে আবার কেটুর জন্য কোল্ড কফি দিসি ২৭০ টাকা।এটা মনে আছে খালি।,তারপরে আবার কেটুর জন্য কোল্ড কফি দিসি <MONEY> ।এটা মনে আছে খালি।
ham,0,ভাংতি কত টাকা ওটা মনে পড়তেসে না।,ভাংতি কত টাকা ওটা মনে পড়তেসে না।
ham,0,হিসাব ভুল হচ্ছে।প্রথমবারেই তো ১৩ শ কত টাকা বিল দিসি।,হিসাব ভুল হচ্ছে।প্রথমবারেই তো <NUMBER> শ কত টাকা বিল দিসি।
ham,0,৭৫০ ক্যাম্নে?!,<NUMBER> ক্যাম্নে?!
ham,0,নিয়ে আসিও আজকে,নিয়ে আসিও আজকে
ham,0,আর না হয় শনিবার আমার অফ তখন দিয়ে আসলাম,আর না হয় শনিবার আমার অফ তখন দিয়ে আসলাম
ham,0,আসসালামুয়ালাইকুম,আসসালামুয়ালাইকুম
ham,0,চকবাজার আসা হয়?,চকবাজার আসা হয়?
ham,0,তাহিয়া চকবাজার যায় কোচিং,তাহিয়া চকবাজার যায় কোচিং
ham,0,কোথা থেকে,কোথা থেকে
ham,0,এখন তো মাগরিবের নামাজ শেষ হতে হতে হতে ৭টা বাজে,এখন তো মাগরিবের নামাজ শেষ হতে হতে হতে ৭টা বাজে
ham,0,সন্ধ্যায় শুরু করবে বললো,সন্ধ্যায় শুরু করবে বললো
ham,0,স্কুল থেকে ছুটি নিলাম,স্কুল থেকে ছুটি নিলাম
ham,0,"আমি ভাবতেছি কি করবো।যা বৃষ্টি, রোডে পানি","আমি ভাবতেছি কি করবো।যা বৃষ্টি, রোডে পানি"
ham,0,ওই ৮টায় শেষ করে দিবে,ওই ৮টায় শেষ করে দিবে
ham,0,আসসালামুয়ালাইকুম আগামীকাল তানির অনুষ্ঠানে কখন যাবি?,আসসালামুয়ালাইকুম আগামীকাল তানির অনুষ্ঠানে কখন যাবি?
ham,0,কোন রকম দিলাম। এতদূর জার্নি করে আমি ক্লান্ত হয়ে পড়তাম।,কোন রকম দিলাম। এতদূর জার্নি করে আমি ক্লান্ত হয়ে পড়তাম।
ham,0,মাশাল্লাহ। মা আর কি পড়বে।এবার তার পালা,মাশাল্লাহ। মা আর কি পড়বে।এবার তার পালা
ham,0,তুমি রেডি থাকিও,তুমি রেডি থাকিও
ham,0,তোর কেমন হলো?,তোর কেমন হলো?
ham,0,আমি আর জাকু ১১টা করে যাবো।তোর সুবিধা হলে তুই আয়,আমি আর জাকু ১১টা করে যাবো।তোর সুবিধা হলে তুই আয়
ham,0,সকালে যেতে পারবি সেদিন?,সকালে যেতে পারবি সেদিন?
ham,0,"সোমবার তানির বাসায় যাবো আমরা(জাকু,মারজু,আমি)প্রমিকেও বলবো","সোমবার তানির বাসায় যাবো আমরা(জাকু,মারজু,আমি)প্রমিকেও বলবো"
ham,0,"ও, তুমি তো চট্টগ্রাম","ও, তুমি তো চট্টগ্রাম"
ham,0,"আচ্ছা, ওয়েট","আচ্ছা, ওয়েট"
spam,1,"আয়োজনের
প্রয়োজনে চালডাল!
আলু৳৩৯
পিঁয়াজ৳৫৫
কোডঃ7F
T&C
chdl.co/UehPRbKs",আয়োজনের প্রয়োজনে চালডাল! আলু <MONEY> পিঁয়াজ <MONEY> কোডঃ7F T&C <URL>
spam,1,"প্রিয়,								
কানাডাতে IELTS ছাড়া অ্যাপ্লাই করার ২৬ টা স্টাডি স্লট থেকে আপনার স্লটে অ্যাডমিশন পেতে আজকে 3pm-5pm এর মধ্যে আমাদের অফিস ভিসিট করুন।								
ঠিকানা: Wasa Circle (Beside SH Khan petrol pump), Chattogram.								
GIC Education								|","প্রিয়, কানাডাতে IELTS ছাড়া অ্যাপ্লাই করার <NUMBER> টা স্টাডি স্লট থেকে আপনার স্লটে অ্যাডমিশন পেতে আজকে 3pm-5pm এর মধ্যে আমাদের অফিস ভিসিট করুন। ঠিকানা: Wasa Circle (Beside SH Khan petrol pump), Chattogram. GIC Education |"
spam,1,"৳৯৯+অর্ডারে গিফট!	
কোডঃ 4V	
ডিম৳১৩৯	
চাল৳৬১	
তেল৳৮৯৫	
T&C	
chdl.co/MSBzirsV	|",<MONEY> +অর্ডারে গিফট! কোডঃ 4V ডিম <MONEY> চাল <MONEY> তেল <MONEY> T&C <URL> |
spam,1,"ফ্লোর ক্লিনার ১লিঃ৳১৪৯	
মাসের বাজারে ছাড়	
কোড:CD2	
T&C	
chdl.co/pukKKgMF	|",ফ্লোর ক্লিনার ১লিঃ <MONEY> মাসের বাজারে ছাড় কোড:CD2 T&C <URL> |
spam,1,"ডিলে জাতীয় পতাকা৳৭১	
নগদ-এ ৳৭৫ক্যাশব্যাক	
গিফট কোডঃBD	
Chaldal.com/Free	|",ডিলে জাতীয় পতাকা <MONEY> নগদ-এ <MONEY> ক্যাশব্যাক গিফট কোডঃBD <URL> |
spam,1,"সাশ্রয়ে ৩৪% পযর্ন্ত ছাড়ে	
ডায়াপার চালডাল-এ	
T&C*	
chdl.co/mhOqX0K	|",সাশ্রয়ে <NUMBER> % পযর্ন্ত ছাড়ে ডায়াপার চালডাল-এ T&C* <URL> |
spam,1,আপনি 300 টাকা পেয়েছেন মেসেজ ওপশন এ গিয়ে লিখুন START NMZRR send 21213 |,আপনি <MONEY> পেয়েছেন মেসেজ ওপশন এ গিয়ে লিখুন START NMZRR send <NUMBER> |
spam,1,বাংলা ও ইংলিশ মিডিয়ামের অভিজ্ঞ টিউটর খুঁজছেন?Tuition Aid 01601645145				|,বাংলা ও ইংলিশ মিডিয়ামের অভিজ্ঞ টিউটর খুঁজছেন?Tuition Aid <PHONE> |
spam,1,"আকর্ষণীয় ১৫% ছাড়* ৳১০০ পর্যন্ত! উপায় অ্যাপ দিয়ে বিডিটিকেটস এর পেমেন্ট করলেই নিশ্চিত ছাড়, সর্বোচ্চ ৳৩০০ প্রতি কাস্টমার। |","আকর্ষণীয় <NUMBER> % ছাড়* <MONEY> পর্যন্ত! উপায় অ্যাপ দিয়ে বিডিটিকেটস এর পেমেন্ট করলেই নিশ্চিত ছাড়, সর্বোচ্চ <MONEY> প্রতি কাস্টমার। |"
spam,1,"কোড: upay15		
ক্লিক করুনঃ onelink.to/j7rwyf		
বিস্তারিত জানতে কল করুনঃ ১৬৪৬০		
*শর্ত প্রযোজ্য		|",কোড: upay15 ক্লিক করুনঃ onelink.to/j7rwyf বিস্তারিত জানতে কল করুনঃ <PHONE> *শর্ত প্রযোজ্য |
spam,1,Pureit RO ক্রয়ে ৩০০০ টাকা পর্যন্ত ছাড়! এছাড়াও থাকছে না কিনেই ১৫ দিনের ফ্রি ট্রায়াল অফার! কল করুন ১৬৬২৭ এ। শর্ত প্রযোজ্য**|,Pureit RO ক্রয়ে <MONEY> পর্যন্ত ছাড়! এছাড়াও থাকছে না কিনেই <NUMBER> দিনের ফ্রি ট্রায়াল অফার! কল করুন <PHONE> এ। শর্ত প্রযোজ্য**|
spam,1,"আকর্ষণীয় ১৫% ছাড়* ৳১০০ পর্যন্ত! উপায় অ্যাপ দিয়ে বিডিটিকেটস এর পেমেন্ট করলেই নিশ্চিত ছাড়, সর্বোচ্চ ৳৩০০ প্রতি কাস্টমার। 					|","আকর্ষণীয় <NUMBER> % ছাড়* <MONEY> পর্যন্ত! উপায় অ্যাপ দিয়ে বিডিটিকেটস এর পেমেন্ট করলেই নিশ্চিত ছাড়, সর্বোচ্চ <MONEY> প্রতি কাস্টমার। |"
spam,1,আরিফিন শুভ অভিনীত ভালো থেকো দেখুন রবি স্ক্রিনে: cutt.ly/LlBFSZk|,আরিফিন শুভ অভিনীত ভালো থেকো দেখুন রবি স্ক্রিনে: <URL>
spam,1,"প্রতিদিনের ভাগ্য রাশিফল পেতে টিয়া পাখির কথা না শুনে *26397*6# ডায়াল করে জেনেনিন আপনার রাশি, চার্জ ৳২.৬৭ দৈনিক|","প্রতিদিনের ভাগ্য রাশিফল পেতে টিয়া পাখির কথা না শুনে * <NUMBER> * <NUMBER> # ডায়াল করে জেনেনিন আপনার রাশি, চার্জ <MONEY> দৈনিক|"
spam,1,এয়ারটেলে আপনার জন্য সেরা সব অফার পেতে *4# বা *123*3# ডায়াল করুন আজই।|,এয়ারটেলে আপনার জন্য সেরা সব অফার পেতে * <NUMBER> # বা * <NUMBER> * <NUMBER> # ডায়াল করুন আজই।|
spam,1,সুস্বাদু হিমসাগর ও ল্যাংড়া আম 🥭 গিফট বক্স!http://chaldal.com/fresh-fruit|,সুস্বাদু হিমসাগর ও ল্যাংড়া আম 🥭 গিফট বক্স! <URL>
spam,1,আলহামদুলিল্লাহ। আল্লাহ তায়ালার রহমতে এবং আপনাদের সকলের দোয়া নিয়ে সামনে এগোতে চাই। 🥰🥰🥰 একটা করে ভালোবাসা দিয়ে পাশে থাকবেন৷ ইনশাআল্লাহ 🙏🙏🙏🙏🙏🙏🙏|,আলহামদুলিল্লাহ। আল্লাহ তায়ালার রহমতে এবং আপনাদের সকলের দোয়া নিয়ে সামনে এগোতে চাই। 🥰🥰🥰 একটা করে ভালোবাসা দিয়ে পাশে থাকবেন৷ ইনশাআল্লাহ 🙏🙏🙏🙏🙏🙏🙏|
spam,1,"কর্ণফুলী এক্সপ্রেস কক্সবাজার শহরের উত্তর নুনিয়াছড়া (এয়ারপোর্ট রোড) বি আই ডব্লিও টিএ ঘাট থেকে প্রতিদিন নিয়মিত চলাচল করছে এম ভি কর্নফুলী এক্সপ্রেস জাহাজ টি। 🌊🛳️ কক্সবাজার টু সেন্টমার্টিন - সেন্টমার্টিন টু কক্সবাজার 🛳️🌊🚢 সম্পূর্ণ শীতাতপ নিয়ন্ত্রিত Karnafuly Express এর যাত্রা সময়সূচী: ⌚কক্সবাজার এয়ারপোর্ট রোড নুনিয়াছড়া বি আই ডব্লিও টি এ ঘাট থেকে ছাড়ে সকাল: ৭.০০ টায়।⌚সেন্টমার্টিন থেকে ছাড়ে বিকাল: ৩.৩০ মিনিটে।উভয় দিক থেকে গন্তব্যে পৌছতে সময় লাগবে ৫ ঘন্টা (+,-) ।🏖️ পর্যটকবাহী জাহাজের (জনপ্রতি আসা-যাওয়া) নতুন ভাড়ার তালিকা: 🏖️==========================💺রেগুলার ক্লাস ( Lavender) : ৩,০০০/-💺(শোভন ক্লাস চেয়ার (Marigold) : ৩,০০০/-💺বিজনেস ক্লাস (ডিলাক্স) চেয়ার ( Gladiolas) : ৪,০০০/-💺ওপেন ডেক চেয়ার ( Open Deck) : ৪,০০০/- 💺লিলাক লাউঞ্জ( Lelak Lounge) : ৪,০০০/-💺ভি আই পি লাউঞ্জ (Chrysanthemum Lounge) : ৪,৫০০/- 🛏সিঙ্গেল কেবিন( Single Cabin) : ৭,৫০০/- টাকা (১ জন এর জন্য প্রযোজ্য) 🛌টুইন বেড কেবিন (Twin Bed Cabin) : ১২,০০০/- (২ জন এর জন্য প্রযোজ্য) 🛌ভি আই পি কেবিন ( VIP Cabin) : ২০,০০০/-(২ জন এর জন্য প্রযোজ্য)🛌ভি ভি আই পি কেবিন (VVIP Cabin) : ২৮,০০০/- (২ জন এর জন্য প্রযোজ্য) শুধু যাওয়া বা আসা:-==============================💺রেগুলার ক্লাস ( Lavender) : ১,৬০০/-💺(শোভন ক্লাস চেয়ার (Marigold) : ১,৬০০/-💺বিজনেস ক্লাস (ডিলাক্স) চেয়ার ( Gladiolas) : ২,১০০/- 💺ওপেন ডেক চেয়ার ( Open Deck) : ২,১০০/-💺লিলাক লাউঞ্জ( Lelak Lounge) : ২,১০০/-💺ভি আই পি লাউঞ্জ (Chrysanthemum Lounge) : ২,৩০০/- 🛏সিঙ্গেল কেবিন( Single Cabin) : ৪,০০০/- টাকা (১ জন এর জন্য প্রযোজ্য)🛌টুইন বেড কেবিন (Twin Bed Cabin) : ৬,৫০০/-(২ জন এর জন্য প্রযোজ্য)🛌ভি আই পি কেবিন ( VIP Cabin) : ১১,৫০০/-(২ জন এর জন্য প্রযোজ্য)🛌ভি ভি আই পি কেবিন (VVIP Cabin) : ১৫,০০০/-(২ জন এর জন্য প্রযোজ্য)🚸 (প্রতিটি কেবিন ২ জন এর জন্য প্রযোজ্য, সিঙ্গেল কেবিনে ১জন প্রযোজ্য। অতিরিক্ত জনপ্রতি আলাদা টিকেট কেটে নিতে হবে)👪 শিশু পলেসি: ৫ বছর বয়স পর্যন্ত সম্পূর্ণ ফ্রি, ৫ বছরের বড় সকলকে টিকেট কাটতে হবে।🏠 অফিসঃ B-70,Sea beach R/A,Shugandha point,Cox's Bazar.For more details:01922287423.|","কর্ণফুলী এক্সপ্রেস কক্সবাজার শহরের উত্তর নুনিয়াছড়া (এয়ারপোর্ট রোড) বি আই ডব্লিও টিএ ঘাট থেকে প্রতিদিন নিয়মিত চলাচল করছে এম ভি কর্নফুলী এক্সপ্রেস জাহাজ টি। 🌊🛳️ কক্সবাজার টু সেন্টমার্টিন - সেন্টমার্টিন টু কক্সবাজার 🛳️🌊🚢 সম্পূর্ণ শীতাতপ নিয়ন্ত্রিত Karnafuly Express এর যাত্রা সময়সূচী: ⌚কক্সবাজার এয়ারপোর্ট রোড নুনিয়াছড়া বি আই ডব্লিও টি এ ঘাট থেকে ছাড়ে সকাল: <NUMBER> টায়।⌚সেন্টমার্টিন থেকে ছাড়ে বিকাল: <NUMBER> মিনিটে।উভয় দিক থেকে গন্তব্যে পৌছতে সময় লাগবে <NUMBER> ঘন্টা (+,-) ।🏖️ পর্যটকবাহী জাহাজের (জনপ্রতি আসা-যাওয়া) নতুন ভাড়ার তালিকা: 🏖️==========================💺রেগুলার ক্লাস ( Lavender) : <MONEY> 💺(শোভন ক্লাস চেয়ার (Marigold) : <MONEY> 💺বিজনেস ক্লাস (ডিলাক্স) চেয়ার ( Gladiolas) : <MONEY> 💺ওপেন ডেক চেয়ার ( Open Deck) : <MONEY> 💺লিলাক লাউঞ্জ( Lelak Lounge) : <MONEY> 💺ভি আই পি লাউঞ্জ (Chrysanthemum Lounge) : <MONEY> 🛏সিঙ্গেল কেবিন( Single Cabin) : <MONEY> টাকা ( <NUMBER> জন এর জন্য প্রযোজ্য) 🛌টুইন বেড কেবিন (Twin Bed Cabin) : <MONEY> ( <NUMBER> জন এর জন্য প্রযোজ্য) 🛌ভি আই পি কেবিন ( VIP Cabin) : <MONEY> ( <NUMBER> জন এর জন্য প্রযোজ্য)🛌ভি ভি আই পি কেবিন (VVIP Cabin) : <MONEY> ( <NUMBER> জন এর জন্য প্রযোজ্য) শুধু যাওয়া বা আসা:-==============================💺রেগুলার ক্লাস ( Lavender) : <MONEY> 💺(শোভন ক্লাস চেয়ার (Marigold) : <MONEY> 💺বিজনেস ক্লাস (ডিলাক্স) চেয়ার ( Gladiolas) : <MONEY> 💺ওপেন ডেক চেয়ার ( Open Deck) : <MONEY> 💺লিলাক লাউঞ্জ( Lelak Lounge) : <MONEY> 💺ভি আই পি লাউঞ্জ (Chrysanthemum Lounge) : <MONEY> 🛏সিঙ্গেল কেবিন( Single Cabin) : <MONEY> টাকা ( <NUMBER> জন এর জন্য প্রযোজ্য)🛌টুইন বেড কেবিন (Twin Bed Cabin) : <MONEY> ( <NUMBER> জন এর জন্য প্রযোজ্য)🛌ভি আই পি কেবিন ( VIP Cabin) : <MONEY> ( <NUMBER> জন এর জন্য প্রযোজ্য)🛌ভি ভি আই পি কেবিন (VVIP Cabin) : <MONEY> ( <NUMBER> জন এর জন্য প্রযোজ্য)🚸 (প্রতিটি কেবিন <NUMBER> জন এর জন্য প্রযোজ্য, সিঙ্গেল কেবিনে ১জন প্রযোজ্য। অতিরিক্ত জনপ্রতি আলাদা টিকেট কেটে নিতে হবে)👪 শিশু পলেসি: <NUMBER> বছর বয়স পর্যন্ত সম্পূর্ণ ফ্রি, <NUMBER> বছরের বড় সকলকে টিকেট কাটতে হবে।🏠 অফিসঃ B- <NUMBER> ,Sea beach R/A,Shugandha point,Cox's Bazar.For more details: <PHONE> .|"
ham,0,"ভাই, আপাতত দুইটার রেফারি হিসেবে জীবন তেজপাতা।|","ভাই, আপাতত দুইটার রেফারি হিসেবে জীবন তেজপাতা।|"
spam,1,ইমরান ও ন্যান্সির এক পৃথিবী প্রেম ৭দিনের জন্য গুন্গুন্ সেট ক|,ইমরান ও ন্যান্সির এক পৃথিবী প্রেম ৭দিনের জন্য গুন্গুন্ সেট ক|
spam,1,ফ্লোর ক্লিনার ১লিঃ৳১৪৯মাসের বাজারে ছাড় কোড:CD2 T&C chdl.co/pukKKgMF|,ফ্লোর ক্লিনার ১লিঃ <MONEY> মাসের বাজারে ছাড় কোড:CD2 T&C <URL>
spam,1,মোবাইল ব্যালেন্সে আনলিমিটেড সিনেমা দেখতে Subscribe: https://robi.epicon.in|,মোবাইল ব্যালেন্সে আনলিমিটেড সিনেমা দেখতে Subscribe: <URL>
spam,1,ডিলে জাতীয় পতাকা৳৭১ নগদ-এ ৳৭৫ক্যাশব্যাক গিফট কোডঃBD Chaldal.com/Free|,ডিলে জাতীয় পতাকা <MONEY> নগদ-এ <MONEY> ক্যাশব্যাক গিফট কোডঃBD <URL>
spam,1,আমাদের প্রিয় নবী মুহাম্মাদ (সা.) কীভাবে পবিত্র জুম্মার দিনটি কাটাতেন জানতে ডায়াল করুন *213*14746# চার্জ ২.৬৭ টাকা/দিন।|,আমাদের প্রিয় নবী মুহাম্মাদ (সা.) কীভাবে পবিত্র জুম্মার দিনটি কাটাতেন জানতে ডায়াল করুন * <NUMBER> * <NUMBER> # চার্জ <MONEY> /দিন।|
ham,0,দিয়ে যা। বেকার আছি|,দিয়ে যা। বেকার আছি|
spam,1,সাথেই থাকুন। *1122*10# ডায়েল করে পেয়ে যান 10 টাকা ব্যালেন্স ! ভ্যাট এবং সার্ভিস চার্জ প্রযোজ্য!|,সাথেই থাকুন। * <NUMBER> * <NUMBER> # ডায়েল করে পেয়ে যান <MONEY> ব্যালেন্স ! ভ্যাট এবং সার্ভিস চার্জ প্রযোজ্য!|
spam,1,"সুলতান'স ডাইনে ৩০% ডিস্কাউন্ট লুফে নিন এই মেসেজটি দেখিয়ে আগামী তিনদিনের মধ্যে, কমপক্ষে ৫০০ টাকার অর্ডারে টেকএওয়ে কিংবা ডাইনইনে। বিস্তারিতঃ 01407059983|","সুলতান'স ডাইনে <NUMBER> % ডিস্কাউন্ট লুফে নিন এই মেসেজটি দেখিয়ে আগামী তিনদিনের মধ্যে, কমপক্ষে <MONEY> র অর্ডারে টেকএওয়ে কিংবা ডাইনইনে। বিস্তারিতঃ <PHONE> |"
ham,0,যেগুলা বিয়ে করে নাই এদের কি হবে!!!😄|,যেগুলা বিয়ে করে নাই এদের কি হবে!!!😄|
ham,0,আপু আমার মেয়ে আজকে শরীর খারাপ... আমি কালকে যাবো|,আপু আমার মেয়ে আজকে শরীর খারাপ... আমি কালকে যাবো|
spam,1,"হেলথ্কেয়ার ফার্মাসিউটিক্যালস লিমিটেড এর অঙ্গপ্রতিষ্ঠান ‘শিলাইদহ ডেইরী’ আপনার প্রয়োজন পূরণ ও সুস্বাস্থ্য নিশ্চিত করতে বাজারে এনেছে খাঁটি দুধের ক্রীম থেকে তৈরি আল্ট্রা বাটার। পণ্য বাছাই এর সময় তাই পরিবারের জন্য হেলদি ও টেস্টি খাবার নিশ্চিত করুন স্বাদ ও মানে অনন্য আল্ট্রা বাটারের সাথে। আল্ট্রা বাটার - লেটস্ টেস্ট দ্যা বেস্ট।

আমাদের সম্পর্কে বিস্তারিত জানতে কিংবা অর্ডার করতে ভিজিট করুন- আল্ট্রা’র ফেসবুক পেজঃ https://cutt.ly/iEW25U8 ওয়েবসাইটঃ https://cutt.ly/JEW9fQl অথবা কল করুন ০১৮৪৪২৪৫২০৬ এই নম্বরে।|",হেলথ্কেয়ার ফার্মাসিউটিক্যালস লিমিটেড এর অঙ্গপ্রতিষ্ঠান ‘শিলাইদহ ডেইরী’ আপনার প্রয়োজন পূরণ ও সুস্বাস্থ্য নিশ্চিত করতে বাজারে এনেছে খাঁটি দুধের ক্রীম থেকে তৈরি আল্ট্রা বাটার। পণ্য বাছাই এর সময় তাই পরিবারের জন্য হেলদি ও টেস্টি খাবার নিশ্চিত করুন স্বাদ ও মানে অনন্য আল্ট্রা বাটারের সাথে। আল্ট্রা বাটার - লেটস্ টেস্ট দ্যা বেস্ট। আমাদের সম্পর্কে বিস্তারিত জানতে কিংবা অর্ডার করতে ভিজিট করুন- আল্ট্রা’র ফেসবুক পেজঃ <URL> ওয়েবসাইটঃ <URL> অথবা কল করুন <PHONE> এই নম্বরে।|
spam,1,করোনা ভাইরাস থেকে বাঁচতে নানা টিপস পেতে ডায়াল করুন *213*14002# চার্জ ২.৬৭/দিন|,করোনা ভাইরাস থেকে বাঁচতে নানা টিপস পেতে ডায়াল করুন * <NUMBER> * <NUMBER> # চার্জ <NUMBER> /দিন|
spam,1,নেট এমবি থাক বা না থাক sms টা সবাই কে পাঠাবেন কারণ আজ প্রিও নবির জন্মের রাত|,নেট এমবি থাক বা না থাক sms টা সবাই কে পাঠাবেন কারণ আজ প্রিও নবির জন্মের রাত|
spam,1,কুরআন পাকের ১৪৪১ বছর হয়ে গেছে । New Year তো অনেক এই sms করেন দেখা যাক কুরআন পাকের মুবারক কতজন কে জানান|,কুরআন পাকের <NUMBER> বছর হয়ে গেছে । New Year তো অনেক এই sms করেন দেখা যাক কুরআন পাকের মুবারক কতজন কে জানান|
spam,1,ঈদ কবে হচ্ছে জানতে ডায়াল করুন |,ঈদ কবে হচ্ছে জানতে ডায়াল করুন |
spam,1,"২২ মার্চ ২০২৩ বিশ্ব পানি দিবস, এবারের প্রতিপাদ্য বিষয় “পানি ও স্যানিটেশন সংকট সমাধানে ত্বরান্বিত পরিবর্তন’’-পানি সম্পদ মন্ত্রণালয়।|","<NUMBER> মার্চ <NUMBER> বিশ্ব পানি দিবস, এবারের প্রতিপাদ্য বিষয় “পানি ও স্যানিটেশন সংকট সমাধানে ত্বরান্বিত পরিবর্তন’’-পানি সম্পদ মন্ত্রণালয়।|"
spam,1,"মাত্র ৫০০ টাকায় ইংরেজি কোর্স করতে ক্লিক করুন
 http://bit.ly/3IVA0tu|",মাত্র <MONEY> য় ইংরেজি কোর্স করতে ক্লিক করুন <URL>
spam,1,*213*2843# ডায়াল করে জানুন সেলস/মার্কেটিং চাকুরীর খবর ২.৬৭ টাকা/দিন|,* <NUMBER> * <NUMBER> # ডায়াল করে জানুন সেলস/মার্কেটিং চাকুরীর খবর <MONEY> /দিন|
spam,1,*213*22718# ডায়াল করে জানুন সরকারি চাকুরীর খবর ২.৬৭ টাকা/দিন|,* <NUMBER> * <NUMBER> # ডায়াল করে জানুন সরকারি চাকুরীর খবর <MONEY> /দিন|
spam,1,প্রেম করা কেন গুনাহ জানতে ডায়াল করুন |,প্রেম করা কেন গুনাহ জানতে ডায়াল করুন |
spam,1,"স্পেশাল অফার ১০জিবি(বোনাসসহ)১৩০টাকা ৩০দিন।ডায়াল *১২১*৫৪৬৯#, mygp.li/mo|","স্পেশাল অফার ১০জিবি(বোনাসসহ) <MONEY> ৩০দিন।ডায়াল * <NUMBER> * <NUMBER> #, mygp.li/mo|"
spam,1,শুধুমাত্র একটি ফোনের প্রয়োজন প্রতিদিন 1000TK আয় wa.me/8801797890449|,শুধুমাত্র একটি ফোনের প্রয়োজন প্রতিদিন <MONEY> আয় <URL>
spam,1,"‘জাতীয় দুর্যোগ প্রস্তুতি দিবস-২০২৩’ এর প্রতিপাদ্য
“স্মার্ট বাংলাদেশের প্রত্যয়
দুর্যোগ প্রস্তুতি সবসময়”
- দুর্যোগ ব্যবস্থাপনা ও ত্রাণ মন্ত্রণালয়|",‘জাতীয় দুর্যোগ প্রস্তুতি দিবস- <NUMBER> ’ এর প্রতিপাদ্য “স্মার্ট বাংলাদেশের প্রত্যয় দুর্যোগ প্রস্তুতি সবসময়” - দুর্যোগ ব্যবস্থাপনা ও ত্রাণ মন্ত্রণালয়|
spam,1,"স্মার্টফোন জেতার দুর্দান্ত অফার! সহজ প্রশ্নের উত্তর দিয়ে জিতে নিন ৩০,৯৯৯ টাকার আকর্ষণীয় স্মার্টফোন Samsung Galaxy M33 5G মাত্র ৳২.৬৭/দিন/প্রশ্ন, ডায়াল *213*45644#|","স্মার্টফোন জেতার দুর্দান্ত অফার! সহজ প্রশ্নের উত্তর দিয়ে জিতে নিন <NUMBER> , <PHONE> টাকার আকর্ষণীয় স্মার্টফোন Samsung Galaxy M33 5G মাত্র <MONEY> /দিন/প্রশ্ন, ডায়াল * <NUMBER> * <NUMBER> #|"
spam,1,মজার এবং হাসির SMS জোকস পেতে ডায়াল করুন *213*4493#|,মজার এবং হাসির SMS জোকস পেতে ডায়াল করুন * <NUMBER> * <NUMBER> #|
spam,1,"স্মার্টফোন জেতার দুর্দান্ত অফার! সহজ প্রশ্নের উত্তর দিয়ে জিতে নিন ৩০,৯৯৯ টাকার আকর্ষণীয় স্মার্টফোন Samsung Galaxy M33 5G |","স্মার্টফোন জেতার দুর্দান্ত অফার! সহজ প্রশ্নের উত্তর দিয়ে জিতে নিন <NUMBER> , <PHONE> টাকার আকর্ষণীয় স্মার্টফোন Samsung Galaxy M33 5G |"
spam,1,মাইজিপি রেফার করে ৫১২এমবি ফ্রি ইন্টারনেট জিততে https://mygp.li/r2|,মাইজিপি রেফার করে ৫১২এমবি ফ্রি ইন্টারনেট জিততে <URL>
spam,1,খণ্ডকালীন জব৷বেতন 1500 BDT/দিন৷ঘরে বসে কাজ :wa.me/8801768702573|,খণ্ডকালীন জব৷বেতন <MONEY> /দিন৷ঘরে বসে কাজ : <URL>
spam,1,"ঘরে বসে রোজার বাজার
ডিস্কাউন্টকোড:RD2
গিফটকোড:6W
T&C
chdl.co/tt8tj8-7|",ঘরে বসে রোজার বাজার ডিস্কাউন্টকোড:RD2 গিফটকোড:6W T&C <URL>
spam,1,পরপর দুটি জমজমাট ম্যাচ কি মিস করছেন? Binge-এর সাথে PSL-এ দেখুন Peshawar vs. Lahore দুপুর ৩টা আর Islamabad vs. Multan এর ম্যাচ রাত ৮টায় Sony Sports 5 HD-তে। ক্লিক- cutt.ly/T8UrmSh|,পরপর দুটি জমজমাট ম্যাচ কি মিস করছেন? Binge-এর সাথে PSL-এ দেখুন Peshawar vs. Lahore দুপুর ৩টা আর Islamabad vs. Multan এর ম্যাচ রাত ৮টায় Sony Sports <NUMBER> HD-তে। ক্লিক- <URL>
spam,1,ফ্রি ২০০এমবি ইন্টারনেট নিতে আজই মাইজিপি অ্যাপে আসুন। ক্লিক: mygp.li/f1|,ফ্রি ২০০এমবি ইন্টারনেট নিতে আজই মাইজিপি অ্যাপে আসুন। ক্লিক: mygp.li/f1|
spam,1,"ঘরে বসে রোজার বাজার
ডিস্কাউন্টকোড:RD2
গিফটকোড:6W
T&C
chdl.co/z5e57e66|",ঘরে বসে রোজার বাজার ডিস্কাউন্টকোড:RD2 গিফটকোড:6W T&C <URL>
spam,1,"লুফে নিন পিওরইট RO ২৫০০৳ ছাড়ে, রেফারেই উপহার! বিস্তারিত/অপ্টআউট ১৬৬২৭*|","লুফে নিন পিওরইট RO <MONEY> ছাড়ে, রেফারেই উপহার! বিস্তারিত/অপ্টআউট <PHONE> *|"
spam,1,"ইনশআল্লাহ A+ নিশ্চয়তায় ভর্তি চলছে
01760192958
bit.ly/3kh9CGC|",ইনশআল্লাহ A+ নিশ্চয়তায় ভর্তি চলছে <PHONE> <URL>
spam,1,"মীনা বাজারে
তীর তেল ৮৮৫
প্রিঃগরুর মাংস ৭৩৯
ব্রয়ঃমুরগি(চাঃছাঃ)৪১৭
প্রিঃনাজিরশাইল ৭৩
প্রিঃচিনিগুঁড়া ১২০
খেজুর ৩৭০*
ছোলা ৮৫
বুট বেসন ১২০
পেঁয়াজ ৪৮*
বেগুন ৬৮*
লবণ ৩৭*
তরমুজ ২৭৫*
বিস্তারিতঃ t.ly/3RDj
০১৯৩৩১১৭৭৫৫
*শ/প্র-চট্টগ্রাম-২৫মার্চ.পর্যন্ত|",মীনা বাজারে তীর তেল <NUMBER> প্রিঃগরুর মাংস <NUMBER> ব্রয়ঃমুরগি(চাঃছাঃ) <NUMBER> প্রিঃনাজিরশাইল <NUMBER> প্রিঃচিনিগুঁড়া <NUMBER> খেজুর <NUMBER> * ছোলা <NUMBER> বুট বেসন <NUMBER> পেঁয়াজ <NUMBER> * বেগুন <NUMBER> * লবণ <NUMBER> * তরমুজ <NUMBER> * বিস্তারিতঃ <URL> <PHONE> *শ/প্র-চট্টগ্রাম-২৫মার্চ.পর্যন্ত|
spam,1,৫০০০+ রেস্টুরেন্টে ফ্রি ডেলিভারি সাথে ডিলস এবং ডিসকাউন্ট তো থাকছেই। tinyurl.com/3md3wecd|,<NUMBER> + রেস্টুরেন্টে ফ্রি ডেলিভারি সাথে ডিলস এবং ডিসকাউন্ট তো থাকছেই। <URL>
spam,1,"আজই শেষ দিন ! ১৩০টাকায় ১৫০মিনিট(৩০দিন) সাথে বোনাস,নিতে*১২১*৫২০৫# https://mygp.li/a0|","আজই শেষ দিন ! <MONEY> য় ১৫০মিনিট(৩০দিন) সাথে বোনাস,নিতে* <NUMBER> * <NUMBER> # <URL>"
spam,1,"আজ রিচার্জে
২৯৭Tk-১৫GB+৩০০মি ৩০D/*123*297*1#
৯৮TK-৭GB+৬০মি ৭D/*123*098*1#
৬৮TK-৬GB ৩D/*123*068*1#
 বিকাশ/নগদ/উপায়/রকেটেও পাবেন|",আজ রিচার্জে <MONEY> -১৫GB+৩০০মি ৩০D/* <NUMBER> * <NUMBER> * <NUMBER> # <MONEY> -৭GB+৬০মি ৭D/* <NUMBER> * <NUMBER> * <NUMBER> # <MONEY> -৬GB ৩D/* <NUMBER> * <NUMBER> * <NUMBER> # বিকাশ/নগদ/উপায়/রকেটেও পাবেন|
spam,1,রমজান অফার! অ্যাপে ৳৫৯৮-৫০GB+ফ্রি Noor সাবস্ক্রিপশন(৩০দিন) cutt.ly/inr|,রমজান অফার! অ্যাপে <MONEY> -৫০GB+ফ্রি Noor সাবস্ক্রিপশন(৩০দিন) <URL>
spam,1,"DINNER45 দিচ্ছে ৪৫ টাকা ছাড় ১৯৯ টাকায়।		
DINNER105 দিচ্ছে ১০৫ টাকা পর্যন্ত ছাড় ২৯৯ টাকায়।		
অর্ডার করুন এখনিঃ tinyurl.com/3md3wecd		|",DINNER45 দিচ্ছে <MONEY> ছাড় <MONEY> য়। DINNER105 দিচ্ছে <MONEY> পর্যন্ত ছাড় <MONEY> য়। অর্ডার করুন এখনিঃ <URL> |
spam,1,আড়ংয়ের ঈদ কালেকশন এখন সকল আউটলেট এবং aarong.com এ। cutt.ly/E8S4qZv|,আড়ংয়ের ঈদ কালেকশন এখন সকল আউটলেট এবং <URL> এ। <URL>
spam,1,লম্বা ছুটিতে ঘুরতে যাওয়ার টিকেট কাটতে ক্লিক: bdtickets.com কল ১৬৪৬০|,লম্বা ছুটিতে ঘুরতে যাওয়ার টিকেট কাটতে ক্লিক: <URL> কল <PHONE> |
spam,1,"স্বদেশপল্লীর আকর্ষণীয় ঈদ-উল-ফিতর কালেকশন, এখন পাওয়া যাচ্ছে আপনার নিকটস্থ আউটলেটে! বিস্তারিত: https://cutt.ly/i8ZZmNI|","স্বদেশপল্লীর আকর্ষণীয় ঈদ-উল-ফিতর কালেকশন, এখন পাওয়া যাচ্ছে আপনার নিকটস্থ আউটলেটে! বিস্তারিত: <URL>"
ham,0,গ্রামীণফোনের সিস্টেম উন্নয়নমূলক কাজ সফলভাবে সম্পন্ন হয়েছে। বর্তমানে রিচার্জ বা বিল পেমেন্ট সহ আমাদের সকল সার্ভিস আগের মতো চালু রয়েছে। গ্রামীণফোনের সাথে থাকার জন্য ধন্যবাদ।|,গ্রামীণফোনের সিস্টেম উন্নয়নমূলক কাজ সফলভাবে সম্পন্ন হয়েছে। বর্তমানে রিচার্জ বা বিল পেমেন্ট সহ আমাদের সকল সার্ভিস আগের মতো চালু রয়েছে। গ্রামীণফোনের সাথে থাকার জন্য ধন্যবাদ।|
ham,0,আমি ১০ তারিখ সকালে রওনা দিব।শান্তিনগরে ইস্টার্ন প্লাস একটা মার্কেট আছে যে?!ওটার উপরে উত্তরা ব্যাংকের ট্রেনিং ইন্সটিটিউট।ওখানে ট্রেনিং।মতিঝিল থেকে কাছে।|,আমি <NUMBER> তারিখ সকালে রওনা দিব।শান্তিনগরে ইস্টার্ন প্লাস একটা মার্কেট আছে যে?!ওটার উপরে উত্তরা ব্যাংকের ট্রেনিং ইন্সটিটিউট।ওখানে ট্রেনিং।মতিঝিল থেকে কাছে।|
ham,0,কোভিড-১৯ ভ্যাকসিন নিবন্ধন|,কোভিড- <NUMBER> ভ্যাকসিন নিবন্ধন|
ham,0,"প্রিয় গ্রাহক, আপনার নম্বরে ৮৫০.০ টাকা লোকাল বিল প্রদান করা হয়েছে |ধন্যবাদ ||","প্রিয় গ্রাহক, আপনার নম্বরে <MONEY> লোকাল বিল প্রদান করা হয়েছে |ধন্যবাদ ||"
ham,0,তোরা সবগুলা আমার জন্য দোয়া কর।যাতে আমার বিয়েটা হয়।যেই ফাড়া লাগসে আমার।|,তোরা সবগুলা আমার জন্য দোয়া কর।যাতে আমার বিয়েটা হয়।যেই ফাড়া লাগসে আমার।|
ham,0,"স্যার [CK21252], আপনার সংযোগটির মেয়াদ শেষ হতে যাচ্ছে 2023-02-27 তারিখে। অনুগ্রহ করে বিল পরিশোধ করুন । বিকাশ: 01782 66 33 77|","স্যার [CK21252], আপনার সংযোগটির মেয়াদ শেষ হতে যাচ্ছে <NUMBER> - <NUMBER> - <NUMBER> তারিখে। অনুগ্রহ করে বিল পরিশোধ করুন । বিকাশ: <PHONE> |"
ham,0,ল্যাপটপে রাখছিলাম কিনা মনে নাই।কিন্তু ল্যাপটপ তো বাসায়|,ল্যাপটপে রাখছিলাম কিনা মনে নাই।কিন্তু ল্যাপটপ তো বাসায়|
ham,0,"স্যার, গ্রাহক আইডি CK21252 তে 1000.00 টাকা বিল প্রদানটি সফল হয়েছে। ধন্যবাদ|","স্যার, গ্রাহক আইডি CK21252 তে <MONEY> বিল প্রদানটি সফল হয়েছে। ধন্যবাদ|"
ham,0,আল্লাহ বড় বাচা বাচাইছে তোকে।এটা ভেবে শুকরিয়া কর ❤️|,আল্লাহ বড় বাচা বাচাইছে তোকে।এটা ভেবে শুকরিয়া কর ❤️|
ham,0,"প্রিয় গ্রাহক,03-MAR-2023 পর্যন্ত আপনার লোকাল বিল -1134.50 টাকা এবং রোমিং বিল 0 টাকা। অনুগ্রহ করে এর মধ্যে সমুদয় বকেয়া বিল পরিশোধ করে গ্রামীণফোনের সাথে থাকুন। অনলাইনে পেমেন্টে করতে ব্রাউজ করুন mygp.li/ib|","প্রিয় গ্রাহক, <NUMBER> -MAR- <NUMBER> পর্যন্ত আপনার লোকাল বিল - <MONEY> এবং রোমিং বিল <MONEY> । অনুগ্রহ করে এর মধ্যে সমুদয় বকেয়া বিল পরিশোধ করে গ্রামীণফোনের সাথে থাকুন। অনলাইনে পেমেন্টে করতে ব্রাউজ করুন mygp.li/ib|"
ham,0,সায়মার লাইফে এখন বস্তায় বস্তায় কংগ্রাচুলেশনস 😅😅😅|,সায়মার লাইফে এখন বস্তায় বস্তায় কংগ্রাচুলেশনস 😅😅😅|
ham,0,"ট্যুর, কম্পিউটার ক্লাব সব ঝামেলায় পড়া হয় নি।আমাদের পরীক্ষাটা কাল না দিয়ে পরশু দিতে চাচ্ছি। আগামীকাল group স্টাডি করে এবং আপনার কাছ থেকে বিষয়টা ক্লিয়ার করে নিবো। আশাকরি,বিষয়টা দেখবেন।বিষয়গুলো ক্লািয়ার না করলে,পরীক্ষায় তেমন কিছু পারবো না।পরশু নিয়েন মেম, প্লিজ।|","ট্যুর, কম্পিউটার ক্লাব সব ঝামেলায় পড়া হয় নি।আমাদের পরীক্ষাটা কাল না দিয়ে পরশু দিতে চাচ্ছি। আগামীকাল group স্টাডি করে এবং আপনার কাছ থেকে বিষয়টা ক্লিয়ার করে নিবো। আশাকরি,বিষয়টা দেখবেন।বিষয়গুলো ক্লািয়ার না করলে,পরীক্ষায় তেমন কিছু পারবো না।পরশু নিয়েন মেম, প্লিজ।|"
ham,0,ম্যাম পরিক্ষা না নিতে বলসে রাহাতে সেটার উত্তর বলসে। কালকে পরিক্ষা নিবে না এটা বলে দিসে অলরেডি|,ম্যাম পরিক্ষা না নিতে বলসে রাহাতে সেটার উত্তর বলসে। কালকে পরিক্ষা নিবে না এটা বলে দিসে অলরেডি|
ham,0,তুই কী সিওর আগামীকাল এক্সাম না?|,তুই কী সিওর আগামীকাল এক্সাম না?|
ham,0,ডিপার্টমেন্ট থেকে কোনো ফিক্সড করা এসাইনমেন্টের জন্য কভার পেইজ আছে?নাকি নিজ থেকে বানাতে হবে?|,ডিপার্টমেন্ট থেকে কোনো ফিক্সড করা এসাইনমেন্টের জন্য কভার পেইজ আছে?নাকি নিজ থেকে বানাতে হবে?|
ham,0,কেউ একটু বলো এখানে ৫ নাম্বারে ১ এর পরিপূরক কোনটারে করতাম?|,কেউ একটু বলো এখানে <NUMBER> নাম্বারে <NUMBER> এর পরিপূরক কোনটারে করতাম?|
ham,0,Lecture 1 এবং Lecture 2 তে আমার কিছু বিষয় এখনো ক্লিয়ার নাই।|,Lecture <NUMBER> এবং Lecture <NUMBER> তে আমার কিছু বিষয় এখনো ক্লিয়ার নাই।|
ham,0,55 ব্যাচ এর সবাই 55 লিখা পিডিএফ টা ডাউনলোড করে ওইখানে ডান পাশে লিংকে যাবা.. প্রত্যেক টা কোর্সের জন্য আলাদা আলাদা ফরম আছে.. সবগুলো পুরণ করতে হবে...আর 44 ব্যাচের যারা আপনারা 44 লিখা পিডিএফ এ যাবেন আর সবগুলো লিংকে ঢুকে ফরমগুলো ফিল করবেন|,<NUMBER> ব্যাচ এর সবাই <NUMBER> লিখা পিডিএফ টা ডাউনলোড করে ওইখানে ডান পাশে লিংকে যাবা.. প্রত্যেক টা কোর্সের জন্য আলাদা আলাদা ফরম আছে.. সবগুলো পুরণ করতে হবে...আর <NUMBER> ব্যাচের যারা আপনারা <NUMBER> লিখা পিডিএফ এ যাবেন আর সবগুলো লিংকে ঢুকে ফরমগুলো ফিল করবেন|
ham,0,"হ্যালু,ম্যাম আসসালামুয়ালাইকুম।|","হ্যালু,ম্যাম আসসালামুয়ালাইকুম।|"
ham,0,তোমাদের কম্পিউটার ফান্ডামেন্টাল এক্সাম কখন হবে?|,তোমাদের কম্পিউটার ফান্ডামেন্টাল এক্সাম কখন হবে?|
ham,0,"আসসালামুয়ালাইকুম ম্যাম, ম্যাথ গুলো এখন ও ভালো করে প্রিপারেশন নিতে পারি নাই ।|","আসসালামুয়ালাইকুম ম্যাম, ম্যাথ গুলো এখন ও ভালো করে প্রিপারেশন নিতে পারি নাই ।|"
spam,1,আসসালামু আলাইকুম আমার ছেলেটা খুবই অসুস্থ ওর চিকিৎসার জন্য সবাই সহায়তা করুন প্লিজ 🙏|,আসসালামু আলাইকুম আমার ছেলেটা খুবই অসুস্থ ওর চিকিৎসার জন্য সবাই সহায়তা করুন প্লিজ 🙏|
spam,1,ক্লিক করুনঃ onelink.to/j7rwyf বিস্তারিত জানতে কল করুনঃ ১৬৪৬০ *শর্ত প্রযোজ্য|,ক্লিক করুনঃ onelink.to/j7rwyf বিস্তারিত জানতে কল করুনঃ <PHONE> *শর্ত প্রযোজ্য|
ham,0,আফমির দোকানদারেরা অনেক ভালো|,আফমির দোকানদারেরা অনেক ভালো|
ham,0,"প্রিয় গ্রাহক, NPSB সিস্টেমে জরুরি কার্যক্রম পরিচালনার জন্য ইবিএলের সকল কার্ড সম্পর্কিত সেবা ০৬ জুলাই ২০২৩, রাত ১১:৫৯ টা থেকে ০৭ জুলাই ২০২৩, সকাল ৬:০০ টা পর্যন্ত বন্ধ থাকবে। সাময়িক এই অসুবিধার জন্য আমরা আন্তরিকভাবে দুঃখিত।|","প্রিয় গ্রাহক, NPSB সিস্টেমে জরুরি কার্যক্রম পরিচালনার জন্য ইবিএলের সকল কার্ড সম্পর্কিত সেবা <NUMBER> জুলাই <NUMBER> , রাত <NUMBER> : <NUMBER> টা থেকে <NUMBER> জুলাই <NUMBER> , সকাল <NUMBER> : <NUMBER> টা পর্যন্ত বন্ধ থাকবে। সাময়িক এই অসুবিধার জন্য আমরা আন্তরিকভাবে দুঃখিত।|"
ham,0,"সেহরি ও ইফতারে নিরাপদ ও সুষম খাবার গ্রহণ করুন। অস্বাস্থ্যকর ও অতিরিক্ত ভাজা-পোড়া খাবার পরিহার করুন। বাংলাদেশ নিরাপদ খাদ্য কর্তৃপক্ষ, খাদ্য মন্ত্রণালয়।|","সেহরি ও ইফতারে নিরাপদ ও সুষম খাবার গ্রহণ করুন। অস্বাস্থ্যকর ও অতিরিক্ত ভাজা-পোড়া খাবার পরিহার করুন। বাংলাদেশ নিরাপদ খাদ্য কর্তৃপক্ষ, খাদ্য মন্ত্রণালয়।|"
ham,0,এভাবে মোবাইল পাব জীবনেও ভাবি নাই। এক মাস আগেও দুইটা মোবাইল হারাইছি|,এভাবে মোবাইল পাব জীবনেও ভাবি নাই। এক মাস আগেও দুইটা মোবাইল হারাইছি|
ham,0,প্রয়োজনীয় মনে হয়নি|,প্রয়োজনীয় মনে হয়নি|
ham,0,"আজকে আমি ভাই যে কাহিনী করছি। আজকে আমি আফমি প্লাজায় গেছি, সাথে ছেলেকেও নিয়ে গেছি। অনেক দোকান ঘুতে টুরে চলে যাব বাসায় তখন দেখি মোবাইল নাই। এবার সব দোকান চেক করে দেখি কোথাও মোবাইল নাই। দেন এক দোকানদার আমাকে আফমি প্লাজার টপ রুফে সেন্ট্রাল সিসি ক্যামেরা কন্ট্রোল রুমে গেছি, সব দোকান চেক করতে। তখন ক্যামেরায় দোকানে দেখা গেছে আমি মোবাইল নিয়ে Savee's by Tony দোকানে গেছি, বাট খালি হাতে আসছি। এরপর ওই দোকানে গেলাম ওরা সিসি ক্যামেরা দেখার জন্য রেডি, তখন আমি ওদের বললাম যে আমি যেখানে মিরর এর সামনে ড্রেস দেখতে ছিলাম সেখানে দেখতে চাইলাম, ওরা দেখতে দিলো। এরপর মোবাইল টা ভাই কাপড়ের সেল্ফ এর কয়েকটা কাপড়ের নিচে থেকে বের হইছে। মোবাইল টাও বন্ধ হয়ে গেছিলো।|","আজকে আমি ভাই যে কাহিনী করছি। আজকে আমি আফমি প্লাজায় গেছি, সাথে ছেলেকেও নিয়ে গেছি। অনেক দোকান ঘুতে টুরে চলে যাব বাসায় তখন দেখি মোবাইল নাই। এবার সব দোকান চেক করে দেখি কোথাও মোবাইল নাই। দেন এক দোকানদার আমাকে আফমি প্লাজার টপ রুফে সেন্ট্রাল সিসি ক্যামেরা কন্ট্রোল রুমে গেছি, সব দোকান চেক করতে। তখন ক্যামেরায় দোকানে দেখা গেছে আমি মোবাইল নিয়ে Savee's by Tony দোকানে গেছি, বাট খালি হাতে আসছি। এরপর ওই দোকানে গেলাম ওরা সিসি ক্যামেরা দেখার জন্য রেডি, তখন আমি ওদের বললাম যে আমি যেখানে মিরর এর সামনে ড্রেস দেখতে ছিলাম সেখানে দেখতে চাইলাম, ওরা দেখতে দিলো। এরপর মোবাইল টা ভাই কাপড়ের সেল্ফ এর কয়েকটা কাপড়ের নিচে থেকে বের হইছে। মোবাইল টাও বন্ধ হয়ে গেছিলো।|"
ham,0,নামাজ বেহেশতের চাবিকাঠি। |,নামাজ বেহেশতের চাবিকাঠি। |
ham,0,"কোভিড-১৯ ভ্যাকসিন নিবন্ধনঃ আপনার OTP কোড-651947 , ধন্যবাদ।|","কোভিড- <NUMBER> ভ্যাকসিন নিবন্ধনঃ আপনার OTP কোড- <NUMBER> , ধন্যবাদ।|"
ham,0,আলহামদুলিল্লাহ সব একই আছে।|,আলহামদুলিল্লাহ সব একই আছে।|
ham,0,"কোভিড-১৯ ভ্যাকসিন নিবন্ধনঃ আপনার OTP কোড-004653 , ধন্যবাদ।|","কোভিড- <NUMBER> ভ্যাকসিন নিবন্ধনঃ আপনার OTP কোড- <NUMBER> , ধন্যবাদ।|"
ham,0,তোদের সাথে গত ফ্রাইডে মিট করার পর আমার ফার্স্ট রিয়েলাইজেশন|,তোদের সাথে গত ফ্রাইডে মিট করার পর আমার ফার্স্ট রিয়েলাইজেশন|
ham,0,সবার তো নরমাল ডেলিভারি হয় নাই।সবাইকে কষ্টটা কেমন সেটার এক্সপেরিয়ান্স জানাইলাম আরকি।ইন ফিউচার কাজে দিবে সবার।তুই সওয়াব পাবি।|,সবার তো নরমাল ডেলিভারি হয় নাই।সবাইকে কষ্টটা কেমন সেটার এক্সপেরিয়ান্স জানাইলাম আরকি।ইন ফিউচার কাজে দিবে সবার।তুই সওয়াব পাবি।|
ham,0,"প্রমোশনাল এসমএস না চাইলে *৭# ডায়াল করে চালু করুন ডু নট ডিসটার্ব সেবা, অন্যথায় চালু না করার অনুরোধ করা হলো : বিটিআরসি
|","প্রমোশনাল এসমএস না চাইলে * <NUMBER> # ডায়াল করে চালু করুন ডু নট ডিসটার্ব সেবা, অন্যথায় চালু না করার অনুরোধ করা হলো : বিটিআরসি |"
ham,0,আমি এটাও ভুলে যাই|,আমি এটাও ভুলে যাই|
ham,0,এখন নাহিদা ডাকিস|,এখন নাহিদা ডাকিস|
ham,0,খেলাধুলার সর্বশেষ খবর পেতে ভিজিট করুন http://mysports.com.bd । ট্যাক্সসহ চার্জ ৩.৩৩ টাকা প্রতিদিন।|,খেলাধুলার সর্বশেষ খবর পেতে ভিজিট করুন <URL> । ট্যাক্সসহ চার্জ <MONEY> প্রতিদিন।|
ham,0,আপনার প্রেমিকাকে পটানোর টিপস আমরা প্রোভাইড করবো|,আপনার প্রেমিকাকে পটানোর টিপস আমরা প্রোভাইড করবো|
ham,0,সেরকম পাইনি এখন অব্দি|,সেরকম পাইনি এখন অব্দি|
ham,0,ইবিএল থেকে কার্ডের PIN নম্বর ৪ থেকে ৬ সংখ্যায় উন্নীত/পরিবর্তন সংক্রান্ত ফোন কল করা হয় না। এ ধরনের প্রতারণামূলক ফোন কল থেকে সতর্ক থাকুন।|,ইবিএল থেকে কার্ডের PIN নম্বর <NUMBER> থেকে <NUMBER> সংখ্যায় উন্নীত/পরিবর্তন সংক্রান্ত ফোন কল করা হয় না। এ ধরনের প্রতারণামূলক ফোন কল থেকে সতর্ক থাকুন।|
ham,0,"আপনার ইবিএল ক্রেডিট এবং ডেবিট কার্ডে সর্বনিম্ন ১০০০ টাকা QR ট্রান্সাকশনে উপভোগ করুন ১৫% ক্যাশব্যাক, সর্বোচ্চ ৫০০ টাকা, ৩০ জুন ২০২৩ পর্যন্ত।|","আপনার ইবিএল ক্রেডিট এবং ডেবিট কার্ডে সর্বনিম্ন <MONEY> QR ট্রান্সাকশনে উপভোগ করুন <NUMBER> % ক্যাশব্যাক, সর্বোচ্চ <MONEY> , <NUMBER> জুন <NUMBER> পর্যন্ত।|"
ham,0,এমন ম্যাসেজ কেউ দেয় না💔|,এমন ম্যাসেজ কেউ দেয় না💔|
ham,0,ভাই আমি সিউর ভবিষ্যতে আল্লাহ বাচ্চাকাচ্চা দিলে ডেলিভারির সময় কষ্টে কান্দার জায়গায় কথা মনে করে চিল্লাই উলটা হাসবো মনে হচ্ছে|,ভাই আমি সিউর ভবিষ্যতে আল্লাহ বাচ্চাকাচ্চা দিলে ডেলিভারির সময় কষ্টে কান্দার জায়গায় কথা মনে করে চিল্লাই উলটা হাসবো মনে হচ্ছে|
ham,0,আমিও হাসতেই আছি|,আমিও হাসতেই আছি|
ham,0,এখন থেকে রবিতে আপনার বিশেষ অফারগুলো জানতে ডায়াল করুন *৮৮৮#|,এখন থেকে রবিতে আপনার বিশেষ অফারগুলো জানতে ডায়াল করুন * <NUMBER> #|
ham,0,বোনাস সহ ২৫জিবি-২০০টাকা-৭দিন। নিতে ডায়াল *১২১*৫৪৫৩# বা mygp.li/mo|,বোনাস সহ ২৫জিবি- <MONEY> -৭দিন। নিতে ডায়াল * <NUMBER> * <NUMBER> # বা mygp.li/mo|
ham,0,আমার গাল ব্যথা হয়ে গেছে অলরেডি|,আমার গাল ব্যথা হয়ে গেছে অলরেডি|
ham,0,ইতির এক্সাম্পল শুনে আমি হাসতেই আছি|,ইতির এক্সাম্পল শুনে আমি হাসতেই আছি|
spam,1,কুরবানি মজাদার রেসিপি SMS পেতে ডায়াল করুন *26397*94# চার্জ ৳২.৬৭দৈনিক|,কুরবানি মজাদার রেসিপি SMS পেতে ডায়াল করুন * <NUMBER> * <NUMBER> # চার্জ <MONEY> দৈনিক|
spam,1,এই দায়ভার তোদের।|,এই দায়ভার তোদের।|
spam,1,এন্ড্রয়েড ফোন পেতে এই লিংকে ক্লিক করুন!!|,এন্ড্রয়েড ফোন পেতে এই লিংকে ক্লিক করুন!!|
ham,0,ভাই তোরা বাচ্চাকাচ্চার মা হইছস কেম্নে! ঝাউরা গুলা|,ভাই তোরা বাচ্চাকাচ্চার মা হইছস কেম্নে! ঝাউরা গুলা|
ham,0,আরেকটা বিষয় অনেক ভয়ানক লাগে।সেটা হইল বাচ্চা ডেলিভারির বিষয়টা।আমি শুনসি অনেক কষ্টের।|,আরেকটা বিষয় অনেক ভয়ানক লাগে।সেটা হইল বাচ্চা ডেলিভারির বিষয়টা।আমি শুনসি অনেক কষ্টের।|
spam,1,"আপনার জন্য সুবর্ণ সুযোগ স্মার্টফোন জিতার!! সহজ প্রশ্নের উত্তর দিয়ে জিতে নিন ৩৩,৬০০ টাকার আকর্ষণীয় স্মার্টফোন Oppo F21s Pro 5G মাত্র ৳২.৬৭/দিন/প্রশ্ন, ডায়াল *213*56565#|","আপনার জন্য সুবর্ণ সুযোগ স্মার্টফোন জিতার!! সহজ প্রশ্নের উত্তর দিয়ে জিতে নিন <MONEY> র আকর্ষণীয় স্মার্টফোন Oppo F21s Pro 5G মাত্র <MONEY> /দিন/প্রশ্ন, ডায়াল * <NUMBER> * <NUMBER> #|"
spam,1,চিরসবুজ বাংলা গান শুনুন এখনই StarMaker- রে আর কয়েন রিচার্জ করতে https://bit.ly/3XULpXy|,চিরসবুজ বাংলা গান শুনুন এখনই StarMaker- রে আর কয়েন রিচার্জ করতে <URL>
spam,1,ভালোবাসার টিপস ও রিংটোন সেট|,ভালোবাসার টিপস ও রিংটোন সেট|
spam,1,Pureit|,Pureit|
spam,1,"সুবর্ণ সুযোগ স্মার্টফোন জিতার!! সহজ কিছু প্রশ্নের উত্তর দিয়ে জিতে নিন ৩১,৯৯০ টাকার আকর্ষণীয় স্মার্টফোন Realme 9 Pro, ডায়াল *213*40404#|","সুবর্ণ সুযোগ স্মার্টফোন জিতার!! সহজ কিছু প্রশ্নের উত্তর দিয়ে জিতে নিন <MONEY> র আকর্ষণীয় স্মার্টফোন Realme <NUMBER> Pro, ডায়াল * <NUMBER> * <NUMBER> #|"
spam,1,ঘরের সকল কাজ করে দিবে একদম নিশ্চিন্তে!! সেবা পেতে আজই যোগাযোগ করুন আমাদের সাথে|,ঘরের সকল কাজ করে দিবে একদম নিশ্চিন্তে!! সেবা পেতে আজই যোগাযোগ করুন আমাদের সাথে|
spam,1,ওপেলিয়ার সকল আউটলেটে চলছে ২০% ছাড়!!|,ওপেলিয়ার সকল আউটলেটে চলছে <NUMBER> % ছাড়!!|
spam,1,প্রেমের টিপস পেতে চাইলে এইসব ভুংচুং চাপুন|,প্রেমের টিপস পেতে চাইলে এইসব ভুংচুং চাপুন|
spam,1,আপনার ভালবাসার মানুষ্কে খুজে পেতে ডায়াল করুন |,আপনার ভালবাসার মানুষ্কে খুজে পেতে ডায়াল করুন |
ham,0,"ম্যাম, আমি এক্সাম দিয়েছি। অফিসের শিডিউলটা কমপ্লিট করতে পেরেছিলাম।|","ম্যাম, আমি এক্সাম দিয়েছি। অফিসের শিডিউলটা কমপ্লিট করতে পেরেছিলাম।|"
spam,1,আপনি কী দক্ষ গৃ্হশিক্ষক খুজছেন???|,আপনি কী দক্ষ গৃ্হশিক্ষক খুজছেন???|
ham,0,লাস্ট মোমেন্ট এ এক্সাম দিয়ে দিয়েছি।|,লাস্ট মোমেন্ট এ এক্সাম দিয়ে দিয়েছি।|
ham,0,খে জমা দাও... ওরা সবাই ক্লাস টেস্ট দিয়েছে... লিখেও জমা দিয়েছে...|,খে জমা দাও... ওরা সবাই ক্লাস টেস্ট দিয়েছে... লিখেও জমা দিয়েছে...|
ham,0,তোমরা আমাকে গত কালকে সকালে বললেও হত|,তোমরা আমাকে গত কালকে সকালে বললেও হত|
ham,0,এখন তো আর পসিবল না|,এখন তো আর পসিবল না|
ham,0,"আসসালামুয়ালাইকুম, ম্যাম 
parallel exam টা একটু সময় নিয়ে দিতে পারলে আমরা ভালো রেজাল্ট করতে পরব।|","আসসালামুয়ালাইকুম, ম্যাম parallel exam টা একটু সময় নিয়ে দিতে পারলে আমরা ভালো রেজাল্ট করতে পরব।|"
spam,1,বাংলাদেশ সেনাবাহিনীতে কমিশন অফিসার হিসাবে ৯১তম বিএমএ দীর্ঘমেয়াদী কোর্সে যোগ দিন। ২৪ এপ্রিল ২০২৩ তারিখের মধ্যে অনলাইনে আবেদন করুন বিস্তারিতঃ https://joinbangladesharmy.army.mil.bd|,বাংলাদেশ সেনাবাহিনীতে কমিশন অফিসার হিসাবে ৯১তম বিএমএ দীর্ঘমেয়াদী কোর্সে যোগ দিন। <NUMBER> এপ্রিল <NUMBER> তারিখের মধ্যে অনলাইনে আবেদন করুন বিস্তারিতঃ <URL>
spam,1,“ডায়াবেটিস রোগীগণ ডাক্তারের সাথে পরামর্শ করে রমজানের রোজা রাখুন”।-এনসিডিসি এবং|,“ডায়াবেটিস রোগীগণ ডাক্তারের সাথে পরামর্শ করে রমজানের রোজা রাখুন”।-এনসিডিসি এবং|
spam,1,"৮ এপ্রিল ‘বাংলাদেশ স্কাউটস দিবস’। ‘স্কাউটিং করবো, স্মার্ট বাংলাদেশ গড়বো’ থিমে দ্বিতীয়বারের মতো দেশব্যাপী উদযাপিত হচ্ছে এ দিবস।। সকলকে বাংলাদেশ স্কাউটস দিবসের শুভেচ্ছা|","<NUMBER> এপ্রিল ‘বাংলাদেশ স্কাউটস দিবস’। ‘স্কাউটিং করবো, স্মার্ট বাংলাদেশ গড়বো’ থিমে দ্বিতীয়বারের মতো দেশব্যাপী উদযাপিত হচ্ছে এ দিবস।। সকলকে বাংলাদেশ স্কাউটস দিবসের শুভেচ্ছা|"
spam,1,"“আজ ৭ এপ্রিল বিশ্ব স্বাস্থ্য দিবস। এবারের প্রতিপাদ্য “Health for All” যার বাংলা ভাবানুবাদ করা হয়েছে “সবার জন্য স্বাস্থ্য”।-স্বাস্থ্য সেবা বিভাগ, স্বাস্থ্য ও পরিবার কল্যাণ মন্ত্রণালয়”।|","“আজ <NUMBER> এপ্রিল বিশ্ব স্বাস্থ্য দিবস। এবারের প্রতিপাদ্য “Health for All” যার বাংলা ভাবানুবাদ করা হয়েছে “সবার জন্য স্বাস্থ্য”।-স্বাস্থ্য সেবা বিভাগ, স্বাস্থ্য ও পরিবার কল্যাণ মন্ত্রণালয়”।|"
spam,1,০২ এপ্রিল ২০২৩ তারিখ ১৬তম বিশ্ব অটিজম সচেতনতা দিবস। এবারের প্রতিপাদ্য “রূপান্তরের অভিযাত্রায় সবার জন্য নিউরোবান্ধব অন্তর্ভুক্তিমূলক বিশ্বগঠন”- সমাজ কল্যান মন্ত্রণালয়।|,<NUMBER> এপ্রিল <NUMBER> তারিখ ১৬তম বিশ্ব অটিজম সচেতনতা দিবস। এবারের প্রতিপাদ্য “রূপান্তরের অভিযাত্রায় সবার জন্য নিউরোবান্ধব অন্তর্ভুক্তিমূলক বিশ্বগঠন”- সমাজ কল্যান মন্ত্রণালয়।|
spam,1,"‘‘০৬ এপ্রিল জাতীয় ও আন্তর্জাতিক ক্রীড়া দিবস। এ বছরের প্রতিপাদ্য হলো স্মার্ট বাংলাদেশ, স্মার্ট ক্রীড়াঙ্গন, শেখ হাসিনার দর্শন। যুব ও ক্রীড়া মন্ত্রণালয়।|","‘‘ <NUMBER> এপ্রিল জাতীয় ও আন্তর্জাতিক ক্রীড়া দিবস। এ বছরের প্রতিপাদ্য হলো স্মার্ট বাংলাদেশ, স্মার্ট ক্রীড়াঙ্গন, শেখ হাসিনার দর্শন। যুব ও ক্রীড়া মন্ত্রণালয়।|"
spam,1,"“করলে জাটকা সংরক্ষণ-বাড়বে ইলিশের উৎপাদন“ ০১-০৭ এপ্রিল “জাটকা সংরক্ষণ সপ্তাহ-২০২৩’’ উদ্‌যাপিত হচ্ছে। আসুন, আমরা জাটকা রক্ষা করে ইলিশ উৎপাদন বৃদ্ধি করি-মৎস্য অধিদপ্তর/মপ্রাম’’।|","“করলে জাটকা সংরক্ষণ-বাড়বে ইলিশের উৎপাদন“ <NUMBER> - <NUMBER> এপ্রিল “জাটকা সংরক্ষণ সপ্তাহ- <NUMBER> ’’ উদ্‌যাপিত হচ্ছে। আসুন, আমরা জাটকা রক্ষা করে ইলিশ উৎপাদন বৃদ্ধি করি-মৎস্য অধিদপ্তর/মপ্রাম’’।|"
spam,1,মাননীয় প্রধানমন্ত্রী শেখ হাসিনা ২৯ মার্চ ২০২৩ তারিখ সকাল ১০:৩০ টায় জাতীয় ভূমি সম্মেলন এবং ভূমি মন্ত্রণালয়ের ৭টি উদ্যোগ উদ্বোধন করবেন। ভিজিট করুন: land.gov.bd|,মাননীয় প্রধানমন্ত্রী শেখ হাসিনা <NUMBER> মার্চ <NUMBER> তারিখ সকাল <NUMBER> : <NUMBER> টায় জাতীয় ভূমি সম্মেলন এবং ভূমি মন্ত্রণালয়ের ৭টি উদ্যোগ উদ্বোধন করবেন। ভিজিট করুন: <URL> |
spam,1,‘আপনার সন্তান ও আগামী প্রজন্ম|,‘আপনার সন্তান ও আগামী প্রজন্ম|
spam,1,জ্বালানি সাশ্রয় হোক তার জন্য'।|,জ্বালানি সাশ্রয় হোক তার জন্য'।|
spam,1,"-হাইড্রোকার্বন ইউনিট, জ্বালানি ও খনিজ সম্পদ বিভাগ।|","-হাইড্রোকার্বন ইউনিট, জ্বালানি ও খনিজ সম্পদ বিভাগ।|"
spam,1,“১৭ মার্চ ২০২৩ জাতির পিতা বঙ্গবন্ধু শেখ মুজিবুর রহমান এঁর ১০৩তম জন্মবার্ষিকী ও জাতীয় শিশু দিবসের শুভেচ্ছা-মহিলা ও শিশু বিষয়ক মন্ত্রণালয়”।|,“ <NUMBER> মার্চ <NUMBER> জাতির পিতা বঙ্গবন্ধু শেখ মুজিবুর রহমান এঁর ১০৩তম জন্মবার্ষিকী ও জাতীয় শিশু দিবসের শুভেচ্ছা-মহিলা ও শিশু বিষয়ক মন্ত্রণালয়”।|
spam,1,রঙ বাংলাদেশ ও সাদাকালো-র ভাউচারে ২৫%ছাড়|,রঙ বাংলাদেশ ও সাদাকালো-র ভাউচারে <NUMBER> %ছাড়|
spam,1,"হাই ভোল্টেজ ম্যাচে রিয়াল-ইন্টার,বাফার ফ্রি দেখতে - cutt.ly/YW4f6Wb|","হাই ভোল্টেজ ম্যাচে রিয়াল-ইন্টার,বাফার ফ্রি দেখতে - <URL>"
spam,1,নীতি নাকি ক্যারিয়ার? জানতে দেখুন নিষিদ্ধ ফল Binge-এ! cutt.ly/6W1zgR4|,নীতি নাকি ক্যারিয়ার? জানতে দেখুন নিষিদ্ধ ফল Binge-এ! <URL>
spam,1,দেখুন সাড়া জাগানো থ্রিলার ওয়েব সিরিজ সদরঘাটের টাইগার cutt.ly/mWKUZTx|,দেখুন সাড়া জাগানো থ্রিলার ওয়েব সিরিজ সদরঘাটের টাইগার <URL>
spam,1,*213*2843# ডায়াল করে জানুন সেলস/মার্কেটিং চাকুরীর খবর চার্জ ২.৬৭ টাকা/দিন|,* <NUMBER> * <NUMBER> # ডায়াল করে জানুন সেলস/মার্কেটিং চাকুরীর খবর চার্জ <MONEY> /দিন|
spam,1,ফিফা বিশ্বকাপ উপলক্ষে লুফে নিন সুলতান'স ডাইন অ্যাপসে ১৫% ডিসকাউন্ট যেকোনো অর্ডারে সর্বোচ্চ ৫২৫ টাকা !!|,ফিফা বিশ্বকাপ উপলক্ষে লুফে নিন সুলতান'স ডাইন অ্যাপসে <NUMBER> % ডিসকাউন্ট যেকোনো অর্ডারে সর্বোচ্চ <MONEY> !!|
spam,1,"দারাজ ইদ সেলে লুফে নিন ২০% পর্যন্ত ক্যাশব্যাক নগদ/বিকাশে, সাথে আছে মেগা ডিলস, হট ডিলস, মিস্ট্রি বক্স > https://click.daraz.com.bd/e/_CY9njh|","দারাজ ইদ সেলে লুফে নিন <NUMBER> % পর্যন্ত ক্যাশব্যাক নগদ/বিকাশে, সাথে আছে মেগা ডিলস, হট ডিলস, মিস্ট্রি বক্স > <URL>"
spam,1,"FastExGo নতুন শপে স্বাগতম,|","FastExGo নতুন শপে স্বাগতম,|"
spam,1,সোফা কাভার সহ ঘর সাজানো সকল পন্যের উপর থাকছে বিশাল মূল্য ছাড় !!!|,সোফা কাভার সহ ঘর সাজানো সকল পন্যের উপর থাকছে বিশাল মূল্য ছাড় !!!|
spam,1,"সেন্ট্রাল প্লাজা,Ctg.Call: 01329658739|","সেন্ট্রাল প্লাজা,Ctg.Call: <PHONE> |"
spam,1,আপনার ঈদ কেনাকাটা হোক নিশ্চিত ও নিরাপদ! Essentials ও Ophelia এর ঈদ কালেকশন এখন সকল শো-রুমে ও essentialsshop.com.bd তে Call:01797527238|,আপনার ঈদ কেনাকাটা হোক নিশ্চিত ও নিরাপদ! Essentials ও Ophelia এর ঈদ কালেকশন এখন সকল শো-রুমে ও <URL> তে Call: <PHONE> |
spam,1,রবি অ্যাপে ১৫০টাকা পর্যন্ত মেগা ক্যাশব্যাক। কিনতে ক্লিক cutt.ly/rco|,রবি অ্যাপে <MONEY> পর্যন্ত মেগা ক্যাশব্যাক। কিনতে ক্লিক <URL>
spam,1,মনা খারাপ!! পছন্দের গান খুজে পেতে ডায়াল করুন|,মনা খারাপ!! পছন্দের গান খুজে পেতে ডায়াল করুন|
spam,1,"IDP's Biggest Education Roadshow in Chattogram today! মিট করুন ৪৫ টিরও বেশি বিশ্ববিদ্যালয়ের (Australia, Canada, UK & USA) সাথে at Radisson Blu Chattogram Bay View আজ সকাল ১১টা থেকে সন্ধ্যা ৬টা পর্যন্ত। Sign up: http://ow.ly/2BAY50N8JCL বা কল করুন 01970082082_IDP Education|","IDP's Biggest Education Roadshow in Chattogram today! মিট করুন <NUMBER> টিরও বেশি বিশ্ববিদ্যালয়ের (Australia, Canada, UK & USA) সাথে at Radisson Blu Chattogram Bay View আজ সকাল ১১টা থেকে সন্ধ্যা ৬টা পর্যন্ত। Sign up: <URL> বা কল করুন 01970082082_IDP Education|"
spam,1,"হ্যালো .,কানাডিয়ান ইউনিভার্সিটি তে আপনার ভর্তি বিষয়ে আমার সাথে আজ কে অ্যাপয়েন্টমেন্ট আছে৷ঠিকানাঃ Wasa Circle (Beside SH Khan petrol pump), Chattogram.কোন প্রশ্ন থাকলে নক করুন, https://rrj.nu/2W5Oty1Eশারমিন, GIC Education.|","হ্যালো .,কানাডিয়ান ইউনিভার্সিটি তে আপনার ভর্তি বিষয়ে আমার সাথে আজ কে অ্যাপয়েন্টমেন্ট আছে৷ঠিকানাঃ Wasa Circle (Beside SH Khan petrol pump), Chattogram.কোন প্রশ্ন থাকলে নক করুন, <URL> GIC Education.|"
spam,1,"প্রিয় ., 
মিঃ তাহমিদুল ৩০০০০CAD স্কলারশিপসহ কানাডার Lakehead University তে ভর্তি হয়েছে৷
https://rrj.nu/VucpYxnb 

আপনিও স্কলারশিপসহ ভর্তি হতে চাইলে আগামিকাল 3pm-5pm এর মধ্যে আমাদের অফিসে আসতে ভুলবেন না৷ 

ঠিকানাঃ Wasa Circle (Beside SH Khan petrol pump), Chattogram.
GIC Education. |","প্রিয় ., মিঃ তাহমিদুল ৩০০০০CAD স্কলারশিপসহ কানাডার Lakehead University তে ভর্তি হয়েছে৷ <URL> আপনিও স্কলারশিপসহ ভর্তি হতে চাইলে আগামিকাল 3pm-5pm এর মধ্যে আমাদের অফিসে আসতে ভুলবেন না৷ ঠিকানাঃ Wasa Circle (Beside SH Khan petrol pump), Chattogram. GIC Education. |"
spam,1,"অভিনন্দন .!
আপনার প্রোফাইলটি কানাডিয়ান ইউনিভার্সিটিতে ভর্তির জন্য প্রি-সিলেক্টেড হয়েছে৷ 

মিঃ রাফির মতো আপনিও পেতে পারেন ৪০০০০ CAD পর্যন্ত স্কলারশিপসহ কানাডিয়ান ইউনিভার্সিটি ভর্তি হবার সুযোগ৷ 
https://rrj.nu/kFGj26Cd 
পরবর্তী প্রসেস শুরু করতে আমাদের সাথে দেখা করুন ১০ জানুয়ারী, 3pm-5pm এর মধ্যে৷ 

ঠিকানাঃ Wasa Circle (Beside SH Khan petrol pump), Chattogram.
GIC Education. |","অভিনন্দন .! আপনার প্রোফাইলটি কানাডিয়ান ইউনিভার্সিটিতে ভর্তির জন্য প্রি-সিলেক্টেড হয়েছে৷ মিঃ রাফির মতো আপনিও পেতে পারেন <NUMBER> CAD পর্যন্ত স্কলারশিপসহ কানাডিয়ান ইউনিভার্সিটি ভর্তি হবার সুযোগ৷ <URL> পরবর্তী প্রসেস শুরু করতে আমাদের সাথে দেখা করুন <NUMBER> জানুয়ারী, 3pm-5pm এর মধ্যে৷ ঠিকানাঃ Wasa Circle (Beside SH Khan petrol pump), Chattogram. GIC Education. |"
spam,1,"তুরষ্কের বিখ্যাত Aygaz LPG এখন আপনার এলাকায়।
অর্ডার করুন- 09612090909
StopAd? SMS BVZI to 21242|",তুরষ্কের বিখ্যাত Aygaz LPG এখন আপনার এলাকায়। অর্ডার করুন- <NUMBER> StopAd? SMS BVZI to <NUMBER> |
spam,1,"উপহার 2500 টাকা পেয়েছেন, চেক 213*26544#|","উপহার <MONEY> পেয়েছেন, চেক <NUMBER> * <NUMBER> #|"
ham,0,"প্রমোশনাল এসমএস না চাইলে *৭# ডায়াল করে চালু করুন ডু নট ডিসটার্ব সেবা, অন্যথায় চালু না করার অনুরোধ করা হলো : বিটিআরসি|","প্রমোশনাল এসমএস না চাইলে * <NUMBER> # ডায়াল করে চালু করুন ডু নট ডিসটার্ব সেবা, অন্যথায় চালু না করার অনুরোধ করা হলো : বিটিআরসি|"
spam,1,"৩৬%পর্যন্ত ছাড়ে বাবুর ডায়াপার
নগদ-এ৳৭৫ক্যাশব্যাক
T&C
chdl.co/nYSDqvCC|",<NUMBER> %পর্যন্ত ছাড়ে বাবুর ডায়াপার নগদ-এ <MONEY> ক্যাশব্যাক T&C <URL>
spam,1,"মূল্যছাড়ে
শাক-সবজি
মাছ-মাংস
চাল-ডাল
ডিম-তেল
স্ন্যাকস
chdl.co/nY3qqtgf|",মূল্যছাড়ে শাক-সবজি মাছ-মাংস চাল-ডাল ডিম-তেল স্ন্যাকস <URL>
spam,1,"আসসালামু আলাইকুম।

চট্রগ্রামে আননিসা গ্যালারির ২য় শোরুম উদ্বোধন উপলক্ষে আকর্ষণীয় ছাড় এবং উপহার পেতে চলে আসুন আমাদের আউটলেট এ।

গ্র্যান্ড ওপেনিং: ১৭/১২/২০২২। সকালঃ ১১টা। সপ: A2 , লেভেল: 3, বালি আর্কেড, চকবাজার, চট্রগ্রাম।
Helpline: 01630536530
www.annisagallerybd.com|","আসসালামু আলাইকুম। চট্রগ্রামে আননিসা গ্যালারির ২য় শোরুম উদ্বোধন উপলক্ষে আকর্ষণীয় ছাড় এবং উপহার পেতে চলে আসুন আমাদের আউটলেট এ। গ্র্যান্ড ওপেনিং: <NUMBER> / <NUMBER> / <NUMBER> । সকালঃ ১১টা। সপ: A2 , লেভেল: <NUMBER> , বালি আর্কেড, চকবাজার, চট্রগ্রাম। Helpline: <PHONE> <URL>"
spam,1,আপনার BondhuShondan IVR_Daily সার্ভিসটির সাবস্ক্রিপশন সম্পন্ন করতে দয়া করে এই 123 টি এসএমএস এ পাঠান।|,আপনার BondhuShondan IVR_Daily সার্ভিসটির সাবস্ক্রিপশন সম্পন্ন করতে দয়া করে এই <NUMBER> টি এসএমএস এ পাঠান।|
spam,1,"[Pathao] বেশি অডার গরি জিতি লন কক্সবাজার ট্রিপ!
তাহলে আর দেরি কিসের? পাঠাও ফুড-এ মি লাইকি রেস্টুরেন্ট চকবাজার ব্রাঞ্চ থেকে বেশি বেশি অর্ডার করে জিতে নিন কক্সবাজার ট্রিপ! 
এখনই অর্ডার করুন: https://cutt.ly/J1xS6vD *শর্ত প্রযোজ্য|",[Pathao] বেশি অডার গরি জিতি লন কক্সবাজার ট্রিপ! তাহলে আর দেরি কিসের? পাঠাও ফুড-এ মি লাইকি রেস্টুরেন্ট চকবাজার ব্রাঞ্চ থেকে বেশি বেশি অর্ডার করে জিতে নিন কক্সবাজার ট্রিপ! এখনই অর্ডার করুন: <URL> *শর্ত প্রযোজ্য|
spam,1,"৳৯৯ ডিম আজই শেষদিন
তেল ৳৯৫৯
Y25 কোডে ৳২৫ মূল্যের গিফট
Chaldal.com/FREE|",<MONEY> ডিম আজই শেষদিন তেল <MONEY> Y25 কোডে <MONEY> মূল্যের গিফট <URL>
spam,1,"৩ জিবি ৯৮ টাকা, মেয়াদ ৩০ দিন। শুধুমাত্র মাইটেলিটক অ্যাপে।|","<NUMBER> জিবি <MONEY> , মেয়াদ <NUMBER> দিন। শুধুমাত্র মাইটেলিটক অ্যাপে।|"
spam,1,এই ইদে ইবিএল কার্ডে উপভোগ করুন আকর্ষণীয় ট্র্যাভেল ও টুরিজম অফার! বিস্তারিত: https://ebl.com.bd/Eid-Offers-2023#travel শর্ত প্রযোজ্য|,এই ইদে ইবিএল কার্ডে উপভোগ করুন আকর্ষণীয় ট্র্যাভেল ও টুরিজম অফার! বিস্তারিত: <URL> শর্ত প্রযোজ্য|
spam,1,"কোরবানির জন্য পছন্দের পশুটি কিনুন নির্বিঘ্নে, আপনার ইবিএল কার্ড দিয়ে! বিস্তারিত জানতে ভিজিট করুন: https://ebl.com.bd/Eid-Offers-2023#cattle শর্ত প্রযোজ্য।|","কোরবানির জন্য পছন্দের পশুটি কিনুন নির্বিঘ্নে, আপনার ইবিএল কার্ড দিয়ে! বিস্তারিত জানতে ভিজিট করুন: <URL> শর্ত প্রযোজ্য।|"
ham,0,"প্রিয় আপু আসসালামু আলাইকুম। আগামী ২৩/১২/২০২২ কসবাউবি প্রথম রিইউনিয়ন অনুষ্ঠানে আপনাকে স্বাগতম। অনুষ্ঠানে যোগদানের জন্য আমাদের পাঠানো এই এসএমএস টি অবশ্যই সঙ্গে করে নিয়ে আসবেন। 
বিঃদ্রঃ- কোন বাচ্চা ও অতিথি গ্রহণযোগ্য নয়।
ধন্যবাদ।|",প্রিয় আপু আসসালামু আলাইকুম। আগামী <NUMBER> / <NUMBER> / <NUMBER> কসবাউবি প্রথম রিইউনিয়ন অনুষ্ঠানে আপনাকে স্বাগতম। অনুষ্ঠানে যোগদানের জন্য আমাদের পাঠানো এই এসএমএস টি অবশ্যই সঙ্গে করে নিয়ে আসবেন। বিঃদ্রঃ- কোন বাচ্চা ও অতিথি গ্রহণযোগ্য নয়। ধন্যবাদ।|
ham,0,ইন শা আল্লাহ|,ইন শা আল্লাহ|
ham,0,মন খারাপ করিস না.... আমাদের সবার একসাথে আসবে ইনশাআল্লাহ|,মন খারাপ করিস না.... আমাদের সবার একসাথে আসবে ইনশাআল্লাহ|
ham,0,"কোভিড-১৯ ভ্যাকসিনঃ ফারিবা তাসনিয়া খান, ৩য় ডোজ গ্রহণের তারিখঃ ২১-০৪-২০২২, কেন্দ্রঃচট্টগ্রাম মেডিকেল কলেজ হাসপাতাল(টিকা কার্ড ডাউনলোড করে সঙ্গে নিয়ে আসতে হবে)|","কোভিড- <NUMBER> ভ্যাকসিনঃ ফারিবা তাসনিয়া খান, ৩য় ডোজ গ্রহণের তারিখঃ <NUMBER> - <NUMBER> - <NUMBER> , কেন্দ্রঃচট্টগ্রাম মেডিকেল কলেজ হাসপাতাল(টিকা কার্ড ডাউনলোড করে সঙ্গে নিয়ে আসতে হবে)|"
spam,1,KFCপপকর্ন পিৎজা এখন সানডে স্পেশালে! ১টি কিনলে ১টি ফ্রি! pizzahutbd.com|,KFCপপকর্ন পিৎজা এখন সানডে স্পেশালে! ১টি কিনলে ১টি ফ্রি! <URL> |
spam,1,প্রতিদিনের খবর এসএমএস এ পেতে ডায়াল করুন *26397*1# চার্জ ৳২.৬৭ দৈনিক|,প্রতিদিনের খবর এসএমএস এ পেতে ডায়াল করুন * <NUMBER> * <NUMBER> # চার্জ <MONEY> দৈনিক|
spam,1,"ছবি, ভিডিও, মিউজিক- মোবাইলের সব ডাটার ব্যাকআপ রাখুন My Drive-এ। আজই ডাউনলোড করুন: https://cutt.ly/MyDrive|","ছবি, ভিডিও, মিউজিক- মোবাইলের সব ডাটার ব্যাকআপ রাখুন My Drive-এ। আজই ডাউনলোড করুন: <URL>"
ham,0,আমার কলেজ লাইফের ফ্রেন্ড।সম্ভব হলে হেল্প করিস তোরা।|,আমার কলেজ লাইফের ফ্রেন্ড।সম্ভব হলে হেল্প করিস তোরা।|
ham,0,Facebook-এ দুই-ধাপ বিশিষ্ট যাচাইকরণের জন্য 799199 ব্যবহার করুন৷|,Facebook-এ দুই-ধাপ বিশিষ্ট যাচাইকরণের জন্য <NUMBER> ব্যবহার করুন৷|
ham,0,আমাকেই এখনো একজনের পালা লাগে।আম্মু সকালে উঠে নাস্তা বানায়।আমার টিফিন রেডি করে দেয়।তারপর স্কুলে যায়।আর আমি ঘুম থেকে উঠে খালি রেডি হই।তাতেই আমার লেইট হয়ে যায়।|,আমাকেই এখনো একজনের পালা লাগে।আম্মু সকালে উঠে নাস্তা বানায়।আমার টিফিন রেডি করে দেয়।তারপর স্কুলে যায়।আর আমি ঘুম থেকে উঠে খালি রেডি হই।তাতেই আমার লেইট হয়ে যায়।|
spam,1,তোমায় যদি-বুশরা শাহরিয়ার গানটি Airteltune সেট করতে dial *22788*951#|,তোমায় যদি-বুশরা শাহরিয়ার গানটি Airteltune সেট করতে dial * <NUMBER> * <NUMBER> #|
spam,1,প্রিয়জনের মুখে হাসি ফুটানোর বার্তা পেতে ডায়াল করুন *213*820# চার্জ ২.৬৭ টাকা/দিন|,প্রিয়জনের মুখে হাসি ফুটানোর বার্তা পেতে ডায়াল করুন * <NUMBER> * <NUMBER> # চার্জ <MONEY> /দিন|
spam,1,"আলী আকবর (মিন্টু) ভাইয়ের সালাম নিন, জনগনের সেবা করার সুযোগ দিন।|","আলী আকবর (মিন্টু) ভাইয়ের সালাম নিন, জনগনের সেবা করার সুযোগ দিন।|"
spam,1,ESSENTIALS & OPHELIA এর সকল শোরুমে ন্যূনতম ৩০০০ টাকার পন্য ক্রয় করলেই পাচ্ছেন মেম্বারশিপ কার্ড! যে কার্ডে উপভোগ করবেন আজীবন 10% ছাড়!|,ESSENTIALS & OPHELIA এর সকল শোরুমে ন্যূনতম <MONEY> র পন্য ক্রয় করলেই পাচ্ছেন মেম্বারশিপ কার্ড! যে কার্ডে উপভোগ করবেন আজীবন <NUMBER> % ছাড়!|
spam,1,"ডিম🥚৳৫৯!
হিমসাগর🥭 ৳৭৯/KG!
মাল্টা🍊৳১২৯/KG!

Chaldal.com/top-items|",ডিম🥚 <MONEY> ! হিমসাগর🥭 <MONEY> /KG! মাল্টা🍊 <MONEY> /KG! <URL>
spam,1,"সুস্বাদু হিমসাগর ও ল্যাংড়া আম 🥭 গিফট বক্স!

Chaldal.com/fresh-fruit|",সুস্বাদু হিমসাগর ও ল্যাংড়া আম 🥭 গিফট বক্স! <URL>
spam,1,"পবিত্র ঈদকে সামনে রেখে আপনার প্রিমিয়াম লাইফস্টাইল ব্র্যান্ড স্ট্রাইপে চলছে স্ট্রাইপ ঈদ ফেস্ট, পাচ্ছেন ২০% পর্যন্ত ছাড়! আজই শপিং করুন www.stripe.clothing থেকে।|","পবিত্র ঈদকে সামনে রেখে আপনার প্রিমিয়াম লাইফস্টাইল ব্র্যান্ড স্ট্রাইপে চলছে স্ট্রাইপ ঈদ ফেস্ট, পাচ্ছেন <NUMBER> % পর্যন্ত ছাড়! আজই শপিং করুন <URL> থেকে।|"
ham,0,হল আপনার Google যাচাইকরণ কোড৷|,হল আপনার Google যাচাইকরণ কোড৷|
ham,0,"শুভ জন্মদিন নানী.. অনেক অনেক ভাল থাক, সুস্থ থাক.. ভালবাসা রইল.. 
শ্রাবন্তী.. |","শুভ জন্মদিন নানী.. অনেক অনেক ভাল থাক, সুস্থ থাক.. ভালবাসা রইল.. শ্রাবন্তী.. |"
spam,1,"ইসলামী ব্যাংক আপনার সেবায় এখন চট্টগ্রামের টেরিবাজারে,আপনি আমন্ত্রিত।
StopAd? SMS SWRL to 21242|","ইসলামী ব্যাংক আপনার সেবায় এখন চট্টগ্রামের টেরিবাজারে,আপনি আমন্ত্রিত। StopAd? SMS SWRL to <NUMBER> |"
ham,0,তোর ফোন বন্ধ। কোন সমস্যা?|,তোর ফোন বন্ধ। কোন সমস্যা?|
spam,1,আজ আড়ং এর বর্ষপূর্তি উপলক্ষে চলছে বিশাল ডিস্কাউন্ট। লুকে নিন সব আকর্ষণীয় উপহার। নিচের লিংকটি ক্লিক করে জিতে নিন এখনই। |,আজ আড়ং এর বর্ষপূর্তি উপলক্ষে চলছে বিশাল ডিস্কাউন্ট। লুকে নিন সব আকর্ষণীয় উপহার। নিচের লিংকটি ক্লিক করে জিতে নিন এখনই। |
spam,1,ভালোবাসার রঙে জীবন সাজাতে ডায়াল করুন *213*29363# চার্জ ৳২.৬৭/দিন।|,ভালোবাসার রঙে জীবন সাজাতে ডায়াল করুন * <NUMBER> * <NUMBER> # চার্জ <MONEY> /দিন।|
spam,1,প্রিয়জনকে ভালবাসি বলতে ডায়াল করুন *213*1533# চার্জ ৳২.৬৭/দিন|,প্রিয়জনকে ভালবাসি বলতে ডায়াল করুন * <NUMBER> * <NUMBER> # চার্জ <MONEY> /দিন|
spam,1,প্রিয়জনদের খুশী করার টিপস পেতে ডায়াল *213*1468# চার্জ ৳২.৬৭/দিন|,প্রিয়জনদের খুশী করার টিপস পেতে ডায়াল * <NUMBER> * <NUMBER> # চার্জ <MONEY> /দিন|
spam,1,জিতে নিন আই ফোন। এখনই এই লিংকে ক্লিক করে জেনে নিন বিস্তারিত |,জিতে নিন আই ফোন। এখনই এই লিংকে ক্লিক করে জেনে নিন বিস্তারিত |
spam,1,অভিনন্দন। আপনি বিকাশের নিয়মিত ব্যবহারকারী হিসেবে বিকাশের স্পেশাল কাস্টমার হিসেবে নির্বাচিত হয়েছেন। আপনি বিকাশ থেকে পেতে যাচ্ছেন দুই লক্ষ টাকা । জানতে এখনই ডায়াল করুন |,অভিনন্দন। আপনি বিকাশের নিয়মিত ব্যবহারকারী হিসেবে বিকাশের স্পেশাল কাস্টমার হিসেবে নির্বাচিত হয়েছেন। আপনি বিকাশ থেকে পেতে যাচ্ছেন দুই লক্ষ টাকা । জানতে এখনই ডায়াল করুন |
spam,1,‘‘১২ মে আন্তর্জাতিক নার্স দিবস। এবারের প্রতিপাদ্য-আমাদের নার্সঃ আমাদের ভবিষ্যৎ”।|,‘‘ <NUMBER> মে আন্তর্জাতিক নার্স দিবস। এবারের প্রতিপাদ্য-আমাদের নার্সঃ আমাদের ভবিষ্যৎ”।|
spam,1,“বস্ত্র অধিদপ্তরাধীন সরকারি টেক্সটাইল ইঞ্জিনিয়ারিং কলেজসমূহে বি.এসসি. ইন টেক্সটাইল ইঞ্জিনিয়ারিং কোর্সে অনলাইনে শিক্ষার্থীদের ভর্তির আবেদন গ্রহণ চলছে” বিস্তারিত www.dot.gov.bd|,“বস্ত্র অধিদপ্তরাধীন সরকারি টেক্সটাইল ইঞ্জিনিয়ারিং কলেজসমূহে বি.এসসি. ইন টেক্সটাইল ইঞ্জিনিয়ারিং কোর্সে অনলাইনে শিক্ষার্থীদের ভর্তির আবেদন গ্রহণ চলছে” বিস্তারিত <URL>
spam,1,থ্যালাসেমিয়া রোগ থেকে বাঁচতে বিয়ের আগে রক্ত পরীক্ষা করিয়ে নিন । রোগী ও বাহক কিংবা বাহকে বাহকে বিয়ে নয়-বাংলাদেশ থ্যালাসেমিয়া সমিতি।|,থ্যালাসেমিয়া রোগ থেকে বাঁচতে বিয়ের আগে রক্ত পরীক্ষা করিয়ে নিন । রোগী ও বাহক কিংবা বাহকে বাহকে বিয়ে নয়-বাংলাদেশ থ্যালাসেমিয়া সমিতি।|
spam,1,ডিলে মরটিন অ্যারোসল৳২৫৯বিফ৳৭৯৯চাল৳৫৬🎁কোডঃ FNT&Cchdl.co/vYWZmxri|,ডিলে মরটিন অ্যারোসল <MONEY> বিফ <MONEY> চাল <MONEY> 🎁কোডঃ FNT& <URL>
spam,1,অফার! অফার!! অফার!!! আজ আড়ং এর ২০ বছর পুর্তি উপলক্ষে স্পেশাল অফার। লিংক্টিতে ক্লিক করুন এবং বুঝে নিন আকর্ষণীয় পুরষ্কার। |,অফার! অফার!! অফার!!! আজ আড়ং এর <NUMBER> বছর পুর্তি উপলক্ষে স্পেশাল অফার। লিংক্টিতে ক্লিক করুন এবং বুঝে নিন আকর্ষণীয় পুরষ্কার। |
spam,1,ডিলে টয়লেট ক্লিনার ৳৬৯৳ ৯৯+ বাজারে ৫টি গিফটঃ WR T&C chdl.co/1k37U8dp|,ডিলে টয়লেট ক্লিনার <MONEY> <MONEY> + বাজারে ৫টি গিফটঃ WR T&C <URL>
spam,1,১০জিবি+১০০মিনিট+৫০SMS@২০৯ টাকা/৩০ দিন; অফার পেতে ডায়াল করুন*১১১*১০৭#|,১০জিবি+১০০মিনিট+৫০SMS@ <MONEY> / <NUMBER> দিন; অফার পেতে ডায়াল করুন* <NUMBER> * <NUMBER> #|
spam,1,৩৫০মিনিট+২জিবি+২০SMS@২২৪ টাকা /৩০ দিন; অফার পেতে ডায়াল করুন*১১১*১০৮#|,৩৫০মিনিট+২জিবি+২০SMS@ <MONEY> / <NUMBER> দিন; অফার পেতে ডায়াল করুন* <NUMBER> * <NUMBER> #|
spam,1,বিকাশ অ্যাপ থেকে নিজ নাম্বারে ৳৬০ রিচার্জ করলেই ৳২০ ক্যাশব্যাক! TCA|,বিকাশ অ্যাপ থেকে নিজ নাম্বারে <MONEY> রিচার্জ করলেই <MONEY> ক্যাশব্যাক! TCA|
spam,1,কুইক লোনে রেজিস্ট্রেশন করতে ডায়াল *8811*005# এবং জরুরী মুহূর্তে নিশ্চিন্তে পেয়ে যান লোন|,কুইক লোনে রেজিস্ট্রেশন করতে ডায়াল * <NUMBER> * <NUMBER> # এবং জরুরী মুহূর্তে নিশ্চিন্তে পেয়ে যান লোন|
spam,1,"২৬জিবি ৩০৯টাকা,মেয়াদ আনলিমিটেড।অফার পেতে ৩০৯টাকা রিচার্জ/ডায়াল*১১১*৩০৯#|","২৬জিবি <MONEY> ,মেয়াদ আনলিমিটেড।অফার পেতে <MONEY> রিচার্জ/ডায়াল* <NUMBER> * <NUMBER> #|"
spam,1,"২৭ জুন ‌আন্তর্জাতিক এমএসএমই দিবস। মাইক্রো, ক্ষুদ্র ও মাঝারি শিল্পের পৃষ্ঠপোষকতা করে ২০৪১ সালের মধ্যে একটি উন্নত সমৃদ্ধ দেশ গঠনে অবদান রাখুন। এসএমই ফাউন্ডেশন, শিল্প মন্ত্রণালয়।|","<NUMBER> জুন ‌আন্তর্জাতিক এমএসএমই দিবস। মাইক্রো, ক্ষুদ্র ও মাঝারি শিল্পের পৃষ্ঠপোষকতা করে <NUMBER> সালের মধ্যে একটি উন্নত সমৃদ্ধ দেশ গঠনে অবদান রাখুন। এসএমই ফাউন্ডেশন, শিল্প মন্ত্রণালয়।|"
spam,1,বাংলাদেশ বিমান বাহিনীতে ৮৯ বাফা কোর্সে অফিসার ক্যাডেট নিয়োগ চলছে। বিস্তারিতঃ https://joinairforce.baf.mil.bd|,বাংলাদেশ বিমান বাহিনীতে <NUMBER> বাফা কোর্সে অফিসার ক্যাডেট নিয়োগ চলছে। বিস্তারিতঃ <URL>
spam,1,"আসুন পরিচ্ছন্ন চট্টগ্রাম গড়ি।
ঈদ মোবারক
মোঃ রেজাউল করিম চৌং
মেয়র, চসিক
StopAd? SMS WHVK to 21242|","আসুন পরিচ্ছন্ন চট্টগ্রাম গড়ি। ঈদ মোবারক মোঃ রেজাউল করিম চৌং মেয়র, চসিক StopAd? SMS WHVK to <NUMBER> |"
spam,1,*213*18389# ডায়াল করে জানুন সেলস/মার্কেটিং চাকুরীর খবর চার্জ ২.৬৭ টাকা/দিন|,* <NUMBER> * <NUMBER> # ডায়াল করে জানুন সেলস/মার্কেটিং চাকুরীর খবর চার্জ <MONEY> /দিন|
spam,1,"৩৫৳ পিয়াজ কিনতে ডাউনলোড করুন
ln.run/F-3-w
ফ্রি ডেলিভারী 
প্রথম বার|",<MONEY> পিয়াজ কিনতে ডাউনলোড করুন ln.run/F- <NUMBER> -w ফ্রি ডেলিভারী প্রথম বার|
spam,1,ঈদের আগেই GKK লাইফ চেক করে অর্ডার করুন। বিস্তারিত/অপ্টআউট ১৬৬২৭-TCA* |,ঈদের আগেই GKK লাইফ চেক করে অর্ডার করুন। বিস্তারিত/অপ্টআউট <PHONE> -TCA* |
spam,1,এই ঈদে সবার জন্য পিওরইট RO তে চলছে ২৫০০৳ ছাড়! বিস্তারিত/অপ্টআউট ১৬৬২৭*|,এই ঈদে সবার জন্য পিওরইট RO তে চলছে <MONEY> ছাড়! বিস্তারিত/অপ্টআউট <PHONE> *|
spam,1,"বিটিআরসি অফিস এখন নতুন ঠিকানায় নিজস্ব ভবনে, প্লট: ই-৫/এ, আগারগাঁও প্রশাসনিক এলাকা, শেরে-বাংলা নগর, ঢাকা-১২০৭|","বিটিআরসি অফিস এখন নতুন ঠিকানায় নিজস্ব ভবনে, প্লট: ই- <NUMBER> /এ, আগারগাঁও প্রশাসনিক এলাকা, শেরে-বাংলা নগর, ঢাকা- <NUMBER> |"
spam,1,"প্রিয় গ্রাহক, আপনার এলাকায় রবি 4.5G ইন্টারনেট এখন আরও বেশি শক্তিশালী। আজই এক্সপেরিয়েন্স করুন দ্রুত গতির ইন্টারনেট।। আকর্ষণীয় সব অফার কিনতে ডায়াল করুন *৮৮৮#। কোনো মতামত বা অভিযোগ জানাতে ব্যবহার করুন মাই রবি অ্যাপ https://cutt.ly/Vwqu8c6C|","প্রিয় গ্রাহক, আপনার এলাকায় রবি <NUMBER> .5G ইন্টারনেট এখন আরও বেশি শক্তিশালী। আজই এক্সপেরিয়েন্স করুন দ্রুত গতির ইন্টারনেট।। আকর্ষণীয় সব অফার কিনতে ডায়াল করুন * <NUMBER> #। কোনো মতামত বা অভিযোগ জানাতে ব্যবহার করুন মাই রবি অ্যাপ <URL>"
spam,1,ঈদ মোবারক! নিউ হিমাচল ট্রাভেলসের ঢাকা-নাটোর-রাজশাহী-ঢাকা রুটের ঈদের টিকেট এখন অনলাইনে পাওয়া যাচ্ছে। টিকেট ক্রয় করতে ক্লিক করুন : newhimachaltravels.com অথবা bdtickets.com কল: ১৬৪৬০|,ঈদ মোবারক! নিউ হিমাচল ট্রাভেলসের ঢাকা-নাটোর-রাজশাহী-ঢাকা রুটের ঈদের টিকেট এখন অনলাইনে পাওয়া যাচ্ছে। টিকেট ক্রয় করতে ক্লিক করুন : <URL> অথবা <URL> কল: <PHONE> |
spam,1,"দারাজে ঈদ উৎসবে ফ্রি ডেলিভারি🚚💨 সাথে আছে বিকাশে ৳২৫০ ক্যাশব্যাক, মিস্ট্রি বক্স ও হট ডিলস > ক্লিক https://click.daraz.com.bd/e/_C69OCr|","দারাজে ঈদ উৎসবে ফ্রি ডেলিভারি🚚💨 সাথে আছে বিকাশে <MONEY> ক্যাশব্যাক, মিস্ট্রি বক্স ও হট ডিলস > ক্লিক <URL>"
spam,1,"ঈদ কেনাকাটা হোক এবার ডায়মন্ড ওয়ার্ল্ডের সাথে, উপভোগ করুন ডায়মন্ড গহনায় ২৫% ও গোল্ড মজুরীতে বিশাল ছাড়। ০১৭১৩১৯৯২৭০|","ঈদ কেনাকাটা হোক এবার ডায়মন্ড ওয়ার্ল্ডের সাথে, উপভোগ করুন ডায়মন্ড গহনায় <NUMBER> % ও গোল্ড মজুরীতে বিশাল ছাড়। <PHONE> |"
spam,1,দারাজে ৳২৫০ বিকাশ ক্যাশব্যাক🥳ঈদ উৎসব🎁মিস্ট্রি বক্স+হট ডিলস > ক্লিক https://click.daraz.com.bd/e/_CY8qr9|,দারাজে <MONEY> বিকাশ ক্যাশব্যাক🥳ঈদ উৎসব🎁মিস্ট্রি বক্স+হট ডিলস > ক্লিক <URL>
spam,1,ESSENTIALS ও Ophelia এ চলছে নির্দিষ্ট পণ্যে ৫০% ছাড়! এক্ষুনি চলে আসুন৷|,ESSENTIALS ও Ophelia এ চলছে নির্দিষ্ট পণ্যে <NUMBER> % ছাড়! এক্ষুনি চলে আসুন৷|
spam,1,মি. নূরের মত ২০২৩ ইনটেকে কানাডাতে যাবেন যেভাবে https://gic.im/noor/|,মি. নূরের মত <NUMBER> ইনটেকে কানাডাতে যাবেন যেভাবে <URL>
spam,1,Morning! আজ ২০২৩ এর লাস্ট ইনটেকে প্রসেস শুরু করতে 3pm-5pm এর মাঝে আমাদের অফিস ভিসিট করুন: https://gic.im/ec - GIC Edu|,Morning! আজ <NUMBER> এর লাস্ট ইনটেকে প্রসেস শুরু করতে 3pm-5pm এর মাঝে আমাদের অফিস ভিসিট করুন: <URL> - GIC Edu|
spam,1,"up to ১৭,০০০CAD স্কলারশিপে ২০২৩ এর শেষ ইনটেকে apply করতে ৩ জুন 3pm-5pm এর মাঝে আমাদের Free counselling সেশনে জয়েন করুন https://gic.im/ec|","up to <NUMBER> ,০০০CAD স্কলারশিপে <NUMBER> এর শেষ ইনটেকে apply করতে <NUMBER> জুন 3pm-5pm এর মাঝে আমাদের Free counselling সেশনে জয়েন করুন <URL>"
spam,1,"অভিনন্দন। আপনি বছরজুড়ে ফ্রি সর্বোচ্চ২৬জিবি পাবেন, সাথে ১ম ৩মাস BINGE সাবসক্রিপশন ফ্রি। অফারটি পেতে ৩০মিনিট পরে ডায়াল *২১২৯১*২১#|","অভিনন্দন। আপনি বছরজুড়ে ফ্রি সর্বোচ্চ২৬জিবি পাবেন, সাথে ১ম ৩মাস BINGE সাবসক্রিপশন ফ্রি। অফারটি পেতে ৩০মিনিট পরে ডায়াল * <NUMBER> * <NUMBER> #|"
spam,1,এই ঈদে সেরা অফারে মোবাইল কিনুন Pickaboo থেকে! https://cutt.ly/Awttr5dc|,এই ঈদে সেরা অফারে মোবাইল কিনুন Pickaboo থেকে! <URL>
spam,1,"চাল৳৬০
ডিম৳১৪৯
চিনি৳১৪০
মাল্টা৳২২৯
🎁গিফট কোড:C2
T&C
chdl.co/yk708WVj|",চাল <MONEY> ডিম <MONEY> চিনি <MONEY> মাল্টা <MONEY> 🎁গিফট কোড:C2 T&C <URL>
spam,1,"সাশ্রয়ে বাজার!
চাল৳৬০
আলু৳৩৯
মুরগী৳২৬৯
🎁কোড: 5L
T&C
chdl.co/VLp4o1wx|",সাশ্রয়ে বাজার! চাল <MONEY> আলু <MONEY> মুরগী <MONEY> 🎁কোড: 5L T&C <URL>
spam,1,"সাশ্রয়ে ঈদ বাজার🌙
৫লি রূপচাঁদা তেল ৳৮৯৯
কোড: 1W
T&C
chdl.co/81klM2yX|",সাশ্রয়ে ঈদ বাজার🌙 ৫লি রূপচাঁদা তেল <MONEY> কোড: 1W T&C <URL>
spam,1,"Lotto প্রিমিয়াম কোয়ালিটি লোফার সুজ, দারাজে এখন ৫৭% ডিস্কাউন্টে ডেলিভারি চার্জসহ মাত্র ৩১২টাকায়, অর্ডার করার জন্য নিচের লিংকে ক্লিক করুন-👇|","Lotto প্রিমিয়াম কোয়ালিটি লোফার সুজ, দারাজে এখন <NUMBER> % ডিস্কাউন্টে ডেলিভারি চার্জসহ মাত্র <MONEY> য়, অর্ডার করার জন্য নিচের লিংকে ক্লিক করুন-👇|"
spam,1,"অস্থির বাজারে, স্বস্তির অফার 🥰😇

(৭৬ টাকায় ১ কেজি আলু,১ কেজি পিয়াজ,১/২ কেজি শশা🔥 বিকাশ ক্যাশব্যাক এরপর)

ঢাকার জন্য👇

আধাকেজি শশা মাত্র ১১ টাকা 😱 https://click.daraz.com.bd/e/_CZIXHP


১ কেজি আলু ১৯ টাকা ~
https://click.daraz.com.bd/e/_CWi1F3

১ কেজি পেয়াজ ২৯ টাকা ~
https://click.daraz.com.bd/e/_CXOOXX

❄️❄ডেলিভারি চার্জ ফ্ল্যাট ২৫ টাকা।

💥পেয়াজ বর্তমান বাজার মুল্য ৭০-৮০৳ টাকা 
💥আলু বর্তমান বাজার মুল্য ৪০ টাকা
💥বিকাশ ১০% ক্যাশব্যাক তো আছেই
(৭৬ টাকায় ১ কেজি আলু, ১ কেজি পিয়াজ আর আধাকেজি শশা ৩ টি আইটেম এক সাথে অর্ডার করুন বাজারমূল্য থেকে অনেক কম দামে)|","অস্থির বাজারে, স্বস্তির অফার 🥰😇 ( <MONEY> য় <NUMBER> কেজি আলু, <NUMBER> কেজি পিয়াজ, <NUMBER> / <NUMBER> কেজি শশা🔥 বিকাশ ক্যাশব্যাক এরপর) ঢাকার জন্য👇 আধাকেজি শশা মাত্র <MONEY> 😱 <URL> <NUMBER> কেজি আলু <MONEY> ~ <URL> <NUMBER> কেজি পেয়াজ <MONEY> ~ <URL> ❄️❄ডেলিভারি চার্জ ফ্ল্যাট <MONEY> । 💥পেয়াজ বর্তমান বাজার মুল্য <NUMBER> - <MONEY> টাকা 💥আলু বর্তমান বাজার মুল্য <MONEY> 💥বিকাশ <NUMBER> % ক্যাশব্যাক তো আছেই ( <MONEY> য় <NUMBER> কেজি আলু, <NUMBER> কেজি পিয়াজ আর আধাকেজি শশা <NUMBER> টি আইটেম এক সাথে অর্ডার করুন বাজারমূল্য থেকে অনেক কম দামে)|"
spam,1,"কোপ দেন ৫০% অফে এয়ার ফ্রেশনার - 

https://click.daraz.com.bd/e/_CUvX0N

🍁2 টা Add To Cart করে অর্ডার দিলে আরো ৪০ টাকা ডিসকাউন্ট পাবেন। ১৫% ভাউচার কালেক্ট করে নিবেন। বিকাশ পেমেন্টে ১০% ক্যাশব্যাক তো আছেই।|",কোপ দেন <NUMBER> % অফে এয়ার ফ্রেশনার - <URL> 🍁 <NUMBER> টা Add To Cart করে অর্ডার দিলে আরো <MONEY> ডিসকাউন্ট পাবেন। <NUMBER> % ভাউচার কালেক্ট করে নিবেন। বিকাশ পেমেন্টে <NUMBER> % ক্যাশব্যাক তো আছেই।|
spam,1,"১৪ টাকায় ২৩ মিনিট, ৩ দিন(২৪ ঘন্টায় একবার)। অফার পেতে ১৪ টাকা রিচার্জ করুন।|","<MONEY> য় <NUMBER> মিনিট, <NUMBER> দিন( <NUMBER> ঘন্টায় একবার)। অফার পেতে <MONEY> রিচার্জ করুন।|"
spam,1,💢অর্ডার করার আগে অবশ্যই ডিস্কাউন্ট ভাউচার কালেক্ট করে নিবেন তাহলে এ দামে পাবেন।|,💢অর্ডার করার আগে অবশ্যই ডিস্কাউন্ট ভাউচার কালেক্ট করে নিবেন তাহলে এ দামে পাবেন।|
spam,1,"গরমে আরাম করে পরতে পারবেন এমন কয়েকটি কিমোনো দেখে নিন এই পোস্টে। সাইজ এভেলেবল আছে। স্টক শেষ হওয়ার আগেই অর্ডার কনফার্ম করে ফেলুন। 

আমাদের শোরুম এর ঠিকানাঃ
পান্থপথ, স্কয়ার হাসপাতাল এর উল্টো দিকে, সুন্দরম প্লাজা, ২য় তলা,ঢাকা, বাংলাদেশ
শোরুম খোলা সপ্তাহে প্রতিদিন, সকাল ১১টা থেকে রাত ৮ টা পর্যন্ত।

অনলাইনে অর্ডারের ক্ষেত্রে স্ক্রিনশট নিয়ে পেইজে ইনবক্স করুন দিন বা রাতের যে কোনো সময়। আমাদের ম্যাসেজ রিপ্লাই টাইম সকাল ৯টা থেকে সন্ধ্যা ৬টা। Saturday- Thursday

#abayaandgown #kimono #koti #borkha #khimar #gown #kurti #hijab #modesty #comfortP|","গরমে আরাম করে পরতে পারবেন এমন কয়েকটি কিমোনো দেখে নিন এই পোস্টে। সাইজ এভেলেবল আছে। স্টক শেষ হওয়ার আগেই অর্ডার কনফার্ম করে ফেলুন। আমাদের শোরুম এর ঠিকানাঃ পান্থপথ, স্কয়ার হাসপাতাল এর উল্টো দিকে, সুন্দরম প্লাজা, ২য় তলা,ঢাকা, বাংলাদেশ শোরুম খোলা সপ্তাহে প্রতিদিন, সকাল ১১টা থেকে রাত <NUMBER> টা পর্যন্ত। অনলাইনে অর্ডারের ক্ষেত্রে স্ক্রিনশট নিয়ে পেইজে ইনবক্স করুন দিন বা রাতের যে কোনো সময়। আমাদের ম্যাসেজ রিপ্লাই টাইম সকাল ৯টা থেকে সন্ধ্যা ৬টা। Saturday- Thursday #abayaandgown #kimono #koti #borkha #khimar #gown #kurti #hijab #modesty #comfortP|"
spam,1,আকর্ষণীয় পুরষ্কার জিততে নিচের লিংকে ক্লিক করুন|,আকর্ষণীয় পুরষ্কার জিততে নিচের লিংকে ক্লিক করুন|
spam,1,"আপনি জিতেছেন ৫০,০০০ টাকার লটারি। রেজিষ্ট্রেশন করতে ২০০ টাকা বিকাশ করুন এই নাম্বারে|",আপনি জিতেছেন <MONEY> র লটারি। রেজিষ্ট্রেশন করতে <MONEY> বিকাশ করুন এই নাম্বারে|
ham,0,এখান থেকেও পড়তে পারেন বই থেকেও পড়তে পারেন|,এখান থেকেও পড়তে পারেন বই থেকেও পড়তে পারেন|
ham,0,বইয়েও আছে পাইপ লাইনের পারফরম্যান্স টা|,বইয়েও আছে পাইপ লাইনের পারফরম্যান্স টা|
ham,0,আপনাদের যেটা সুবিধা লাগে পড়েন|,আপনাদের যেটা সুবিধা লাগে পড়েন|
ham,0,না ম্যাম।|,না ম্যাম।|
ham,0,তাড়াতাড়ি এসে ঠিক করে দাও না হয় ফেইল আসবে|,তাড়াতাড়ি এসে ঠিক করে দাও না হয় ফেইল আসবে|
ham,0,তোমাদের মধ্যে একজন ল্যাব কার্ডে নাম লিখ নাই|,তোমাদের মধ্যে একজন ল্যাব কার্ডে নাম লিখ নাই|
ham,0,স্টুডেন্ট না গেলে টিচাররা ক্যাম্পাসে কষ্ট করে এসে কি করবেন|,স্টুডেন্ট না গেলে টিচাররা ক্যাম্পাসে কষ্ট করে এসে কি করবেন|
ham,0,এমনিতে Fee ২৫০ টাকা।|,এমনিতে Fee <MONEY> ।|
ham,0,না দিলেও সমস্যা নাই।|,না দিলেও সমস্যা নাই।|
ham,0,"তোমরা যদি ক্লাসে আসো আমাকে জানাইও
আমার সকালে কিছু কাজ আছে
তোমরা যদি ক্লাস না কর আমি একটু লেইট করে যাব কালকে
সো কালকে ক্লাস করতে চাইলে আমাকে বলে দাও
আর যদি না কর সেটাও বলে দাও|",তোমরা যদি ক্লাসে আসো আমাকে জানাইও আমার সকালে কিছু কাজ আছে তোমরা যদি ক্লাস না কর আমি একটু লেইট করে যাব কালকে সো কালকে ক্লাস করতে চাইলে আমাকে বলে দাও আর যদি না কর সেটাও বলে দাও|
ham,0,আমি ঈদের আগে লাস্টদিন অফিস থেকে আসার সময় রিস্কা সহ উল্টায় পড়ে গেসি।গাড়ির ধাক্কায়।আল্লাহ অনেক বড় এক্সিডেন্ট থেকে মাফ করসে আমাকে।|,আমি ঈদের আগে লাস্টদিন অফিস থেকে আসার সময় রিস্কা সহ উল্টায় পড়ে গেসি।গাড়ির ধাক্কায়।আল্লাহ অনেক বড় এক্সিডেন্ট থেকে মাফ করসে আমাকে।|
ham,0,আল্লাহর কাছে প্রত্যেকটা মুহুর্তে আমাদের শুকরিয়া আদায় করা উচিৎ।|,আল্লাহর কাছে প্রত্যেকটা মুহুর্তে আমাদের শুকরিয়া আদায় করা উচিৎ।|
ham,0,কেমন জানি খুব খারাপ লাগতেসে আমার|,কেমন জানি খুব খারাপ লাগতেসে আমার|
spam,1,নগদের নতুন গ্রাহক হিসেবে আপনাকে অভিনন্দন। নগদে নতুন গ্রাহকদের দেওয়া হচ্ছে অনেক অনেক আকর্ষণীয় গিফট। রেজিষ্ট্রেশন করতে আপনার নাম ও পাসওয়ার্ড লিখে এই নাম্বারে পাঠিয়ে দিন। যত তাড়াতাড়ি রেজিষ্ট্রেশন তত তাড়াতাড়ি পুরষ্কার। এই সুযোগ সীমিত সময়ের জন্য। |,নগদের নতুন গ্রাহক হিসেবে আপনাকে অভিনন্দন। নগদে নতুন গ্রাহকদের দেওয়া হচ্ছে অনেক অনেক আকর্ষণীয় গিফট। রেজিষ্ট্রেশন করতে আপনার নাম ও পাসওয়ার্ড লিখে এই নাম্বারে পাঠিয়ে দিন। যত তাড়াতাড়ি রেজিষ্ট্রেশন তত তাড়াতাড়ি পুরষ্কার। এই সুযোগ সীমিত সময়ের জন্য। |
spam,1,"আজই শেষ দিন! ৭৫মিনিট ৪৫টাকা (৩০দিন), ডায়াল *১২১*৫১০১#|","আজই শেষ দিন! ৭৫মিনিট <MONEY> (৩০দিন), ডায়াল * <NUMBER> * <NUMBER> #|"
spam,1,"আজই শেষ দিন! ৩৫জিবি+৮০০মিনিট-৬০০টাকা-৩০দিন(বোনাসসহ), নিতে *১২১*৫২৬২# বা mygp.li/a8|","আজই শেষ দিন! ৩৫জিবি+৮০০মিনিট- <MONEY> -৩০দিন(বোনাসসহ), নিতে * <NUMBER> * <NUMBER> # বা mygp.li/a8|"
spam,1,সীমিত সময়ের অফার! ৪০জিবি (বোনাসসহ) ৫০০টাকা ৩০দিন।ডায়াল *১২১*৫০৪৯# বা mygp.li/mo|,সীমিত সময়ের অফার! ৪০জিবি (বোনাসসহ) <MONEY> ৩০দিন।ডায়াল * <NUMBER> * <NUMBER> # বা mygp.li/mo|
spam,1,গ্রামীণফোনে রিচার্জ এখন খুবই সহজ। ক্লিক https://gp.mygp.li/lt|,গ্রামীণফোনে রিচার্জ এখন খুবই সহজ। ক্লিক <URL>
spam,1,৭০টি টিভি চ্যানেল দেখুন সম্পূর্ণ ফ্রি cutt.ly/ewuSZMvR|,৭০টি টিভি চ্যানেল দেখুন সম্পূর্ণ ফ্রি <URL>
spam,1,সীমিত সময়ের অফার! এই নাম্বারে ৫০ টাকা বিকাশ করে লটারি কিনুন আর জিতে নিন আকর্ষণীয় পুরষ্কার। |,সীমিত সময়ের অফার! এই নাম্বারে <MONEY> বিকাশ করে লটারি কিনুন আর জিতে নিন আকর্ষণীয় পুরষ্কার। |
spam,1,"৯৯+BOGO
মাসের বাজারে
ফ্রি অফার সাথে উপহার
কোডঃJ6
T&C
chdl.co/b_zW7r8b|",<NUMBER> +BOGO মাসের বাজারে ফ্রি অফার সাথে উপহার কোডঃJ6 T&C <URL>
spam,1,আজ শেষ দিন! বিকাশ অ্যাপ থেকে নিজ নাম্বারে ৳৬০ রিচার্জে ৳২০ ক্যাশব্যাক!|,আজ শেষ দিন! বিকাশ অ্যাপ থেকে নিজ নাম্বারে <MONEY> রিচার্জে <MONEY> ক্যাশব্যাক!|
spam,1,"৩০জিবি ৩৪৪ টাকা, ৩০দিন। অফার পেতে ৩৪৪ টাকা রিচার্জ/ডায়াল করুন*১১১*৩৪৪#|","৩০জিবি <MONEY> , ৩০দিন। অফার পেতে <MONEY> রিচার্জ/ডায়াল করুন* <NUMBER> * <NUMBER> #|"
spam,1,"৪৭৭ মিনিট, ৩০ দিন। অফার পেতে ২৮৭ টাকা রিচার্জ/ডায়াল করুন করুন*১১১*২৮৭#|","<NUMBER> মিনিট, <NUMBER> দিন। অফার পেতে <MONEY> রিচার্জ/ডায়াল করুন করুন* <NUMBER> * <NUMBER> #|"
ham,0,আম্মা অনেক ধৈর্যশীল মহিলা বলে পালতে পারসে।আমার মত সেকেন্ড কোনো কপি হইলে তো আমি পাগল হয়ে যাব।|,আম্মা অনেক ধৈর্যশীল মহিলা বলে পালতে পারসে।আমার মত সেকেন্ড কোনো কপি হইলে তো আমি পাগল হয়ে যাব।|
ham,0,এর আগেরটা কেউ ফিলাপ করে নাই|,এর আগেরটা কেউ ফিলাপ করে নাই|
ham,0,তোদের ফ্রেন্ডদেরকে বল|,তোদের ফ্রেন্ডদেরকে বল|
ham,0,"আরশি জীবনে গাড়িতে ঠেলা, কোলে নিয়ে হাটা ছাড়া ঘুমাতো না। আমি ছড়া বলতে বলতে মুখে ফেনা আসা টাইপ অবস্থা হতো এই বেটি তখনো বলেই যেত 'মিম্মি এটা বলো! ঐতা! ' 😐|","আরশি জীবনে গাড়িতে ঠেলা, কোলে নিয়ে হাটা ছাড়া ঘুমাতো না। আমি ছড়া বলতে বলতে মুখে ফেনা আসা টাইপ অবস্থা হতো এই বেটি তখনো বলেই যেত 'মিম্মি এটা বলো! ঐতা! ' 😐|"
ham,0,সে যে কি কি চুপচাপ খেয়াল করে ফেলে অনেকসময় আমরাও পরে যখন আমাদেরকে বলে তারপর বুঝতে পারি|,সে যে কি কি চুপচাপ খেয়াল করে ফেলে অনেকসময় আমরাও পরে যখন আমাদেরকে বলে তারপর বুঝতে পারি|
ham,0,আমার নামটা বাচ্চাদের মুখস্ত করার জন্য কঠিন।ওরে ইজি করে নাম বল।|,আমার নামটা বাচ্চাদের মুখস্ত করার জন্য কঠিন।ওরে ইজি করে নাম বল।|
ham,0,পাওয়া গেলে ২ কার্ল্প্রিটকে।পরেরবার দেখা হইলে ওরে সরি বলবি তোরা দুইটা।😅|,পাওয়া গেলে <NUMBER> কার্ল্প্রিটকে।পরেরবার দেখা হইলে ওরে সরি বলবি তোরা দুইটা।😅|
ham,0,আমি বললে তো বলত আপু বলসে।|,আমি বললে তো বলত আপু বলসে।|
ham,0,আমার মেয়ে বলতেসে কতগুলা আন্টি বলসে সামাহা তোমার মেয়ে কি ধরতেসে দেখো। বেড়াতে গেলে কিছু ধরলে এরকম বলে কেউ|,আমার মেয়ে বলতেসে কতগুলা আন্টি বলসে সামাহা তোমার মেয়ে কি ধরতেসে দেখো। বেড়াতে গেলে কিছু ধরলে এরকম বলে কেউ|
ham,0,আমি তোদের ছবি দেখার জন্য বসে ছিলাম সেই বিকেল থেকে।।। দেখে শান্তি লাগতেছে।🥰 চট্টগ্রামে থাকলে মিস হতো না আমার।|,আমি তোদের ছবি দেখার জন্য বসে ছিলাম সেই বিকেল থেকে।।। দেখে শান্তি লাগতেছে।🥰 চট্টগ্রামে থাকলে মিস হতো না আমার।|
ham,0,এমনে রেজাল্ট খারাপ করলে বকা দিসে।কেন লিখতে পারি নাই?!বা ভুল কেন করসি এটা জিজ্ঞাসা করসে।কিন্তু ওমুক এত নাম্বার পাইসে।তুমি কেন ওমুকের মত নাম্বার আনতে পার নাই এটা বলে নাই।এতটুকু শিখাইসে যে আমার কম্পিটিটর আমি নিজে।অন্য কেউ না।হয় আমি আমাকে জিতাবো নাহয় আমি আমাকে হারায় দিব।হার জিত দুইটাই আমার হবে।অন্য কারো হবে না।'|,এমনে রেজাল্ট খারাপ করলে বকা দিসে।কেন লিখতে পারি নাই?!বা ভুল কেন করসি এটা জিজ্ঞাসা করসে।কিন্তু ওমুক এত নাম্বার পাইসে।তুমি কেন ওমুকের মত নাম্বার আনতে পার নাই এটা বলে নাই।এতটুকু শিখাইসে যে আমার কম্পিটিটর আমি নিজে।অন্য কেউ না।হয় আমি আমাকে জিতাবো নাহয় আমি আমাকে হারায় দিব।হার জিত দুইটাই আমার হবে।অন্য কারো হবে না।'|
ham,0,"নানু, আর আসমার মা উনি করতেসে যে...|","নানু, আর আসমার মা উনি করতেসে যে...|"
ham,0,"পুরা ঘর টা বুঝছেন...একদম ডাস্টবিন হই গেসে...
আজকে এক দফা করসে পরিষ্কার.. কালকে আবার করবে|",পুরা ঘর টা বুঝছেন...একদম ডাস্টবিন হই গেসে... আজকে এক দফা করসে পরিষ্কার.. কালকে আবার করবে|
ham,0,আজ পৃথিবীর সবচেয়ে সুখী মানুষ মনে হচ্ছে আমাকে ।তার জন্য আল্লাহর কাছে শুকরিয়া ।|,আজ পৃথিবীর সবচেয়ে সুখী মানুষ মনে হচ্ছে আমাকে ।তার জন্য আল্লাহর কাছে শুকরিয়া ।|
spam,1,আজ শেষ দিন! দারাজ অ্যাপ থেকে কেনাকাটা করলে পাবেন ১০% ডিস্কাউন্ট।|,আজ শেষ দিন! দারাজ অ্যাপ থেকে কেনাকাটা করলে পাবেন <NUMBER> % ডিস্কাউন্ট।|
spam,1,রিভিউ শেয়ার করে জিতুন আকর্ষণীয় গিফট |,রিভিউ শেয়ার করে জিতুন আকর্ষণীয় গিফট |
spam,1,আপনি কি ভুলে গেছেন আমাদের! দারাজ অ্যাপ থেকে কেনাকাটা করলে পাবেন ১০% ডিস্কাউন্ট। তাড়াতাড়ি লুফে নিন! আমরা আছি আপনার অপেক্ষায়। |,আপনি কি ভুলে গেছেন আমাদের! দারাজ অ্যাপ থেকে কেনাকাটা করলে পাবেন <NUMBER> % ডিস্কাউন্ট। তাড়াতাড়ি লুফে নিন! আমরা আছি আপনার অপেক্ষায়। |
spam,1,stylish কামিজ কিনুন একদম সাশ্রয়ী দামে। পছন্দের পণ্য কিনতে হবে এই অফারেই।|,stylish কামিজ কিনুন একদম সাশ্রয়ী দামে। পছন্দের পণ্য কিনতে হবে এই অফারেই।|
spam,1,জলদি জলদি অর্ডার করুন পছন্দের জুতা স্টকে থাকতেই|,জলদি জলদি অর্ডার করুন পছন্দের জুতা স্টকে থাকতেই|
spam,1,যখন আছেন budget deal এর সাথে অর্ডার করে ফেলুন আপনার পছন্দের পণ্যগুলো |,যখন আছেন budget deal এর সাথে অর্ডার করে ফেলুন আপনার পছন্দের পণ্যগুলো |
spam,1,স্টক সীমিত। তাড়াতাড়ি অর্ডার করুন আপনার পছন্দের জামা।|,স্টক সীমিত। তাড়াতাড়ি অর্ডার করুন আপনার পছন্দের জামা।|
spam,1,and free shipping এই অফারেই কিনে নিন পছন্দের সব পণ্য|,and free shipping এই অফারেই কিনে নিন পছন্দের সব পণ্য|
spam,1,stylish জুতা কিনে নিন একদম সাশ্রয়ী দামে|,stylish জুতা কিনে নিন একদম সাশ্রয়ী দামে|
spam,1,সময় থাকতেই পছন্দের জিনিস কিনে নিন। এমন অফার কিন্তু বার বার আসে না।|,সময় থাকতেই পছন্দের জিনিস কিনে নিন। এমন অফার কিন্তু বার বার আসে না।|
spam,1,দেরি না করে জলদি জলদি লুফে নিন|,দেরি না করে জলদি জলদি লুফে নিন|
ham,0,বিবাহিত জীবন সুখের হোক|,বিবাহিত জীবন সুখের হোক|
ham,0,আলহামদুলিল্লাহ|,আলহামদুলিল্লাহ|
ham,0,২০২৩ বিশ্বকাপ এর সর্বোচ্চ রান স্কোরার তামিম হবে ইনশা আল্লাহ|,<NUMBER> বিশ্বকাপ এর সর্বোচ্চ রান স্কোরার তামিম হবে ইনশা আল্লাহ|
ham,0,"বিশ্বাস করেন আর না করেন,বাচ্চা লালন পালনের ক্ষেত্রে মার চাইতে মাসিদের দরদ বেশী থাকে।|","বিশ্বাস করেন আর না করেন,বাচ্চা লালন পালনের ক্ষেত্রে মার চাইতে মাসিদের দরদ বেশী থাকে।|"
ham,0,50k টাকা ইনভেস্ট করে কি বিজনেস করা যায়? সবার মতামত যানতে যাচ্ছি। যেখানে আমার লাভ কম হলেও লস হবে না।|,50k টাকা ইনভেস্ট করে কি বিজনেস করা যায়? সবার মতামত যানতে যাচ্ছি। যেখানে আমার লাভ কম হলেও লস হবে না।|
ham,0,কম পুঁজিতে টাকা ইনকাম করার কিছু কৌশল এবং রিস্ক আপনাকে নিতে হবে।|,কম পুঁজিতে টাকা ইনকাম করার কিছু কৌশল এবং রিস্ক আপনাকে নিতে হবে।|
ham,0,বিজনেস এ লাভ লোকসান হবেই এইটা মেনে নিয়েই বিজনেস এ আসতে হবে|,বিজনেস এ লাভ লোকসান হবেই এইটা মেনে নিয়েই বিজনেস এ আসতে হবে|
ham,0,"যেহেতু অলরেডি অনলাইন বিজনেস করছেন ই টাকাগুলা জমা রাখেন,একটা মিনিমাম এমাউন্ট করার জন্য।এরপর আপনি যে সেক্টরে অনলাইন বিজনেস রান করছেন ওটা অফলাইনে আউটলেট দিতে পারবেন।|","যেহেতু অলরেডি অনলাইন বিজনেস করছেন ই টাকাগুলা জমা রাখেন,একটা মিনিমাম এমাউন্ট করার জন্য।এরপর আপনি যে সেক্টরে অনলাইন বিজনেস রান করছেন ওটা অফলাইনে আউটলেট দিতে পারবেন।|"
ham,0,আমিও জানতে চাই।আমার বেবিরা এখনো ফিডারেই জল খাচ্ছে।কিভাবে এটা বন্ধ করবো বুঝতে পারছিনা|,আমিও জানতে চাই।আমার বেবিরা এখনো ফিডারেই জল খাচ্ছে।কিভাবে এটা বন্ধ করবো বুঝতে পারছিনা|
ham,0,ভালো উদ্যোগ।|,ভালো উদ্যোগ।|
ham,0,গরুর গোশত খেতে ইচ্ছে করছে|,গরুর গোশত খেতে ইচ্ছে করছে|
ham,0,তামিমের অবসর ঘোষণার সাথে করুণ হিন্দি গানের তিন লাইন ব্যাকগ্রাউন্ড মিউজিক হিসেবে দেয়া ভিডিওগুলো কী রেডি হইছে!|,তামিমের অবসর ঘোষণার সাথে করুণ হিন্দি গানের তিন লাইন ব্যাকগ্রাউন্ড মিউজিক হিসেবে দেয়া ভিডিওগুলো কী রেডি হইছে!|
ham,0,"স্কুল, কলেজে এমন কয়েক হাজার পডকাস্ট করে ফেলেছি
~ আত্মসমর্পণ|","স্কুল, কলেজে এমন কয়েক হাজার পডকাস্ট করে ফেলেছি ~ আত্মসমর্পণ|"
ham,0,মা ছাড়া কেউ কোনও দিন কয়নাই - কী খাবি? কী রানবো?|,মা ছাড়া কেউ কোনও দিন কয়নাই - কী খাবি? কী রানবো?|
ham,0,"টাকা লাগবে? মা রে ফোন। জুতা ছিঁড়ে গেছে? মা রে ফোন। মন খারাপ? মা রে ফোন। মেজাজ খারাপ? মা রে ফোন। চশমা হারায় গেছে? মা রে ফোন। আমার মাঝে মাঝে মনে হয় আল্লা তো স্বরূপে দুনিয়ায় বিরাজ করেনা, তাই আমার জগতে তার হয়ে আমার মা রে পাঠাইছে।|","টাকা লাগবে? মা রে ফোন। জুতা ছিঁড়ে গেছে? মা রে ফোন। মন খারাপ? মা রে ফোন। মেজাজ খারাপ? মা রে ফোন। চশমা হারায় গেছে? মা রে ফোন। আমার মাঝে মাঝে মনে হয় আল্লা তো স্বরূপে দুনিয়ায় বিরাজ করেনা, তাই আমার জগতে তার হয়ে আমার মা রে পাঠাইছে।|"
ham,0,আর কতোদিন ঝুলে থাকবে? সর্বোচ্চ টেস্ট খেলতে পারতো এই ফিটনেস নিয়ে|,আর কতোদিন ঝুলে থাকবে? সর্বোচ্চ টেস্ট খেলতে পারতো এই ফিটনেস নিয়ে|
ham,0,"ভালোবেসে, সখী, নিভৃতে যতনে
আমার নামটি লিখো-- তোমার
মনের মন্দিরে।|","ভালোবেসে, সখী, নিভৃতে যতনে আমার নামটি লিখো-- তোমার মনের মন্দিরে।|"
ham,0,"জনগণের সাথে এভাবে দেমাগ দেখিয়ে,বাজেভাবে আচরণ করতেও বাধেনা তাদের। কে কি করবে তাকে??? সেই ক্ষমতা আছে কারো????????|","জনগণের সাথে এভাবে দেমাগ দেখিয়ে,বাজেভাবে আচরণ করতেও বাধেনা তাদের। কে কি করবে তাকে??? সেই ক্ষমতা আছে কারো????????|"
ham,0,স্মার্ট কার্ড রেডি হয়ে আছে বিগত ৫ বছর আগে অথচ আজকে আনতে গেলে বলে আগামী সপ্তাহে আসেন??|,স্মার্ট কার্ড রেডি হয়ে আছে বিগত <NUMBER> বছর আগে অথচ আজকে আনতে গেলে বলে আগামী সপ্তাহে আসেন??|
ham,0,খূঁজে বের করতে অনেক সময় লাগে??|,খূঁজে বের করতে অনেক সময় লাগে??|
spam,1,আপনি জিতেছেন এক লক্ষ টাকার লটারি |,আপনি জিতেছেন এক লক্ষ টাকার লটারি |
spam,1,অর্ডার করুন জলদি জলদি। আপনি পাবেন ৫০০ কয়েন অর্ডার করলেই|,অর্ডার করুন জলদি জলদি। আপনি পাবেন <NUMBER> কয়েন অর্ডার করলেই|
spam,1,যত জলদি রেজিষ্ট্রেশন তত জলদি অফার|,যত জলদি রেজিষ্ট্রেশন তত জলদি অফার|
spam,1,খরচ হবে বাজেটের মধ্যেই। এমন অফার কি মিস করা যায়?|,খরচ হবে বাজেটের মধ্যেই। এমন অফার কি মিস করা যায়?|
spam,1,নিজের যত্ন নিন। স্কিনকেয়ার পণ্য কিনুন বাজেটের মধ্যেই। |,নিজের যত্ন নিন। স্কিনকেয়ার পণ্য কিনুন বাজেটের মধ্যেই। |
spam,1,আড়ং এ চলছে আকর্ষণীয় অফার। তারিখের মধ্যে কেনাকাটা করে পান ২০% পর্যন্ত ফ্ল্যাট ডিস্কাউন্ট|,আড়ং এ চলছে আকর্ষণীয় অফার। তারিখের মধ্যে কেনাকাটা করে পান <NUMBER> % পর্যন্ত ফ্ল্যাট ডিস্কাউন্ট|
ham,0,বাচ্চার ব্যবহৃত কাঁথার ব্যবহার শেষ হয়ে গেলে সেগুলো কি করেন বা কিভাবে Recycle করা যায়|,বাচ্চার ব্যবহৃত কাঁথার ব্যবহার শেষ হয়ে গেলে সেগুলো কি করেন বা কিভাবে Recycle করা যায়|
spam,1,lotto তে চলছে 50% পর্যন্ত ফ্ল্যাট ডিস্কাউন্ট। বিস্তারিত জানতে আজই ভিজিট করুন|,lotto তে চলছে <NUMBER> % পর্যন্ত ফ্ল্যাট ডিস্কাউন্ট। বিস্তারিত জানতে আজই ভিজিট করুন|
spam,1,"ঢাকা গাউন্ডসেল এ স্বাগতম, আপনি জেনে আনন্দিত হবেন আমরা বাȁায় নতুন শো-রুম খুলেছি। এলখােন আপনারা
পাচ্ছেন 75% পযর্ন্ত ছাড়। আজই ঘুরে আসুন আমােদর শোরুম থেকে । |","ঢাকা গাউন্ডসেল এ স্বাগতম, আপনি জেনে আনন্দিত হবেন আমরা বাȁায় নতুন শো-রুম খুলেছি। এলখােন আপনারা পাচ্ছেন <NUMBER> % পযর্ন্ত ছাড়। আজই ঘুরে আসুন আমােদর শোরুম থেকে । |"
ham,0,"বর বলেছে, পাহাড়ের রাণী |","বর বলেছে, পাহাড়ের রাণী |"
ham,0,"আজ ১০টি বছর, পাপা তুমি নেই।|","আজ ১০টি বছর, পাপা তুমি নেই।|"
ham,0,এভাবে কি স্মার্ট বাংলাদেশের স্বপ্ন দেখা সম্ভব|,এভাবে কি স্মার্ট বাংলাদেশের স্বপ্ন দেখা সম্ভব|
ham,0,"আল্লাহ আমার ভাই সহ সকল মুদ্দারকে জান্নাতবাসী করেন,আমিন।|","আল্লাহ আমার ভাই সহ সকল মুদ্দারকে জান্নাতবাসী করেন,আমিন।|"
ham,0,বাংলাদেশ ক্রিকেটের এক কিংবদন্তির বিদায়|,বাংলাদেশ ক্রিকেটের এক কিংবদন্তির বিদায়|
ham,0,"আমি মেঘ ছুড়ে দেই তোমারও আকাশে,,|","আমি মেঘ ছুড়ে দেই তোমারও আকাশে,,|"
ham,0,বুঝে নিও তুমি এই আমাকে ..|,বুঝে নিও তুমি এই আমাকে ..|
ham,0,মাহমুদউল্লাহ ভাই আপনিও একটা সংবাদ সম্মেলনের ডাক দিয়া হাল্কা কান্নাকাটি করে ফেলেন।|,মাহমুদউল্লাহ ভাই আপনিও একটা সংবাদ সম্মেলনের ডাক দিয়া হাল্কা কান্নাকাটি করে ফেলেন।|
ham,0,কাজে দিয়া দিতেও পারে। তিনি আবার কারো কান্না সহ্য করতে পারেন না!|,কাজে দিয়া দিতেও পারে। তিনি আবার কারো কান্না সহ্য করতে পারেন না!|
ham,0,তাকওয়ার অধিকারী লোকদের ধন-সম্পদের মালিক হওয়াতে কোনো দোষ নেই।|,তাকওয়ার অধিকারী লোকদের ধন-সম্পদের মালিক হওয়াতে কোনো দোষ নেই।|
ham,0,স্রষ্টার সৃষ্টি কত সুন্দর । প্রশংসা একমাত্র তারই।|,স্রষ্টার সৃষ্টি কত সুন্দর । প্রশংসা একমাত্র তারই।|
ham,0,ইদ মোবারক|,ইদ মোবারক|
ham,0,"আপেল, মাল্টা বাড়িতে রেখে দিলে ৩-৪ মাসেও কেন কিছু হয়না? বিস্তারিতঃ- কিন্তু বাংলাদেশ কৃষি গবেষণা কাউন্সিলের পরিচালক কৃষিবিজ্ঞানী ড. মোহাম্মদ মনিরুল ইসলাম ডয়চে ভেলেকে বলেন, ‘‘ওই সিদ্ধান্ত ভুল ছিল৷ ফল-মূল এবং শাক-সবজি ফরমালিন দিয়ে সংরক্ষণ করা যায় না৷ আর সংরক্ষণের কোনো প্রমাণও পাওয়া যায়নি, যা হয়েছে তা ভ্রান্তি ছাড়া আর কিছুই নয়৷'' তিনি বলেন, ‘‘ফল মূল, শাক-সবজি এগুলো হলো ফাইবার৷ এখানে ফরমালিন দেয়ার কোনো সুযোগই নেই৷ কেউ যদি না বুঝে দেয়ও, তাহলেও কোনো কাজে আসবে না৷ সংরক্ষণে কোনো ভূমিকা রাখবে না৷ কারণ, এখানে কোনো প্রোটিন নেই৷ আমাদের দেশের মানুষের মধ্যে ব্যাপকভাবে ধারণা যে, ফল-মূল, শাক-সবজিতে ফরমালিন দেয়া হয়৷ এটা দুর্ভাগ্যজনক৷'' তিনি বলেন, ‘‘আমদানি করা আপেলে এক ধরনের এডিবল প্যারাফিন দেয়া হয়৷ এটা খাওয়ার যোগ্য৷ আমরা আপেল খাওয়ার পর এটা আবার একইভাবে বেরিয়ে আসবে৷ ফল-মূলে ৪০ ভাগ পানি থাকে৷ প্রতিদিন ওজন কমে ৫ থেকে ১০ গ্রাম৷ এখন একটি আপেলের প্রতিদিন যদি ৫ গ্রাম ওজন কমে তাহলে নিউজিল্যান্ড, অস্ট্রেলিয়া, ব্রাজিল থেকে আপেল আসতে সময় লাগে ২১ দিন, আসতে আসতেই হাড্ডিসার হয়ে যাবে৷ কেউ কিনবে না৷ আপনি-আমি যে আপেল খাই, অ্যামেরিকার প্রেসিডেন্ট ট্রাম্পও সেই একই আপেল খান৷ বিদেশে গেলে একটা আপেল, একটা মাল্টা নিয়ে আসবেন, দেড় বছরে কিছু হবে না৷ এটা হলো সায়েন্স৷ এটা এডিবল প্যারাফিন দিয়ে করা হয়৷ এখন ফলের খোসা দিয়ে কোটিং তৈরি করা হয়৷ আবার স্টিকার বের হয়েছে, যা ফলের ওপরে লাগানো থাকে, ওই রকম স্টিকার, যা দিয়ে আমের লাইফ দুই সপ্তাহ বাড়ানো যায়৷ এখানে বিভ্রান্ত হওয়ার কোনো সুযোগ নেই৷''|","আপেল, মাল্টা বাড়িতে রেখে দিলে <NUMBER> - <NUMBER> মাসেও কেন কিছু হয়না? বিস্তারিতঃ- কিন্তু বাংলাদেশ কৃষি গবেষণা কাউন্সিলের পরিচালক কৃষিবিজ্ঞানী ড. মোহাম্মদ মনিরুল ইসলাম ডয়চে ভেলেকে বলেন, ‘‘ওই সিদ্ধান্ত ভুল ছিল৷ ফল-মূল এবং শাক-সবজি ফরমালিন দিয়ে সংরক্ষণ করা যায় না৷ আর সংরক্ষণের কোনো প্রমাণও পাওয়া যায়নি, যা হয়েছে তা ভ্রান্তি ছাড়া আর কিছুই নয়৷'' তিনি বলেন, ‘‘ফল মূল, শাক-সবজি এগুলো হলো ফাইবার৷ এখানে ফরমালিন দেয়ার কোনো সুযোগই নেই৷ কেউ যদি না বুঝে দেয়ও, তাহলেও কোনো কাজে আসবে না৷ সংরক্ষণে কোনো ভূমিকা রাখবে না৷ কারণ, এখানে কোনো প্রোটিন নেই৷ আমাদের দেশের মানুষের মধ্যে ব্যাপকভাবে ধারণা যে, ফল-মূল, শাক-সবজিতে ফরমালিন দেয়া হয়৷ এটা দুর্ভাগ্যজনক৷'' তিনি বলেন, ‘‘আমদানি করা আপেলে এক ধরনের এডিবল প্যারাফিন দেয়া হয়৷ এটা খাওয়ার যোগ্য৷ আমরা আপেল খাওয়ার পর এটা আবার একইভাবে বেরিয়ে আসবে৷ ফল-মূলে <NUMBER> ভাগ পানি থাকে৷ প্রতিদিন ওজন কমে <NUMBER> থেকে <NUMBER> গ্রাম৷ এখন একটি আপেলের প্রতিদিন যদি <NUMBER> গ্রাম ওজন কমে তাহলে নিউজিল্যান্ড, অস্ট্রেলিয়া, ব্রাজিল থেকে আপেল আসতে সময় লাগে <NUMBER> দিন, আসতে আসতেই হাড্ডিসার হয়ে যাবে৷ কেউ কিনবে না৷ আপনি-আমি যে আপেল খাই, অ্যামেরিকার প্রেসিডেন্ট ট্রাম্পও সেই একই আপেল খান৷ বিদেশে গেলে একটা আপেল, একটা মাল্টা নিয়ে আসবেন, দেড় বছরে কিছু হবে না৷ এটা হলো সায়েন্স৷ এটা এডিবল প্যারাফিন দিয়ে করা হয়৷ এখন ফলের খোসা দিয়ে কোটিং তৈরি করা হয়৷ আবার স্টিকার বের হয়েছে, যা ফলের ওপরে লাগানো থাকে, ওই রকম স্টিকার, যা দিয়ে আমের লাইফ দুই সপ্তাহ বাড়ানো যায়৷ এখানে বিভ্রান্ত হওয়ার কোনো সুযোগ নেই৷''|"
ham,0,আমি জানিনা|,আমি জানিনা|
ham,0,"রাস্তার মেয়ে নাকি তোরা,,, জলদি চলে আসো|","রাস্তার মেয়ে নাকি তোরা,,, জলদি চলে আসো|"
ham,0,জাস্ট ৪ টায় বলে বলে এখনো কেউ যদি আসতো!!!!|,জাস্ট <NUMBER> টায় বলে বলে এখনো কেউ যদি আসতো!!!!|
ham,0,আয় তোরা|,আয় তোরা|
ham,0,আমি ফিনলে তে আছি|,আমি ফিনলে তে আছি|
ham,0,আমি সবার আগে আসছি|,আমি সবার আগে আসছি|
ham,0,জলদি চলে আসো|,জলদি চলে আসো|
ham,0,এই পেট পেট বৃষ্টিতে কি করতাম|,এই পেট পেট বৃষ্টিতে কি করতাম|
ham,0,আমি বের হচ্ছি|,আমি বের হচ্ছি|
ham,0,আসতেছিস তোরা?|,আসতেছিস তোরা?|
ham,0,"তাহলে রাতে যাইতে পারবা,সাহসী আছে|","তাহলে রাতে যাইতে পারবা,সাহসী আছে|"
ham,0,হালিয়ার হতা হইদ্দে|,হালিয়ার হতা হইদ্দে|
ham,0,বিকেলে চলে যাইও|,বিকেলে চলে যাইও|
ham,0,"তোমরা এতগুলা কথা বললে,,,, ,,,,,একটা মেসেজ পিন পোস্ট করে রাখো,,,, যাতে আমরা সেটা দেখে আগাইতে পারি|","তোমরা এতগুলা কথা বললে,,,, ,,,,,একটা মেসেজ পিন পোস্ট করে রাখো,,,, যাতে আমরা সেটা দেখে আগাইতে পারি|"
ham,0,"আমি বলি শোন,তোমরা গরমে বের হও মানে শনিবার সকালে|","আমি বলি শোন,তোমরা গরমে বের হও মানে শনিবার সকালে|"
ham,0,এরপর কেচ্ছু বললে মাইর খাবি|,এরপর কেচ্ছু বললে মাইর খাবি|
ham,0,যা তোদের জ্বালায় ডিপি চেইঞ্জ করলাম|,যা তোদের জ্বালায় ডিপি চেইঞ্জ করলাম|
ham,0,আমি কি ডিপি দিছিলাম সেটাই তো মনে নাই|,আমি কি ডিপি দিছিলাম সেটাই তো মনে নাই|
ham,0,প্লেস ঠিক করছস?|,প্লেস ঠিক করছস?|
ham,0,আমি তো বিকেলে পারবো যে|,আমি তো বিকেলে পারবো যে|
ham,0,"তোমরা তো হিংসুক বান্ধুবি সব গুলা,,,,নাইলে এতোদিন কি আমি সুন্দর না হই থাকতাম?! তোমরা মেরিন সিটি মেগা শপিং কমপ্লেক্স থেকে লুকিয়ে লুকিয়ে সব কিনে কিনে মাখো আর সুন্দর হও,,,আমারে কিচ্ছু জানাও না হুহ,,,|","তোমরা তো হিংসুক বান্ধুবি সব গুলা,,,,নাইলে এতোদিন কি আমি সুন্দর না হই থাকতাম?! তোমরা মেরিন সিটি মেগা শপিং কমপ্লেক্স থেকে লুকিয়ে লুকিয়ে সব কিনে কিনে মাখো আর সুন্দর হও,,,আমারে কিচ্ছু জানাও না হুহ,,,|"
ham,0,"তোমরা কেউ আমার ভালো দেখতে চাও না,,, কেউ না,, কেউ না|","তোমরা কেউ আমার ভালো দেখতে চাও না,,, কেউ না,, কেউ না|"
ham,0,"ভার্সিটির শুরুতেও ছিলাম।এরপর আমার জীবনে ২য় প্রেমের ঢেউ আসলো,,, আর আমি আবার চদর ভদর হয়ে গেলাম|","ভার্সিটির শুরুতেও ছিলাম।এরপর আমার জীবনে ২য় প্রেমের ঢেউ আসলো,,, আর আমি আবার চদর ভদর হয়ে গেলাম|"
ham,0,"নিজেরা এই কয়দিন একটু প্র‍্যাকটিস করছ বলে আমাদের চোখে দেখতেছ না আর কি,,,|","নিজেরা এই কয়দিন একটু প্র‍্যাকটিস করছ বলে আমাদের চোখে দেখতেছ না আর কি,,,|"
ham,0,"মানুষের দুর্বল জায়গায় আঘাত করা ঠিক না,,,|","মানুষের দুর্বল জায়গায় আঘাত করা ঠিক না,,,|"
ham,0,যা রিলাক্স কর তীরা|,যা রিলাক্স কর তীরা|
ham,0,ডাইরেক্ট একশন তাইলে|,ডাইরেক্ট একশন তাইলে|
ham,0,"আগে জামাই বললেই আমাদের কতো বকা,,|","আগে জামাই বললেই আমাদের কতো বকা,,|"
ham,0,নিজে এখন সেই সংসার করতেছে|,নিজে এখন সেই সংসার করতেছে|
ham,0,"চোখবন্ধ তুশিপু, পানি মুখে মাইশা, আরহান বাবু|","চোখবন্ধ তুশিপু, পানি মুখে মাইশা, আরহান বাবু|"
ham,0,কয উনি প্রাইম মিনিস্টার। দেশ চালাইতে হবে|,কয উনি প্রাইম মিনিস্টার। দেশ চালাইতে হবে|
ham,0,সবাইকে পবিত্র ইদ-উল-আযহার শুভেচ্ছা|,সবাইকে পবিত্র ইদ-উল-আযহার শুভেচ্ছা|
ham,0,আলহামদুলিল্লাহ শ্বশুর বাড়িতে প্রথম ঈদ|,আলহামদুলিল্লাহ শ্বশুর বাড়িতে প্রথম ঈদ|
ham,0,সুন্দরবনের মধু কোনটা?|,সুন্দরবনের মধু কোনটা?|
ham,0,জিনি ঐটা থাকে তোর ভাইয়ের কাছে?|,জিনি ঐটা থাকে তোর ভাইয়ের কাছে?|
ham,0,কাশির জন্য সরিষাটা ভালো না?|,কাশির জন্য সরিষাটা ভালো না?|
ham,0,মেয়ের জ্বর|,মেয়ের জ্বর|
ham,0,সাবলীলভাবে করে নাই।কেমন জানি মেকি একটা ভাব আছে।|,সাবলীলভাবে করে নাই।কেমন জানি মেকি একটা ভাব আছে।|
ham,0,কোনটা নিতাম বল|,কোনটা নিতাম বল|
ham,0,তাও তো ভাই করসে।আমরা তো গাধুনিগুলা ওই জায়গায় যাইতেও পারব না।|,তাও তো ভাই করসে।আমরা তো গাধুনিগুলা ওই জায়গায় যাইতেও পারব না।|
ham,0,চিল মার।ব্যাংকে ওয়াক ইন কাস্টমার আসে না?!ওদেরকে বলবি।এর বেশি আর কি করতে পারস?!|,চিল মার।ব্যাংকে ওয়াক ইন কাস্টমার আসে না?!ওদেরকে বলবি।এর বেশি আর কি করতে পারস?!|
ham,0,অামিতো সরিষাটা অর্ডার দিছি।|,অামিতো সরিষাটা অর্ডার দিছি।|
ham,0,এপ্লাইড ফিজিক্সের|,এপ্লাইড ফিজিক্সের|
ham,0,এটা যুগ যুগ ধরে নিয়ম চলে আসতেসে।|,এটা যুগ যুগ ধরে নিয়ম চলে আসতেসে।|
ham,0,গিয়ে ব্যাগ রাখি।ফ্রশ হই।সবার সাথে গল্প করি।চা খাই।তারপর আস্তে-ধীরে কাজ শুরু করি।|,গিয়ে ব্যাগ রাখি।ফ্রশ হই।সবার সাথে গল্প করি।চা খাই।তারপর আস্তে-ধীরে কাজ শুরু করি।|
ham,0,লম্বা করে ছেলেটা|,লম্বা করে ছেলেটা|
ham,0,উত্তরা ব্যাংকের নিয়ম হইল বরিবার ৯ টার ভিতর ব্যাংকে ঢুকা লাগে।বরিবার আমাদের সান্ডে মিটিং থাকে।|,উত্তরা ব্যাংকের নিয়ম হইল বরিবার <NUMBER> টার ভিতর ব্যাংকে ঢুকা লাগে।বরিবার আমাদের সান্ডে মিটিং থাকে।|
ham,0,একদম ভালো কাজ করসোস।|,একদম ভালো কাজ করসোস।|
ham,0,ওই রিফাদের সাথে ফিজিক্স অলিম্পিয়াডে খাতা কাটতো যে|,ওই রিফাদের সাথে ফিজিক্স অলিম্পিয়াডে খাতা কাটতো যে|
ham,0,এই ছেলেটা আনফ্রেন্ড করে দিসিল।এখন এড পাঠাইসে।এক্সেপ্ট করে আইডিতে এক্সেস দিয়ে একটা সারপ্রাইজ দিব?!|,এই ছেলেটা আনফ্রেন্ড করে দিসিল।এখন এড পাঠাইসে।এক্সেপ্ট করে আইডিতে এক্সেস দিয়ে একটা সারপ্রাইজ দিব?!|
ham,0,তোরটা আমারও মনে থাকে না।|,তোরটা আমারও মনে থাকে না।|
ham,0,কই গেসিল ছেলেটা?|,কই গেসিল ছেলেটা?|
ham,0,কি দিয়ে বানাইছোস?|,কি দিয়ে বানাইছোস?|
ham,0,"দেশের বাহিরে যারা যায় সবাই তো এরকম পড়ে।পুজা,চন্দ্রিমা এগুলারে দেখস নাই?!|","দেশের বাহিরে যারা যায় সবাই তো এরকম পড়ে।পুজা,চন্দ্রিমা এগুলারে দেখস নাই?!|"
ham,0,খাতুনগঞ্জে ৯ টা ৯:৩০ থেকে কাস্টমার আসা শুরু করে যে রাতের ৭ টা ৮ টায়ও আসে।পারে না ব্যাংকেই থেকে যায়।|,খাতুনগঞ্জে <NUMBER> টা <NUMBER> : <NUMBER> থেকে কাস্টমার আসা শুরু করে যে রাতের <NUMBER> টা <NUMBER> টায়ও আসে।পারে না ব্যাংকেই থেকে যায়।|
ham,0,আমার পার্সেল আসছে না?!আমাকে বলতেসে যে এত্ত জামা কাপড় না কিনে আমাদেরকে খাওয়াইয়েন।সওয়াব পাবেন।আমি বলসি যে স্যার এত্ত সওয়াব দিয়ে আমি কি করব?!আপ্নারাও কিছু সওয়াব কামাই করেন।নাহয় মৃত্যুর পর দেখবেন আমি নাচতে নাচতে জান্নাতে ঢুকতেসি।আর আপ্নারা জান্নাতের দরজা ধরে দাঁড়ায় দাঁড়ায় কান্না করবেন।|,আমার পার্সেল আসছে না?!আমাকে বলতেসে যে এত্ত জামা কাপড় না কিনে আমাদেরকে খাওয়াইয়েন।সওয়াব পাবেন।আমি বলসি যে স্যার এত্ত সওয়াব দিয়ে আমি কি করব?!আপ্নারাও কিছু সওয়াব কামাই করেন।নাহয় মৃত্যুর পর দেখবেন আমি নাচতে নাচতে জান্নাতে ঢুকতেসি।আর আপ্নারা জান্নাতের দরজা ধরে দাঁড়ায় দাঁড়ায় কান্না করবেন।|
ham,0,আমার টাকা দিয়ে আমি কি করব না করব তা নিয়ে মানুষের এত্ত আগ্রহ|,আমার টাকা দিয়ে আমি কি করব না করব তা নিয়ে মানুষের এত্ত আগ্রহ|
ham,0,লিটল চিকন এগুলার বিয়েতেও তো যাই নাই।কিন্তু এগুলার যে বিয়ে হইসে ওটা মনে থাকে।|,লিটল চিকন এগুলার বিয়েতেও তো যাই নাই।কিন্তু এগুলার যে বিয়ে হইসে ওটা মনে থাকে।|
ham,0,আমি বলার পর বেটা পুরা চুপ|,আমি বলার পর বেটা পুরা চুপ|
ham,0,আমি বলসি যে স্যার আপনি কি কি করেন এত্ত টাকা দিয়ে আমাকে একটু বলেন।আমিও ওগুলা করব আরকি।|,আমি বলসি যে স্যার আপনি কি কি করেন এত্ত টাকা দিয়ে আমাকে একটু বলেন।আমিও ওগুলা করব আরকি।|
ham,0,তোকে স্যালারি নিয়ে এক বেটা বলসিল না যে এত্ত টাকা দিয়ে কি করবি?|,তোকে স্যালারি নিয়ে এক বেটা বলসিল না যে এত্ত টাকা দিয়ে কি করবি?|
ham,0,মাকসুদ হয়তবা এখন ওর বউকে খুব প্রাউড ফিল করে বলে যে ভার্সিটি থাকতে ক্লাসের ২ টা মেয়ে ওকে অনেক ডিস্টার্ব করসিল।|,মাকসুদ হয়তবা এখন ওর বউকে খুব প্রাউড ফিল করে বলে যে ভার্সিটি থাকতে ক্লাসের <NUMBER> টা মেয়ে ওকে অনেক ডিস্টার্ব করসিল।|
ham,0,আমিও ঢিলার মত কথা বলতেসি|,আমিও ঢিলার মত কথা বলতেসি|
ham,0,ও আচ্ছা হ্যা ঠিকাসে তো|,ও আচ্ছা হ্যা ঠিকাসে তো|
ham,0,তোদের ব্যাংক অনেক জোস তো|,তোদের ব্যাংক অনেক জোস তো|
ham,0,মাকসুদ কিন্তু আমাদের এগুলাতে মনে মনে অনেক খুশি হইত।|,মাকসুদ কিন্তু আমাদের এগুলাতে মনে মনে অনেক খুশি হইত।|
ham,0,দেখ না কি পরিমাণ হাস্যকর লেভেলের উপস্থাপনা করস|,দেখ না কি পরিমাণ হাস্যকর লেভেলের উপস্থাপনা করস|
ham,0,এখন আমাদেরকে পাত্তা দিবে না|,এখন আমাদেরকে পাত্তা দিবে না|
ham,0,মনে হয় তোর ম্যানেজার তোর এই ছুটিটা PD কে জানায় নাই।সেজন্য অফিশিয়ালি তোর সবকিছু বাকিদের মতো চলতেসে|,মনে হয় তোর ম্যানেজার তোর এই ছুটিটা PD কে জানায় নাই।সেজন্য অফিশিয়ালি তোর সবকিছু বাকিদের মতো চলতেসে|
ham,0,"এই লোকটা কোন স্টুডেন্টের মোবাইল টিপতেসে আল্লায় জানে।
|",এই লোকটা কোন স্টুডেন্টের মোবাইল টিপতেসে আল্লায় জানে। |
ham,0,শুন জিবি ইনচার্জ তেমন রিস্কি কাজ না।ক্যাশ ইনচার্জ হইলে ভয় পাওয়ার কথা ছিল।জিবিতে জাস্ট কাজের প্রেশার বেশি।কাজ শেষ হইতে চায় না জিবির।|,শুন জিবি ইনচার্জ তেমন রিস্কি কাজ না।ক্যাশ ইনচার্জ হইলে ভয় পাওয়ার কথা ছিল।জিবিতে জাস্ট কাজের প্রেশার বেশি।কাজ শেষ হইতে চায় না জিবির।|
ham,0,একবার সে আমার স্ট্যাটিস্টিক্স খাতা চাইসিল। এটাকে বলসিলাম আমাদেরকে ফেইসবুকে এড দিলে আমরা খাতা দিব।নাহয় দিব না।কি বেয়াদ্দপ ছিলাম আমরা ২ টা।|,একবার সে আমার স্ট্যাটিস্টিক্স খাতা চাইসিল। এটাকে বলসিলাম আমাদেরকে ফেইসবুকে এড দিলে আমরা খাতা দিব।নাহয় দিব না।কি বেয়াদ্দপ ছিলাম আমরা <NUMBER> টা।|
ham,0,Bank Company Act আছে না?!যে কোনো ব্যাংক চাইলেই নিজের মত করে আইন বানায় চলতে পারে না।|,Bank Company Act আছে না?!যে কোনো ব্যাংক চাইলেই নিজের মত করে আইন বানায় চলতে পারে না।|
ham,0,আর বাংলাদেশ ব্যাংক আছে না?!এই কাজ করলে বাংলাদেশ ব্যাংক থেকেই তো ছ্যাচা খাবে একটা।|,আর বাংলাদেশ ব্যাংক আছে না?!এই কাজ করলে বাংলাদেশ ব্যাংক থেকেই তো ছ্যাচা খাবে একটা।|
ham,0,ওই শ্রাবন্তী কই থাকে কি করে কেউ জানস?!|,ওই শ্রাবন্তী কই থাকে কি করে কেউ জানস?!|
ham,0,এগুলা যদি জানিতে পারে আমাদেরকে কি ভাববে ভেবে দেখ।|,এগুলা যদি জানিতে পারে আমাদেরকে কি ভাববে ভেবে দেখ।|
ham,0,তোরা এত্ত নেগেটিভলি কেন নিচ্ছস ব্যাপারটা?ও দেশের বাজারকে বিদেশে উপস্থাপন করতেসে।|,তোরা এত্ত নেগেটিভলি কেন নিচ্ছস ব্যাপারটা?ও দেশের বাজারকে বিদেশে উপস্থাপন করতেসে।|
ham,0,ওদের সব কিছু তো ফেইসবুকে দেয়। একটা দেয় না মনে হয়|,ওদের সব কিছু তো ফেইসবুকে দেয়। একটা দেয় না মনে হয়|
ham,0,হ্যা।বোনাস গুলা জাস্ট বেসিক স্যালারিটা দেয়।|,হ্যা।বোনাস গুলা জাস্ট বেসিক স্যালারিটা দেয়।|
ham,0,আমাদের সাথে হেড অফিসে সফটওয়্যার ডিপার্টমেন্ট বা আইটি ডিপার্টমেন্টে যারা আছে ওরা যেই আফসোস করে।যখন দেখে আমরা বিল নিচ্ছি।|,আমাদের সাথে হেড অফিসে সফটওয়্যার ডিপার্টমেন্ট বা আইটি ডিপার্টমেন্টে যারা আছে ওরা যেই আফসোস করে।যখন দেখে আমরা বিল নিচ্ছি।|
ham,0,আরেহ নাহ।এত্তটাও সেস্রা হয় না কোনো প্রতিষ্ঠান।|,আরেহ নাহ।এত্তটাও সেস্রা হয় না কোনো প্রতিষ্ঠান।|
ham,0,আর কনফারমেশনের পরে গ্রেড চেইঞ্জ হয়ে স্যালারি বাড়ে|,আর কনফারমেশনের পরে গ্রেড চেইঞ্জ হয়ে স্যালারি বাড়ে|
ham,0,অনেক ব্যাংকে গ্রেড চেইঞ্জ হয় না।জাস্ট স্যালারি বাড়ে|,অনেক ব্যাংকে গ্রেড চেইঞ্জ হয় না।জাস্ট স্যালারি বাড়ে|
ham,0,কিন্তু কোনো প্রতিষ্ঠানেই শুধু বেসিক স্যালারি দাওয়ার কোনো নিয়ম নাই।সেটা হোক প্রবিশন পিরিওডে।|,কিন্তু কোনো প্রতিষ্ঠানেই শুধু বেসিক স্যালারি দাওয়ার কোনো নিয়ম নাই।সেটা হোক প্রবিশন পিরিওডে।|
ham,0,"কোনো ব্যাংকেই প্রবিশনে শুধু বেসিক স্যালারি দেয় না।বেসিকের সাথে মেডিকেল এলাউয়েন্স,হোম রেন্ট ব্লা ব্লা সব যোগ হয়।|","কোনো ব্যাংকেই প্রবিশনে শুধু বেসিক স্যালারি দেয় না।বেসিকের সাথে মেডিকেল এলাউয়েন্স,হোম রেন্ট ব্লা ব্লা সব যোগ হয়।|"
ham,0,শুধু বেসিক দাওয়ার নিয়মই নাই।|,শুধু বেসিক দাওয়ার নিয়মই নাই।|
ham,0,ওবুক পেয়েও গেসোস?!আমাদের এটা নিয়ে আজকে মাত্র মিটিং করসে।কালকে বা পরশু দিতে পারে।|,ওবুক পেয়েও গেসোস?!আমাদের এটা নিয়ে আজকে মাত্র মিটিং করসে।কালকে বা পরশু দিতে পারে।|
ham,0,শুন না।আজকে বিকালে নাকি আমাদের ব্যাংকের ম্যানেজমেন্ট ফুটবল বোনাসের সার্কুলার নিয়ে মিটিং করসে।|,শুন না।আজকে বিকালে নাকি আমাদের ব্যাংকের ম্যানেজমেন্ট ফুটবল বোনাসের সার্কুলার নিয়ে মিটিং করসে।|
ham,0,ও আচ্ছা।উত্তরাতে মনে হয় দেখলাম যেই বছরের প্রফিট বোনাস ওই বছর ৬ মাস সার্ভিসে থাকা লাগবে।তাহলে পাবে।|,ও আচ্ছা।উত্তরাতে মনে হয় দেখলাম যেই বছরের প্রফিট বোনাস ওই বছর <NUMBER> মাস সার্ভিসে থাকা লাগবে।তাহলে পাবে।|
ham,0,তোদেরটার কোনো খবর পাইসোস এখনো?!|,তোদেরটার কোনো খবর পাইসোস এখনো?!|
ham,0,ওই আমার পার্সেল আজকে দিবে।তুই কি বিকাশ আজকে করতে পারবি?!নাহয় আমার অন্য কারো থেকে ম্যানেজ করা লাগবে।|,ওই আমার পার্সেল আজকে দিবে।তুই কি বিকাশ আজকে করতে পারবি?!নাহয় আমার অন্য কারো থেকে ম্যানেজ করা লাগবে।|
ham,0,তোরা পাস নাই?|,তোরা পাস নাই?|
ham,0,তুই ব্যাংকে জয়েন করসোস কবে?!পাস নাই কেন?!|,তুই ব্যাংকে জয়েন করসোস কবে?!পাস নাই কেন?!|
ham,0,তোদের নারায়নগঞ্জে যেই জোস জোস কাপড় বিক্রি করে।তাও যেই কম দামে।তুই তো বাড়িতে গেলেও একসাথে অনেকগুলা কিনতে পারস।|,তোদের নারায়নগঞ্জে যেই জোস জোস কাপড় বিক্রি করে।তাও যেই কম দামে।তুই তো বাড়িতে গেলেও একসাথে অনেকগুলা কিনতে পারস।|
ham,0,এই বোনাস গুলা পাইলেও তো কাজে দিত এখন।|,এই বোনাস গুলা পাইলেও তো কাজে দিত এখন।|
ham,0,সার্ভিসের ৬ মাস হইলেই তো পায়|,সার্ভিসের <NUMBER> মাস হইলেই তো পায়|
ham,0,অনেকগুলা দোকান আছে খুচরা বিক্রি করে|,অনেকগুলা দোকান আছে খুচরা বিক্রি করে|
ham,0,কোন কোন ব্যাংকে দিসে জানস?!|,কোন কোন ব্যাংকে দিসে জানস?!|
ham,0,শুনসি তো দিবে।এখনো তো কোনো সাড়াশব্দ নাই।তোদেরকে দেয় নাই এখনো?!|,শুনসি তো দিবে।এখনো তো কোনো সাড়াশব্দ নাই।তোদেরকে দেয় নাই এখনো?!|
ham,0,নারায়নগঞ্জের একটা মেয়ে ব্লগার আছে।ওর ভিডিওতে আমি দেখি।৩০০ টাকা থেকে শুরু থ্রিপিসের দাম।মোটামুটি ৫০০ টাকা হইলে যেই জোস জোস সুতির থ্রিপিস।|,নারায়নগঞ্জের একটা মেয়ে ব্লগার আছে।ওর ভিডিওতে আমি দেখি। <MONEY> থেকে শুরু থ্রিপিসের দাম।মোটামুটি <MONEY> হইলে যেই জোস জোস সুতির থ্রিপিস।|
ham,0,IFIC র MD নাকি বুলশিট বলে কাগজ বাতাসে উড়ায় দিসে।|,IFIC র MD নাকি বুলশিট বলে কাগজ বাতাসে উড়ায় দিসে।|
ham,0,ঢাকা থেকে নেস কেন তুই?!|,ঢাকা থেকে নেস কেন তুই?!|
ham,0,৪ টা দিসে যে ওটা মনে হয় প্রফিট বোনাস দিসে।|,<NUMBER> টা দিসে যে ওটা মনে হয় প্রফিট বোনাস দিসে।|
ham,0,আমি বৃহস্পতিবার সেকেন্ড স্যারকে বলতেসিলাম যে ব্যাংকারদের কপাল হইল কাজ করে কোটি কোটি টাকা নিয়ে।অথচ নিজেরা ফকির।|,আমি বৃহস্পতিবার সেকেন্ড স্যারকে বলতেসিলাম যে ব্যাংকারদের কপাল হইল কাজ করে কোটি কোটি টাকা নিয়ে।অথচ নিজেরা ফকির।|
ham,0,মানুষের মনে হয় ধারণা যে ব্যাংকে যারা জব করে ব্যাংকের সব টাকা পয়সা তাদের।|,মানুষের মনে হয় ধারণা যে ব্যাংকে যারা জব করে ব্যাংকের সব টাকা পয়সা তাদের।|
ham,0,ব্যাংকে জব করস তাও তোর টাকা ধার নেওয়া লাগে|,ব্যাংকে জব করস তাও তোর টাকা ধার নেওয়া লাগে|
ham,0,আমি যেই পেইজে অর্ডার দিসি ওই পেইজ থেকে আগেও ড্রেস নিসিলাম।খারাপ হয় নাই।তাই এবারও সাহস করে অর্ডার দিসি।আর আমার পায়ে ব্যাথা পাইসি।হাটতে কষ্ট হয়।তাই এবার মার্কেটেও যাইতে ইচ্ছা করতেসে না।|,আমি যেই পেইজে অর্ডার দিসি ওই পেইজ থেকে আগেও ড্রেস নিসিলাম।খারাপ হয় নাই।তাই এবারও সাহস করে অর্ডার দিসি।আর আমার পায়ে ব্যাথা পাইসি।হাটতে কষ্ট হয়।তাই এবার মার্কেটেও যাইতে ইচ্ছা করতেসে না।|
ham,0,ধুরো।আর হিসাব করতে পারব না।যা পাই তুই হিসাব করে আমাকে npsb করে দে।|,ধুরো।আর হিসাব করতে পারব না।যা পাই তুই হিসাব করে আমাকে npsb করে দে।|
ham,0,হায়রে ঢং|,হায়রে ঢং|
ham,0,বেইজ্জত করতে বলি নাই তো।এগুলা পুরা হাস্যকর বানায় ফেলসে এটাকে।আমার এই জিনিসটা অনেক ভয় লাগে কেমন কষ্ট হবে আমার।|,বেইজ্জত করতে বলি নাই তো।এগুলা পুরা হাস্যকর বানায় ফেলসে এটাকে।আমার এই জিনিসটা অনেক ভয় লাগে কেমন কষ্ট হবে আমার।|
ham,0,কত্তগুলা টাকা চলে আসছে।২ টা জামাতেই আমার সাড়ে ছয় হাজারের উপর কস্টিং চলে আসছে।আরো কুরিয়ার চার্জ।|,কত্তগুলা টাকা চলে আসছে। <NUMBER> টা জামাতেই আমার সাড়ে ছয় হাজারের উপর কস্টিং চলে আসছে।আরো কুরিয়ার চার্জ।|
ham,0,আমার টাকা পয়সা দিবি না?!অনলাইনে ঈদের জামা কাপড় অর্ডার দিয়ে বসে আছি।টাকা শর্ট পড়সে।|,আমার টাকা পয়সা দিবি না?!অনলাইনে ঈদের জামা কাপড় অর্ডার দিয়ে বসে আছি।টাকা শর্ট পড়সে।|
ham,0,আমি অর্ডার দিয়ে ফেলসি তো।পেমেন্ট হচ্ছে ক্যাশ অন ডেলিভারি।আমি টাকা ধার করসি।আম্মু থেকে করসি।আমার একাউন্টে কিছু ছিল।আর তুই দিবি যে ওগুলা।পারলে তুইও কিছু ধার দে।|,আমি অর্ডার দিয়ে ফেলসি তো।পেমেন্ট হচ্ছে ক্যাশ অন ডেলিভারি।আমি টাকা ধার করসি।আম্মু থেকে করসি।আমার একাউন্টে কিছু ছিল।আর তুই দিবি যে ওগুলা।পারলে তুইও কিছু ধার দে।|
ham,0,যেই সুন্দর জামাগুলা।আমি লোভ সামলায় একটা অর্ডার করলে পারতাম।|,যেই সুন্দর জামাগুলা।আমি লোভ সামলায় একটা অর্ডার করলে পারতাম।|
ham,0,তাইলে কোল্ড কফি ২৮০?!|,তাইলে কোল্ড কফি <NUMBER> ?!|
ham,0,প্রথমবার বেটা আমাকে ২০ টাকার নোট একটা আর ১০ টাকার নোট একটা দিসিল।পরেরবার বিল দিতে গিয়ে আমি ৫০ টাকার নোট কতগুলার সাথে ওগুলা আবার বেটাকে দিয়ে দিসি।|,প্রথমবার বেটা আমাকে <MONEY> র নোট একটা আর <MONEY> র নোট একটা দিসিল।পরেরবার বিল দিতে গিয়ে আমি <MONEY> র নোট কতগুলার সাথে ওগুলা আবার বেটাকে দিয়ে দিসি।|
ham,0,প্রথমবার বিল কত দিসিলাম?!|,প্রথমবার বিল কত দিসিলাম?!|
ham,0,ক্যাপাচিনো ২ শ কত করে জানি ছিল|,ক্যাপাচিনো <NUMBER> শ কত করে জানি ছিল|
ham,0,প্রথমবার বিল কত দিসিলাম এটা বল|,প্রথমবার বিল কত দিসিলাম এটা বল|
ham,0,তারপরে আবার কেটুর জন্য কোল্ড কফি দিসি ২৭০ টাকা।এটা মনে আছে খালি।|,তারপরে আবার কেটুর জন্য কোল্ড কফি দিসি <MONEY> ।এটা মনে আছে খালি।|
ham,0,ভাংতি কত টাকা ওটা মনে পড়তেসে না।|,ভাংতি কত টাকা ওটা মনে পড়তেসে না।|
ham,0,হিসাব ভুল হচ্ছে।প্রথমবারেই তো ১৩ শ কত টাকা বিল দিসি।|,হিসাব ভুল হচ্ছে।প্রথমবারেই তো <NUMBER> শ কত টাকা বিল দিসি।|
ham,0,৭৫০ ক্যাম্নে?!|,<NUMBER> ক্যাম্নে?!|
ham,0,নিয়ে আসিও আজকে|,নিয়ে আসিও আজকে|
ham,0,আর না হয় শনিবার আমার অফ তখন দিয়ে আসলাম|,আর না হয় শনিবার আমার অফ তখন দিয়ে আসলাম|
ham,0,আসসালামুয়ালাইকুম|,আসসালামুয়ালাইকুম|
ham,0,চকবাজার আসা হয়?|,চকবাজার আসা হয়?|
ham,0,তাহিয়া চকবাজার যায় কোচিং|,তাহিয়া চকবাজার যায় কোচিং|
ham,0,কোথা থেকে|,কোথা থেকে|
ham,0,এখন তো মাগরিবের নামাজ শেষ হতে হতে হতে ৭টা বাজে|,এখন তো মাগরিবের নামাজ শেষ হতে হতে হতে ৭টা বাজে|
ham,0,সন্ধ্যায় শুরু করবে বললো|,সন্ধ্যায় শুরু করবে বললো|
ham,0,স্কুল থেকে ছুটি নিলাম|,স্কুল থেকে ছুটি নিলাম|
ham,0,"আমি ভাবতেছি কি করবো।যা বৃষ্টি, রোডে পানি|","আমি ভাবতেছি কি করবো।যা বৃষ্টি, রোডে পানি|"
ham,0,ওই ৮টায় শেষ করে দিবে|,ওই ৮টায় শেষ করে দিবে|
ham,0,আসসালামুয়ালাইকুম আগামীকাল তানির অনুষ্ঠানে কখন যাবি?|,আসসালামুয়ালাইকুম আগামীকাল তানির অনুষ্ঠানে কখন যাবি?|
ham,0,কোন রকম দিলাম। এতদূর জার্নি করে আমি ক্লান্ত হয়ে পড়তাম।|,কোন রকম দিলাম। এতদূর জার্নি করে আমি ক্লান্ত হয়ে পড়তাম।|
ham,0,মাশাল্লাহ। মা আর কি পড়বে।এবার তার পালা|,মাশাল্লাহ। মা আর কি পড়বে।এবার তার পালা|
ham,0,তুমি রেডি থাকিও|,তুমি রেডি থাকিও|
ham,0,তোর কেমন হলো?|,তোর কেমন হলো?|
ham,0,আমি আর জাকু ১১টা করে যাবো।তোর সুবিধা হলে তুই আয়|,আমি আর জাকু ১১টা করে যাবো।তোর সুবিধা হলে তুই আয়|
ham,0,সকালে যেতে পারবি সেদিন?|,সকালে যেতে পারবি সেদিন?|
ham,0,"সোমবার তানির বাসায় যাবো আমরা(জাকু,মারজু,আমি)প্রমিকেও বলবো|","সোমবার তানির বাসায় যাবো আমরা(জাকু,মারজু,আমি)প্রমিকেও বলবো|"
ham,0,"ও, তুমি তো চট্টগ্রাম|","ও, তুমি তো চট্টগ্রাম|"
ham,0,"আচ্ছা, ওয়েট|","আচ্ছা, ওয়েট|"
spam,1,"আয়োজনের
প্রয়োজনে চালডাল!
আলু৳৩৯
পিঁয়াজ৳৫৫
কোডঃ7F
T&C
chdl.co/UehPRbKs|",আয়োজনের প্রয়োজনে চালডাল! আলু <MONEY> পিঁয়াজ <MONEY> কোডঃ7F T&C <URL>
spam,1,"প্রিয়,								
কানাডাতে IELTS ছাড়া অ্যাপ্লাই করার ২৬ টা স্টাডি স্লট থেকে আপনার স্লটে অ্যাডমিশন পেতে আজকে 3pm-5pm এর মধ্যে আমাদের অফিস ভিসিট করুন।								
ঠিকানা: Wasa Circle (Beside SH Khan petrol pump), Chattogram.								
GIC Education","প্রিয়, কানাডাতে IELTS ছাড়া অ্যাপ্লাই করার <NUMBER> টা স্টাডি স্লট থেকে আপনার স্লটে অ্যাডমিশন পেতে আজকে 3pm-5pm এর মধ্যে আমাদের অফিস ভিসিট করুন। ঠিকানা: Wasa Circle (Beside SH Khan petrol pump), Chattogram. GIC Education"
spam,1,"৳৯৯+অর্ডারে গিফট!	
কোডঃ 4V	
ডিম৳১৩৯	
চাল৳৬১	
তেল৳৮৯৫	
T&C	
chdl.co/MSBzirsV",<MONEY> +অর্ডারে গিফট! কোডঃ 4V ডিম <MONEY> চাল <MONEY> তেল <MONEY> T&C <URL>
spam,1,"ফ্লোর ক্লিনার ১লিঃ৳১৪৯	
মাসের বাজারে ছাড়	
কোড:CD2	
T&C	
chdl.co/pukKKgMF",ফ্লোর ক্লিনার ১লিঃ <MONEY> মাসের বাজারে ছাড় কোড:CD2 T&C <URL>
spam,1,"ডিলে জাতীয় পতাকা৳৭১	
নগদ-এ ৳৭৫ক্যাশব্যাক	
গিফট কোডঃBD	
Chaldal.com/Free",ডিলে জাতীয় পতাকা <MONEY> নগদ-এ <MONEY> ক্যাশব্যাক গিফট কোডঃBD <URL>
spam,1,"সাশ্রয়ে ৩৪% পযর্ন্ত ছাড়ে	
ডায়াপার চালডাল-এ	
T&C*	
chdl.co/mhOqX0K",সাশ্রয়ে <NUMBER> % পযর্ন্ত ছাড়ে ডায়াপার চালডাল-এ T&C* <URL>
spam,1,আপনি 300 টাকা পেয়েছেন মেসেজ ওপশন এ গিয়ে লিখুন START NMZRR send 21213,আপনি <MONEY> পেয়েছেন মেসেজ ওপশন এ গিয়ে লিখুন START NMZRR send <NUMBER>
spam,1,বাংলা ও ইংলিশ মিডিয়ামের অভিজ্ঞ টিউটর খুঁজছেন?Tuition Aid 01601645145,বাংলা ও ইংলিশ মিডিয়ামের অভিজ্ঞ টিউটর খুঁজছেন?Tuition Aid <PHONE>
spam,1,"কোড: upay15		
ক্লিক করুনঃ onelink.to/j7rwyf		
বিস্তারিত জানতে কল করুনঃ ১৬৪৬০		
*শর্ত প্রযোজ্য",কোড: upay15 ক্লিক করুনঃ onelink.to/j7rwyf বিস্তারিত জানতে কল করুনঃ <PHONE> *শর্ত প্রযোজ্য
spam,1,Pureit RO ক্রয়ে ৩০০০ টাকা পর্যন্ত ছাড়! এছাড়াও থাকছে না কিনেই ১৫ দিনের ফ্রি ট্রায়াল অফার! কল করুন ১৬৬২৭ এ। শর্ত প্রযোজ্য**,Pureit RO ক্রয়ে <MONEY> পর্যন্ত ছাড়! এছাড়াও থাকছে না কিনেই <NUMBER> দিনের ফ্রি ট্রায়াল অফার! কল করুন <PHONE> এ। শর্ত প্রযোজ্য**
spam,1,ফ্রি গিফট কার্ড পেতে এখনই নিবন্ধন করুন!,ফ্রি গিফট কার্ড পেতে এখনই নিবন্ধন করুন!
spam,1,মাত্র ৫০০ টাকায় পান সেরা অফারটি!,মাত্র <MONEY> য় পান সেরা অফারটি!
spam,1,আপনার মোবাইল নম্বর দিন এবং জিতে নিন আকর্ষণীয় পুরস্কার!,আপনার মোবাইল নম্বর দিন এবং জিতে নিন আকর্ষণীয় পুরস্কার!
spam,1,বিশ্বাস করতে পারেন? এক ক্লিকেই পেতে পারেন ১০ হাজার টাকা!,বিশ্বাস করতে পারেন? এক ক্লিকেই পেতে পারেন <NUMBER> হাজার টাকা!
spam,1,"অফারটি সীমিত সময়ের জন্য, মিস করবেন না!","অফারটি সীমিত সময়ের জন্য, মিস করবেন না!"
spam,1,আপনার অ্যাকাউন্ট ভেরিফাই করুন এবং ১০০০ টাকা বোনাস পান!,আপনার অ্যাকাউন্ট ভেরিফাই করুন এবং <MONEY> বোনাস পান!
spam,1,"এই সুযোগ হাতছাড়া করবেন না, এখনই ক্লিক করুন!","এই সুযোগ হাতছাড়া করবেন না, এখনই ক্লিক করুন!"
spam,1,ফ্রি রিচার্জ পেতে আমাদের সার্ভে সম্পন্ন করুন!,ফ্রি রিচার্জ পেতে আমাদের সার্ভে সম্পন্ন করুন!
spam,1,বিশেষ ছাড়! আপনার প্রথম কেনাকাটায় ৫০% ডিসকাউন্ট!,বিশেষ ছাড়! আপনার প্রথম কেনাকাটায় <NUMBER> % ডিসকাউন্ট!
spam,1,আপনার বন্ধুদের রেফার করুন এবং জিতে নিন আকর্ষণীয় উপহার!,আপনার বন্ধুদের রেফার করুন এবং জিতে নিন আকর্ষণীয় উপহার!
spam,1,আপনার লটারির পুরস্কার সংগ্রহ করতে এখানে ক্লিক করুন!,আপনার লটারির পুরস্কার সংগ্রহ করতে এখানে ক্লিক করুন!
spam,1,"ফ্রি ক্রেডিট কার্ড অফার, এখনই আবেদন করুন!","ফ্রি ক্রেডিট কার্ড অফার, এখনই আবেদন করুন!"
spam,1,নতুন অফার! মাত্র ৯৯ টাকায় পান ১ বছরের সাবস্ক্রিপশন!,নতুন অফার! মাত্র <MONEY> য় পান <NUMBER> বছরের সাবস্ক্রিপশন!
spam,1,আজই রেজিস্টার করুন এবং জিতে নিন ফ্রি ট্রিপ!,আজই রেজিস্টার করুন এবং জিতে নিন ফ্রি ট্রিপ!
spam,1,এই সুযোগ মিস করবেন না! ৭০% পর্যন্ত ছাড়!,এই সুযোগ মিস করবেন না! <NUMBER> % পর্যন্ত ছাড়!
spam,1,প্রতিদিন ১০০০ টাকা আয়ের সহজ উপায় জানুন!,প্রতিদিন <MONEY> আয়ের সহজ উপায় জানুন!
spam,1,স্মার্টফোন জিততে এখনই অংশগ্রহণ করুন!,স্মার্টফোন জিততে এখনই অংশগ্রহণ করুন!
spam,1,নতুন গেম খেলুন এবং ৫০০০ টাকা জিতুন!,নতুন গেম খেলুন এবং <MONEY> জিতুন!
spam,1,ফ্রি ডেলিভারি! আপনার পছন্দের পণ্য অর্ডার করুন!,ফ্রি ডেলিভারি! আপনার পছন্দের পণ্য অর্ডার করুন!
spam,1,আজই সাইন আপ করুন এবং ২০০০ টাকা বোনাস পান!,আজই সাইন আপ করুন এবং <MONEY> বোনাস পান!
spam,1,"নির্দিষ্ট সময়ের জন্য বিশেষ অফার, দেরি করবেন না!","নির্দিষ্ট সময়ের জন্য বিশেষ অফার, দেরি করবেন না!"
spam,1,আপনার ডেবিট কার্ড আপডেট করুন এবং নগদ পুরস্কার জিতুন!,আপনার ডেবিট কার্ড আপডেট করুন এবং নগদ পুরস্কার জিতুন!
spam,1,সীমিত সময়ের জন্য ফ্রি ট্রায়াল অফার!,সীমিত সময়ের জন্য ফ্রি ট্রায়াল অফার!
spam,1,বিশেষ ডিসকাউন্ট কুপন পেতে এখনই নিবন্ধন করুন!,বিশেষ ডিসকাউন্ট কুপন পেতে এখনই নিবন্ধন করুন!
spam,1,মাত্র ১০০ টাকায় পায়ের নিচের মাটি কাঁপান!,মাত্র <MONEY> য় পায়ের নিচের মাটি কাঁপান!
spam,1,আপনার ইমেইল যাচাই করুন এবং ১০০০ টাকা বোনাস জিতুন!,আপনার ইমেইল যাচাই করুন এবং <MONEY> বোনাস জিতুন!
spam,1,নতুন মুভি ফ্রি দেখতে ক্লিক করুন!,নতুন মুভি ফ্রি দেখতে ক্লিক করুন!
spam,1,একটি ক্লিকে ৫০০০ টাকা জিততে চান? এখনই চেষ্টা করুন!,একটি ক্লিকে <MONEY> জিততে চান? এখনই চেষ্টা করুন!
spam,1,নতুন অ্যাপ ডাউনলোড করুন এবং পয়েন্ট জিতুন!,নতুন অ্যাপ ডাউনলোড করুন এবং পয়েন্ট জিতুন!
spam,1,নিরাপত্তা আপডেট করুন এবং ৫০% ডিসকাউন্ট পান!,নিরাপত্তা আপডেট করুন এবং <NUMBER> % ডিসকাউন্ট পান!
spam,1,আজই অংশগ্রহণ করুন এবং ১০ লাখ টাকা জেতার সুযোগ পান!,আজই অংশগ্রহণ করুন এবং <NUMBER> লাখ টাকা জেতার সুযোগ পান!
spam,1,বিশেষ অফার! সীমিত সময়ের জন্য পণ্যের উপর ৮০% পর্যন্ত ছাড়!,বিশেষ অফার! সীমিত সময়ের জন্য পণ্যের উপর <NUMBER> % পর্যন্ত ছাড়!
spam,1,আপনার বন্ধুদের রেফার করুন এবং প্রতি রেফারেলে ১০০০ টাকা জিতুন!,আপনার বন্ধুদের রেফার করুন এবং প্রতি রেফারেলে <MONEY> জিতুন!
spam,1,নতুন অফার! একটি কিনুন আরেকটি ফ্রি পান!,নতুন অফার! একটি কিনুন আরেকটি ফ্রি পান!
spam,1,নতুন অ্যাকাউন্ট খুলুন এবং ইনস্ট্যান্ট ক্যাশব্যাক পান!,নতুন অ্যাকাউন্ট খুলুন এবং ইনস্ট্যান্ট ক্যাশব্যাক পান!
spam,1,এক্সক্লুসিভ অফার! মাত্র ৫০ টাকায় ১ বছরের মেম্বারশিপ!,এক্সক্লুসিভ অফার! মাত্র <MONEY> য় <NUMBER> বছরের মেম্বারশিপ!
spam,1,ফ্রি মুভি টিকেট পেতে আমাদের সার্ভে সম্পন্ন করুন!,ফ্রি মুভি টিকেট পেতে আমাদের সার্ভে সম্পন্ন করুন!
spam,1,"নতুন গ্যাজেট কেনার সেরা সময়, আজই ক্লিক করুন!","নতুন গ্যাজেট কেনার সেরা সময়, আজই ক্লিক করুন!"
spam,1,আপনার মোবাইল রিচার্জ করুন এবং ১০% ক্যাশব্যাক পান!,আপনার মোবাইল রিচার্জ করুন এবং <NUMBER> % ক্যাশব্যাক পান!
spam,1,বিশেষ ছাড়! সব পণ্যের উপর ৯০% পর্যন্ত ডিসকাউন্ট!,বিশেষ ছাড়! সব পণ্যের উপর <NUMBER> % পর্যন্ত ডিসকাউন্ট!
spam,1,আজই সদস্য হোন এবং ফ্রি ডেলিভারি সুবিধা পান!,আজই সদস্য হোন এবং ফ্রি ডেলিভারি সুবিধা পান!
spam,1,ফ্রি ট্রায়াল পেতে এখনই সাইন আপ করুন!,ফ্রি ট্রায়াল পেতে এখনই সাইন আপ করুন!
spam,1,বিশেষ ছাড়! সব বইয়ের উপর ৫০% পর্যন্ত ডিসকাউন্ট!,বিশেষ ছাড়! সব বইয়ের উপর <NUMBER> % পর্যন্ত ডিসকাউন্ট!
spam,1,আপনার ফোন নম্বর দিন এবং ইনস্ট্যান্ট ক্যাশব্যাক পান!,আপনার ফোন নম্বর দিন এবং ইনস্ট্যান্ট ক্যাশব্যাক পান!
spam,1,প্রতিদিন ১০০ টাকা জিততে চান? এখনই অংশগ্রহণ করুন!,প্রতিদিন <MONEY> জিততে চান? এখনই অংশগ্রহণ করুন!
spam,1,মোবাইল অ্যাপ ডাউনলোড করুন এবং ৫০০ টাকা বোনাস পান!,মোবাইল অ্যাপ ডাউনলোড করুন এবং <MONEY> বোনাস পান!
spam,1,"নতুন গ্রাহকদের জন্য বিশেষ অফার, আজই উপভোগ করুন!","নতুন গ্রাহকদের জন্য বিশেষ অফার, আজই উপভোগ করুন!"
spam,1,আপনার অ্যাকাউন্ট আপগ্রেড করুন এবং এক্সক্লুসিভ সুবিধা পান!,আপনার অ্যাকাউন্ট আপগ্রেড করুন এবং এক্সক্লুসিভ সুবিধা পান!
spam,1,বিশেষ ছাড়! ২৪ ঘন্টার মধ্যে অর্ডার করুন এবং ৩০% ডিসকাউন্ট পান!,বিশেষ ছাড়! <NUMBER> ঘন্টার মধ্যে অর্ডার করুন এবং <NUMBER> % ডিসকাউন্ট পান!
